SampleIndex,ProductName,Serial,Timestamp,PA Status Repair Info,Repair Info Details,IDpaSv:.3,desc,IMpaSv:.0,runMode,dpdAutoStart,shpGanAlgHwCapablility,dpd,IDpaSv:.0,powerLevel,torTemp,IMpaSv:.1,gainStateMachine,PaVddSv,txPmb,islastDelEstFracSuccess,torGainBackoff,delayEst,shpGanAlgFunctionStatus,statusBit,subId,txDpdGainDefault,shpGanAlgEnabled,torSupported,IDpaSv:.2,txTorPmb,dpTsEnable,dpdRestartCounter,dpdNomPwr,shpAutoStart,status,IMpaSv:.2,txDpdPma,delayEstimationEnable,gainAutoStart,powerClass,IDpaSv:.1,DpaVddSv,IMpaSv:.3,linearizationStateMachine,LinAlarm,rfPower,ganBoostModeState,txPma,dpGainLoopEnable,ganBoostModeEnable,autoPeakPhaseCal,txAtt,PA Status Repair Info
407,Radio 2271 B0C,CN3A184292,9/18/2025 23:16,PA abnormal,pa_issues,,ramping timeout.,115,BF,TRUE,TRUE,off,0,44.38,42.1,134,CtrlGainStateRamping=starting,43191,-1000,FALSE,0,,,NA,lin-ramping,40,TRUE,TRUE,,-63.53,TRUE,0,-950,TRUE,DPD_STATUS_OK,,-1000,FALSE,TRUE,20,2,43257,,ns=stopped,65,0,NORMAL,-1000,TRUE,FALSE,,2106,PA abnormal
408,Radio 2271 B0C,CN3A184292,9/18/2025 23:17,PA abnormal,pa_issues,,ramping timeout.,125,BF,TRUE,TRUE,off,2,47.39,42.1,136,CtrlGainStateRamping=starting,46128,-32.56,FALSE,-120,,,NA,lin-ramping,40,TRUE,TRUE,,-61.4,TRUE,0,-950,TRUE,DPD_STATUS_OK,,-1000,FALSE,TRUE,40,5,46199,,ns=stopped,65,0,NORMAL,-1000,TRUE,FALSE,,2106,PA abnormal
409,Radio 2271 B0C,CN3A184292,9/18/2025 23:17,PA abnormal,pa_issues,,ramping timeout.,124,BF,TRUE,TRUE,off,0,47.39,42.8,136,CtrlGainStateRamping=starting,46058,-26.39,FALSE,-240,,,NA,lin-ramping,40,TRUE,TRUE,,-60.7,TRUE,0,-950,TRUE,DPD_STATUS_OK,,-28.62,FALSE,TRUE,40,1,46183,,ns=stopped,65,-6.2131,NORMAL,-24.64,TRUE,FALSE,,2106,PA abnormal
188,Radio 2271 B0C,CN39840060,7/2/2025 19:44,PA abnormal,pa_issues,,ramping timeout.,0,BF,TRUE,TRUE,off,0,47.38,44.4,0,CtrlGainStateRamping=starting,46078,-27.3105,TRUE,0,,,NA,lin-ramping,40,TRUE,TRUE,,-63.124,TRUE,0,-950,TRUE,DPD_STATUS_OK,,-1000,FALSE,TRUE,40,0,46355,,ns=stopped,3,0,NORMAL,-1000,TRUE,FALSE,,2105,PA abnormal
189,Radio 2271 B0C,CN39840060,7/2/2025 19:44,PA abnormal,pa_issues,,ramping timeout.,0,BF,TRUE,TRUE,off,0,47.38,44.4,0,CtrlGainStateRamping=starting,46199,-19.8965,TRUE,-120,,,NA,lin-ramping,40,TRUE,TRUE,,-62.2421,TRUE,0,-950,TRUE,DPD_STATUS_OK,,-37.2982,FALSE,TRUE,40,0,46390,,ns=stopped,3,-6.56211,NORMAL,-35.0929,TRUE,FALSE,,2105,PA abnormal
190,Radio 2271 B0C,CN39840060,7/2/2025 19:45,PA abnormal,pa_issues,,ramping timeout.,595,BF,TRUE,TRUE,off,0,47.38,42.8,595,CtrlGainStateRamping=starting,46164,-1000,FALSE,0,,,NA,lin-ramping,40,TRUE,TRUE,,-63.8671,TRUE,0,-950,TRUE,DPD_STATUS_OK,,-1000,FALSE,TRUE,40,0,46320,,ns=stopped,3,0,NORMAL,-1000,TRUE,FALSE,,2105,PA abnormal
191,Radio 2271 B0C,CN39840060,7/2/2025 19:50,PA abnormal,pa_issues,,ramping timeout.,595,BF,TRUE,TRUE,off,0,47.38,42.1,595,CtrlGainStateRamping=starting,46023,-1000,FALSE,-120,,,NA,lin-ramping,40,TRUE,TRUE,,-62.6954,TRUE,0,-950,TRUE,DPD_STATUS_OK,,-1000,FALSE,TRUE,40,0,46406,,ns=stopped,3,0,NORMAL,-1000,TRUE,FALSE,,2105,PA abnormal
192,Radio 2271 B0C,CN39840060,7/2/2025 19:55,PA abnormal,pa_issues,,ramping timeout.,595,BF,TRUE,TRUE,off,0,47.38,42.1,595,CtrlGainStateRamping=paused,46164,-1000,FALSE,-240,,,NA,lin-ramping,40,TRUE,TRUE,,-61.498,TRUE,0,-950,TRUE,DPD_STATUS_OK,,-1000,FALSE,TRUE,40,0,46355,,ns=stopped,3,0,NORMAL,-1000,TRUE,FALSE,,2105,PA abnormal
193,Radio 2271 B0C,CN39840060,10/31/2025 8:56,PA abnormal,pa_issues,,ramping timeout.,595,BF,TRUE,TRUE,off,0,47.38,40.5,595,CtrlGainStateRamping=starting,46093,-1000,FALSE,0,,,NA,lin-ramping,40,TRUE,TRUE,,-63.9946,TRUE,0,-950,TRUE,DPD_STATUS_OK,,-1000,FALSE,TRUE,40,0,46355,,ns=stopped,3,0,NORMAL,-1000,TRUE,FALSE,,2105,PA abnormal
194,Radio 2271 B0C,CN39840060,10/31/2025 9:01,PA abnormal,pa_issues,,ramping timeout.,595,BF,TRUE,TRUE,off,0,47.38,42.1,595,CtrlGainStateRamping=starting,46078,-1000,FALSE,-120,,,NA,lin-ramping,40,TRUE,TRUE,,-62.5474,TRUE,0,-950,TRUE,DPD_STATUS_OK,,-1000,FALSE,TRUE,40,0,46339,,ns=stopped,3,0,NORMAL,-1000,TRUE,FALSE,,2105,PA abnormal
195,Radio 2271 B0C,CN39840060,10/31/2025 9:03,PA abnormal,pa_issues,,ramping timeout.,595,BF,TRUE,TRUE,off,0,47.38,41.3,595,CtrlGainStateRamping=starting,46164,-1000,FALSE,0,,,NA,lin-ramping,40,TRUE,TRUE,,-64.1732,TRUE,0,-950,TRUE,DPD_STATUS_OK,,-1000,FALSE,TRUE,40,0,46425,,ns=stopped,3,0,NORMAL,-1000,TRUE,FALSE,,2105,PA abnormal
196,Radio 2271 B0C,CN39946169,9/10/2025 13:03,PA abnormal,pa_issues,,ramping timeout.,,BF,TRUE,TRUE,off,,47.38,44.4,,CtrlGainStateRamping=starting,363,-1000,TRUE,0,,,EXT_DPD_IDLE | EXT_TDD_TX_OFF,lin-ramping,40,TRUE,TRUE,,-61.86,TRUE,0,-950,TRUE,DPD_STATUS_OK,,-1000,FALSE,TRUE,40,,66,,ns=stopped,0,0,NORMAL,-1000,TRUE,FALSE,,2107,PA abnormal
197,Radio 2271 B0C,CN39946169,9/10/2025 13:03,PA abnormal,pa_issues,,ramping timeout.,,BF,TRUE,TRUE,off,,47.38,43.6,,CtrlGainStateRamping=starting,363,-1000,TRUE,0,,,EXT_DPD_IDLE | EXT_TDD_TX_OFF,lin-ramping,40,TRUE,TRUE,,-60.88,TRUE,0,-950,TRUE,DPD_STATUS_OK,,-1000,FALSE,TRUE,40,,66,,ns=stopped,0,0,NORMAL,-1000,TRUE,FALSE,,2109,PA abnormal
198,Radio 2271 B0C,CN39946169,9/10/2025 14:31,PA abnormal,pa_issues,,supervision,,BF,TRUE,TRUE,on,,47.38,43.6,,CtrlGainStateTuned=started,45972,-26.76,TRUE,0,,,NA,lin-sv-high-freq-fault,40,TRUE,TRUE,,-26.72,TRUE,35,-950,TRUE,DPD_STATUS_OK,,-34.4,FALSE,TRUE,40,,46148,,CtrlLinStateStartLate=started,0,30.161,NORMAL,-30.19,TRUE,FALSE,,972,PA abnormal
199,Radio 2271 B0C,CN39946169,9/10/2025 14:34,PA abnormal,pa_issues,,supervision,,BF,TRUE,TRUE,on,,47.38,43.6,,CtrlGainStateTuned=started,45972,-11.95,TRUE,-20,,,NA,lin-sv-high-freq-fault,40,TRUE,TRUE,,-12.16,TRUE,8,-950,TRUE,DPD_STATUS_OK,,-13.72,TRUE,TRUE,40,,46128,,CtrlLinStateStarted=started,0,44.5224,NORMAL,-11.98,TRUE,FALSE,,1041,PA abnormal
200,Radio 2271 B0C,CN39946169,9/10/2025 14:52,PA abnormal,pa_issues,,supervision,,BF,TRUE,TRUE,on,,47.38,44.4,,CtrlGainStateTuned=started,46058,-18.18,TRUE,-40,,,NA,lin-sv-high-freq-fault,40,TRUE,TRUE,,-18.19,TRUE,27,-950,TRUE,DPD_STATUS_OK,,-22.47,FALSE,TRUE,40,,46078,,CtrlLinStateStartLate=started,0,38.2896,NORMAL,-18.29,TRUE,FALSE,,1107,PA abnormal
201,Radio 2271 B0C,CN39946169,9/10/2025 14:52,PA abnormal,pa_issues,,supervision,,BF,TRUE,TRUE,on,,47.38,44.4,,CtrlGainStateTuned=started,45972,-26.23,TRUE,-60,,,NA,lin-sv-high-freq-fault,40,TRUE,TRUE,,-26.24,TRUE,5,-950,TRUE,DPD_STATUS_OK,,-34.69,FALSE,TRUE,40,,46113,,CtrlLinStateStartLate=started,0,30.0441,NORMAL,-31.02,TRUE,FALSE,,1101,PA abnormal
202,Radio 2271 B0C,CN39946169,9/10/2025 14:53,PA abnormal,pa_issues,,supervision,,BF,TRUE,TRUE,on,,47.38,44.4,,CtrlGainStateTuned=started,46042,-18.18,TRUE,-80,,,NA,lin-sv-high-freq-fault,40,TRUE,TRUE,,-18.26,TRUE,5,-950,TRUE,DPD_STATUS_OK,,-24.14,TRUE,TRUE,40,,46093,,CtrlLinStateStarted=started,0,37.8164,NORMAL,-20.79,TRUE,FALSE,,1089,PA abnormal
203,Radio 2271 B0C,CN39946169,9/10/2025 15:43,PA abnormal,pa_issues,,supervision,,BF,TRUE,TRUE,on,,47.38,45.1,,CtrlGainStateTuned=started,45992,-11.01,TRUE,-100,,,NA,lin-sv-high-freq-fault,40,TRUE,TRUE,,-11.19,TRUE,49,-950,TRUE,DPD_STATUS_OK,,-13.83,FALSE,TRUE,40,,46113,,CtrlLinStateStartLate=started,0,44.6938,NORMAL,-11.15,TRUE,FALSE,,1062,PA abnormal
204,Radio 2271 B0C,CN39946169,9/10/2025 15:45,PA abnormal,pa_issues,,supervision,,BF,TRUE,TRUE,on,,47.38,45.1,,CtrlGainStateTuned=started,46058,-24.87,TRUE,-120,,,NA,lin-sv-high-freq-fault,40,TRUE,TRUE,,-24.86,TRUE,11,-950,TRUE,DPD_STATUS_OK,,-30.77,FALSE,TRUE,40,,46128,,CtrlLinStateStartLate=started,0,30.8195,NORMAL,-26.26,TRUE,FALSE,,1107,PA abnormal
205,Radio 2271 B0C,CN39946169,9/10/2025 15:54,PA abnormal,pa_issues,,supervision,,BF,TRUE,TRUE,on,,47.38,45.1,,CtrlGainStateTuned=started,46093,-18.85,TRUE,0,,,NA,lin-sv-high-freq-fault,40,TRUE,TRUE,,-18.86,TRUE,19,-950,TRUE,DPD_STATUS_OK,,-22.77,TRUE,TRUE,40,,46058,,CtrlLinStateStarted=started,0,38.016,NORMAL,-18.54,TRUE,FALSE,,1044,PA abnormal
206,Radio 2271 B0C,CN39946169,9/10/2025 15:55,PA abnormal,pa_issues,,supervision,,BF,TRUE,TRUE,on,,47.38,44.4,,CtrlGainStateTuned=started,45902,-15.72,TRUE,-20,,,NA,lin-sv-high-freq-fault,40,TRUE,TRUE,,-15.75,TRUE,5,-950,TRUE,DPD_STATUS_OK,,-20.33,TRUE,TRUE,40,,46042,,CtrlLinStateStarted=started,0,40.9339,NORMAL,-15.93,TRUE,FALSE,,1029,PA abnormal
207,Radio 2271 B0C,CN39946169,9/10/2025 16:05,PA abnormal,pa_issues,,supervision,,BF,TRUE,TRUE,on,,47.38,44.4,,CtrlGainStateTuned=started,46023,-26.06,TRUE,-40,,,NA,lin-sv-high-freq-fault,40,TRUE,TRUE,,-26.04,TRUE,18,-950,TRUE,DPD_STATUS_OK,,-31.91,TRUE,TRUE,40,,46113,,CtrlLinStateStarted=started,0,30.4448,NORMAL,-28.25,TRUE,FALSE,,1089,PA abnormal
208,Radio 2271 B0C,CN39946169,9/10/2025 16:13,PA abnormal,pa_issues,,supervision,,BF,TRUE,TRUE,on,,47.38,45.1,,CtrlGainStateTuned=started,46007,-11.55,TRUE,-60,,,NA,lin-sv-high-freq-fault,40,TRUE,TRUE,,-11.76,TRUE,16,-950,TRUE,DPD_STATUS_OK,,-13.66,FALSE,TRUE,40,,46093,,CtrlLinStateStartLate=started,0,44.5165,NORMAL,-11.67,TRUE,FALSE,,1026,PA abnormal
209,Radio 2271 B0C,CN39946169,9/10/2025 16:15,PA abnormal,pa_issues,,supervision,,BF,TRUE,TRUE,on,,47.38,45.1,,CtrlGainStateTuned=started,46042,-10.96,TRUE,-80,,,NA,lin-sv-high-freq-fault,40,TRUE,TRUE,,-11.11,TRUE,11,-950,TRUE,DPD_STATUS_OK,,-12.73,FALSE,TRUE,40,,46164,,CtrlLinStateStartLate=started,0,44.975,NORMAL,-10.68,TRUE,FALSE,,1053,PA abnormal
210,Radio 2271 B0C,CN39946169,9/10/2025 16:16,PA abnormal,pa_issues,,supervision,,BF,TRUE,TRUE,on,,47.38,45.1,,CtrlGainStateTuned=started,46078,-10.99,TRUE,-100,,,NA,lin-sv-high-freq-fault,40,TRUE,TRUE,,-11.14,TRUE,5,-950,TRUE,DPD_STATUS_OK,,-14.06,FALSE,TRUE,40,,46078,,CtrlLinStateStartLate=started,0,44.7361,NORMAL,-10.99,TRUE,FALSE,,1014,PA abnormal
211,Radio 2271 B0C,CN39946169,9/10/2025 16:17,PA abnormal,pa_issues,,supervision,,BF,TRUE,TRUE,on,,47.38,45.1,,CtrlGainStateTuned=started,45957,-23,TRUE,-120,,,NA,lin-sv-high-freq-fault,40,TRUE,TRUE,,-23.01,TRUE,5,-950,TRUE,DPD_STATUS_OK,,-27.21,FALSE,TRUE,40,,46128,,CtrlLinStateStartLate=started,0,32.6745,NORMAL,-23.03,TRUE,FALSE,,1161,PA abnormal
212,Radio 2271 B0C,CN39946169,9/10/2025 16:17,PA abnormal,pa_issues,,supervision,,BF,TRUE,TRUE,on,,47.38,45.9,,CtrlGainStateTuned=started,45992,-24.95,TRUE,-140,,,NA,lin-sv-high-freq-fault,40,TRUE,TRUE,,-24.84,TRUE,5,-950,TRUE,DPD_STATUS_OK,,-31.15,FALSE,TRUE,40,,46164,,CtrlLinStateStartLate=started,0,30.6361,NORMAL,-26.86,TRUE,FALSE,,1131,PA abnormal
213,Radio 2271 B0C,CN39946169,9/10/2025 16:18,PA abnormal,pa_issues,,supervision,,BF,TRUE,TRUE,on,,47.38,45.9,,CtrlGainStateTuned=started,46023,-11.4,TRUE,-160,,,NA,lin-sv-high-freq-fault,40,TRUE,TRUE,,-11.47,TRUE,5,-950,TRUE,DPD_STATUS_OK,,-15.61,FALSE,TRUE,40,,46113,,CtrlLinStateStartLate=started,0,43.8099,NORMAL,-11.64,TRUE,FALSE,,1050,PA abnormal
214,Radio 2271 B0C,CN39946169,9/10/2025 16:19,PA abnormal,pa_issues,,supervision,,BF,TRUE,TRUE,on,,47.38,45.9,,CtrlGainStateTuned=started,46078,-11.15,TRUE,-180,,,NA,lin-sv-high-freq-fault,40,TRUE,TRUE,,-11.19,TRUE,5,-950,TRUE,DPD_STATUS_OK,,-14.07,TRUE,TRUE,40,,46128,,CtrlLinStateStarted=started,0,43.8869,NORMAL,-10.93,TRUE,FALSE,,1179,PA abnormal
215,Radio 2271 B0C,CN3A015366,4/26/2025 20:18,PA abnormal,pa_issues,,ramping timeout.,291,BF,TRUE,TRUE,off,74,47.38,51.2,452,CtrlGainStateRamping=starting,45957,-19.59,TRUE,0,,,NA,lin-ramping,40,TRUE,TRUE,,-61.85,TRUE,0,-950,TRUE,DPD_STATUS_OK,,-24.68,FALSE,TRUE,40,48,46234,,ns=stopped,0,-4.97027,NORMAL,-20.67,TRUE,FALSE,,2105,PA abnormal
216,Radio 2271 B0C,CN3A015366,4/26/2025 20:18,PA abnormal,pa_issues,,ramping timeout.,,BF,TRUE,TRUE,off,,47.38,51.2,,CtrlGainStateRamping=starting,45992,-25.37,TRUE,-120,,,NA,lin-ramping,40,TRUE,TRUE,,-61.23,TRUE,0,-950,TRUE,DPD_STATUS_OK,,-26.99,FALSE,TRUE,40,,46164,,ns=stopped,0,-5.55086,NORMAL,-22.81,TRUE,FALSE,,2105,PA abnormal
217,Radio 2271 B0C,CN3A015366,4/26/2025 20:20,PA abnormal,pa_issues,,ramping timeout.,,BF,TRUE,TRUE,off,,47.38,50.5,,CtrlGainStateRamping=paused,46093,-1000,FALSE,0,,,NA,lin-ramping,40,TRUE,TRUE,,-62.7,TRUE,0,-950,TRUE,DPD_STATUS_OK,,-1000,FALSE,TRUE,40,,46234,,ns=stopped,0,0,NORMAL,-1000,TRUE,FALSE,,2105,PA abnormal
218,Radio 2271 B0C,CN3A015366,4/26/2025 20:20,PA abnormal,pa_issues,,ramping timeout.,,BF,TRUE,TRUE,off,,47.38,50.5,,CtrlGainStateRamping=starting,46007,-26.56,FALSE,-120,,,NA,lin-ramping,40,TRUE,TRUE,,-62.6,TRUE,0,-950,TRUE,DPD_STATUS_OK,,-1000,FALSE,TRUE,40,,46234,,ns=stopped,0,0,NORMAL,-1000,TRUE,FALSE,,2105,PA abnormal
219,Radio 2271 B0C,CN3A015366,4/26/2025 20:20,PA abnormal,pa_issues,,ramping timeout.,,BF,TRUE,TRUE,off,,47.38,50.5,,CtrlGainStateRamping=starting,46058,-1000,FALSE,-240,,,NA,lin-ramping,40,TRUE,TRUE,,-61.72,TRUE,0,-950,TRUE,DPD_STATUS_OK,,-1000,FALSE,TRUE,40,,46164,,ns=stopped,0,0,NORMAL,-1000,TRUE,FALSE,,2105,PA abnormal
220,Radio 2271 B0C,CN3A015366,4/27/2025 13:02,PA abnormal,pa_issues,,ramping timeout.,,BF,TRUE,TRUE,off,,47.38,48.2,,CtrlGainStateRamping=starting,46113,-23.79,FALSE,0,,,NA,lin-ramping,40,TRUE,TRUE,,-62.81,TRUE,0,-950,TRUE,DPD_STATUS_OK,,-1000,FALSE,TRUE,40,,46234,,ns=stopped,0,0,NORMAL,-1000,TRUE,FALSE,,2105,PA abnormal
221,Radio 2271 B0C,CN3A015366,4/27/2025 13:02,PA abnormal,pa_issues,,ramping timeout.,,BF,TRUE,TRUE,off,,47.38,48.2,,CtrlGainStateRamping=starting,45992,-28.49,FALSE,-120,,,NA,lin-ramping,40,TRUE,TRUE,,-62.42,TRUE,0,-950,TRUE,DPD_STATUS_OK,,-1000,FALSE,TRUE,40,,46304,,ns=stopped,0,0,NORMAL,-1000,TRUE,FALSE,,2105,PA abnormal
222,Radio 2271 B0C,CN3A015366,4/27/2025 13:04,PA abnormal,pa_issues,,ramping timeout.,,BF,TRUE,TRUE,off,,47.38,48.2,,CtrlGainStateRamping=paused,46042,-1000,FALSE,0,,,NA,lin-ramping,40,TRUE,TRUE,,-63.16,TRUE,0,-950,TRUE,DPD_STATUS_OK,,-1000,FALSE,TRUE,40,,46269,,ns=stopped,0,0,NORMAL,-1000,TRUE,FALSE,,2105,PA abnormal
223,Radio 2271 B0C,CN3A015366,4/27/2025 13:04,PA abnormal,pa_issues,,ramping timeout.,,BF,TRUE,TRUE,off,,47.38,48.2,,CtrlGainStateRamping=starting,45972,-26.33,FALSE,-120,,,NA,lin-ramping,40,TRUE,TRUE,,-62.58,TRUE,0,-950,TRUE,DPD_STATUS_OK,,-27.51,FALSE,TRUE,40,,46234,,ns=stopped,0,-6.90212,NORMAL,-23.38,TRUE,FALSE,,2105,PA abnormal
224,Radio 2271 B0C,CN3A015366,4/27/2025 13:04,PA abnormal,pa_issues,,ramping timeout.,,BF,TRUE,TRUE,off,,47.38,48.2,,CtrlGainStateRamping=starting,46078,-20.38,FALSE,-240,,,NA,lin-ramping,40,TRUE,TRUE,,-61.91,TRUE,0,-950,TRUE,DPD_STATUS_OK,,-25.86,FALSE,TRUE,40,,46304,,ns=stopped,0,-7.43422,NORMAL,-21.93,TRUE,FALSE,,2105,PA abnormal
225,Radio 2271 B0C,CN3A015366,5/2/2025 8:53,PA abnormal,pa_issues,,ramping timeout.,,BF,TRUE,TRUE,off,,47.38,39,,CtrlGainStateRamping=paused,45972,-1000,FALSE,0,,,NA,lin-ramping,40,TRUE,TRUE,,-63.59,TRUE,0,-950,TRUE,DPD_STATUS_OK,,-1000,FALSE,TRUE,40,,46339,,ns=stopped,0,0,NORMAL,-1000,TRUE,FALSE,,2105,PA abnormal
226,Radio 2271 B0C,CN3A015366,5/2/2025 8:53,PA abnormal,pa_issues,,ramping timeout.,,BF,TRUE,TRUE,off,,47.38,39,,CtrlGainStateRamping=starting,46113,-21.41,FALSE,-120,,,NA,lin-ramping,40,TRUE,TRUE,,-62.64,TRUE,0,-950,TRUE,DPD_STATUS_OK,,-24.76,FALSE,TRUE,40,,46214,,ns=stopped,0,-6.96301,NORMAL,-20.82,TRUE,FALSE,,2105,PA abnormal
227,Radio 2271 B0C,CN3A015366,5/2/2025 8:54,PA abnormal,pa_issues,,ramping timeout.,,BF,TRUE,TRUE,off,,47.38,38.2,,CtrlGainStateRamping=starting,46023,-1000,FALSE,0,,,NA,lin-ramping,40,TRUE,TRUE,,-63.77,TRUE,0,-950,TRUE,DPD_STATUS_OK,,-1000,FALSE,TRUE,40,,46250,,ns=stopped,0,0,NORMAL,-1000,TRUE,FALSE,,2105,PA abnormal
228,Radio 2271 B0C,CN3A015366,5/2/2025 8:55,PA abnormal,pa_issues,,ramping timeout.,,BF,TRUE,TRUE,off,,47.38,38.2,,CtrlGainStateRamping=paused,45992,-23.96,FALSE,-120,,,NA,lin-ramping,40,TRUE,TRUE,,-62.79,TRUE,0,-950,TRUE,DPD_STATUS_OK,,-1000,FALSE,TRUE,40,,46183,,ns=stopped,0,0,NORMAL,-1000,TRUE,FALSE,,2105,PA abnormal
229,Radio 2271 B0C,CN3A015366,5/2/2025 8:55,PA abnormal,pa_issues,,ramping timeout.,,BF,TRUE,TRUE,off,,47.38,38.2,,CtrlGainStateRamping=starting,46078,-1000,FALSE,-240,,,NA,lin-ramping,40,TRUE,TRUE,,-62.26,TRUE,0,-950,TRUE,DPD_STATUS_OK,,-1000,FALSE,TRUE,40,,46234,,ns=stopped,0,0,NORMAL,-1000,TRUE,FALSE,,2105,PA abnormal
230,Radio 2271 B0C,CN3A015366,5/2/2025 9:14,PA abnormal,pa_issues,,ramping timeout.,,BF,TRUE,TRUE,off,,47.38,36.7,,CtrlGainStateRamping=starting,45992,-22.04,FALSE,0,,,NA,lin-ramping,40,TRUE,TRUE,,-63.2,TRUE,0,-950,TRUE,DPD_STATUS_OK,,-1000,FALSE,TRUE,40,,46304,,ns=stopped,0,0,NORMAL,-1000,TRUE,FALSE,,2105,PA abnormal
231,Radio 2271 B0C,CN3A015366,5/2/2025 9:15,PA abnormal,pa_issues,,ramping timeout.,,BF,TRUE,TRUE,off,,47.38,36.7,,CtrlGainStateRamping=starting,45992,-1000,FALSE,-120,,,NA,lin-ramping,40,TRUE,TRUE,,-62.75,TRUE,0,-950,TRUE,DPD_STATUS_OK,,-1000,FALSE,TRUE,40,,46304,,ns=stopped,0,0,NORMAL,-1000,TRUE,FALSE,,2105,PA abnormal
232,Radio 2271 B0C,CN3A015366,5/2/2025 9:16,PA abnormal,pa_issues,,ramping timeout.,,BF,TRUE,TRUE,off,,47.38,37.5,,CtrlGainStateRamping=starting,46128,-1000,FALSE,0,,,NA,lin-ramping,40,TRUE,TRUE,,-63.78,TRUE,0,-950,TRUE,DPD_STATUS_OK,,-1000,FALSE,TRUE,40,,46339,,ns=stopped,0,0,NORMAL,-1000,TRUE,FALSE,,2105,PA abnormal
233,Radio 2271 B0C,CN3A015366,5/2/2025 9:16,PA abnormal,pa_issues,,ramping timeout.,,BF,TRUE,TRUE,off,,47.38,37.5,,CtrlGainStateRamping=starting,45972,-19.55,FALSE,-120,,,NA,lin-ramping,40,TRUE,TRUE,,-62.5,TRUE,0,-950,TRUE,DPD_STATUS_OK,,-22.72,FALSE,TRUE,40,,46234,,ns=stopped,0,-6.81504,NORMAL,-18.73,TRUE,FALSE,,2105,PA abnormal
234,Radio 2271 B0C,CN3A015366,5/2/2025 9:17,PA abnormal,pa_issues,,ramping timeout.,,BF,TRUE,TRUE,off,,47.38,37.5,,CtrlGainStateRamping=paused,46078,-1000,FALSE,-240,,,NA,lin-ramping,40,TRUE,TRUE,,-62.28,TRUE,0,-950,TRUE,DPD_STATUS_OK,,-1000,FALSE,TRUE,40,,46304,,ns=stopped,0,0,NORMAL,-1000,TRUE,FALSE,,2105,PA abnormal
235,Radio 2271 B0C,CN3A015366,5/2/2025 9:34,PA abnormal,pa_issues,,ramping timeout.,,BF,TRUE,TRUE,off,,47.38,39.8,,CtrlGainStateRamping=starting,46042,-1000,FALSE,0,,,NA,lin-ramping,40,TRUE,TRUE,,-63.63,TRUE,0,-950,TRUE,DPD_STATUS_OK,,-1000,FALSE,TRUE,40,,46304,,ns=stopped,0,0,NORMAL,-1000,TRUE,FALSE,,2105,PA abnormal
236,Radio 2271 B0C,CN3A015366,5/2/2025 9:34,PA abnormal,pa_issues,,ramping timeout.,,BF,TRUE,TRUE,off,,47.38,39.8,,CtrlGainStateRamping=paused,46007,-25.74,FALSE,-120,,,NA,lin-ramping,40,TRUE,TRUE,,-62.74,TRUE,0,-950,TRUE,DPD_STATUS_OK,,-26.88,FALSE,TRUE,40,,46339,,ns=stopped,0,-7.05884,NORMAL,-22.8,TRUE,FALSE,,2105,PA abnormal
237,Radio 2271 B0C,CN3A015366,5/2/2025 9:34,PA abnormal,pa_issues,,ramping timeout.,,BF,TRUE,TRUE,off,,47.38,40.5,,CtrlGainStateRamping=starting,46058,-23.3,FALSE,-240,,,NA,lin-ramping,40,TRUE,TRUE,,-61.94,TRUE,0,-950,TRUE,DPD_STATUS_OK,,-24.4,FALSE,TRUE,40,,46269,,ns=stopped,0,-7.46418,NORMAL,-20.31,TRUE,FALSE,,2105,PA abnormal
238,Radio 2271 B0C,CN3A015366,5/2/2025 9:37,PA abnormal,pa_issues,,ramping timeout.,,BF,TRUE,TRUE,off,,47.38,39.8,,CtrlGainStateRamping=starting,46093,-1000,FALSE,0,,,NA,lin-ramping,40,TRUE,TRUE,,-63.65,TRUE,0,-950,TRUE,DPD_STATUS_OK,,-1000,FALSE,TRUE,40,,46285,,ns=stopped,0,0,NORMAL,-1000,TRUE,FALSE,,2105,PA abnormal
239,Radio 2271 B0C,CN3A015366,5/2/2025 9:37,PA abnormal,pa_issues,,ramping timeout.,,BF,TRUE,TRUE,off,,47.38,39.8,,CtrlGainStateRamping=paused,46078,-24.77,FALSE,-120,,,NA,lin-ramping,40,TRUE,TRUE,,-62.72,TRUE,0,-950,TRUE,DPD_STATUS_OK,,-25.87,FALSE,TRUE,40,,46304,,ns=stopped,0,-7.0361,NORMAL,-21.81,TRUE,FALSE,,2105,PA abnormal
240,Radio 2271 B0C,CN3A015366,5/2/2025 9:39,PA abnormal,pa_issues,,ramping timeout.,,BF,TRUE,TRUE,off,,47.38,39,,CtrlGainStateRamping=paused,45992,-1000,FALSE,0,,,NA,lin-ramping,40,TRUE,TRUE,,-63.73,TRUE,0,-950,TRUE,DPD_STATUS_OK,,-1000,FALSE,TRUE,40,,46234,,ns=stopped,0,0,NORMAL,-1000,TRUE,FALSE,,2105,PA abnormal
241,Radio 2271 B0C,CN3A015366,5/2/2025 9:39,PA abnormal,pa_issues,,ramping timeout.,,BF,TRUE,TRUE,off,,47.38,39.8,,CtrlGainStateRamping=starting,46113,-27.78,FALSE,-120,,,NA,lin-ramping,40,TRUE,TRUE,,-62.85,TRUE,0,-950,TRUE,DPD_STATUS_OK,,-1000,FALSE,TRUE,40,,46339,,ns=stopped,0,0,NORMAL,-1000,TRUE,FALSE,,2105,PA abnormal
242,Radio 2271 B0C,CN3A015366,5/2/2025 9:39,PA abnormal,pa_issues,,ramping timeout.,,BF,TRUE,TRUE,off,,47.38,39.8,,CtrlGainStateRamping=starting,46078,-1000,FALSE,-240,,,NA,lin-ramping,40,TRUE,TRUE,,-62.41,TRUE,0,-950,TRUE,DPD_STATUS_OK,,-1000,FALSE,TRUE,40,,46304,,ns=stopped,0,0,NORMAL,-1000,TRUE,FALSE,,2105,PA abnormal
243,Radio 2271 B0C,CN3A015366,5/2/2025 9:48,PA abnormal,pa_issues,,ramping timeout.,,BF,TRUE,TRUE,off,,47.38,37.5,,CtrlGainStateRamping=paused,46042,-22.66,FALSE,0,,,NA,lin-ramping,40,TRUE,TRUE,,-63.03,TRUE,0,-950,TRUE,DPD_STATUS_OK,,-1000,FALSE,TRUE,40,,46339,,ns=stopped,0,0,NORMAL,-1000,TRUE,FALSE,,2105,PA abnormal
244,Radio 2271 B0C,CN3A015366,5/2/2025 9:48,PA abnormal,pa_issues,,ramping timeout.,,BF,TRUE,TRUE,off,,47.38,37.5,,CtrlGainStateRamping=starting,46058,-47.67,FALSE,-120,,,NA,lin-ramping,40,TRUE,TRUE,,-62.4,TRUE,0,-950,TRUE,DPD_STATUS_OK,,-1000,FALSE,TRUE,40,,46214,,ns=stopped,0,0,NORMAL,-1000,TRUE,FALSE,,2105,PA abnormal
245,Radio 2271 B0C,CN3A015366,5/2/2025 9:49,PA abnormal,pa_issues,,ramping timeout.,,BF,TRUE,TRUE,off,,47.38,37.5,,CtrlGainStateRamping=starting,46058,-1000,FALSE,0,,,NA,lin-ramping,40,TRUE,TRUE,,-63.57,TRUE,0,-950,TRUE,DPD_STATUS_OK,,-1000,FALSE,TRUE,40,,46234,,ns=stopped,0,0,NORMAL,-1000,TRUE,FALSE,,2105,PA abnormal
246,Radio 2271 B0C,CN3A015366,5/2/2025 9:49,PA abnormal,pa_issues,,ramping timeout.,,BF,TRUE,TRUE,off,,47.38,38.2,,CtrlGainStateRamping=starting,45972,-93.32,FALSE,-120,,,NA,lin-ramping,40,TRUE,TRUE,,-63.16,TRUE,0,-950,TRUE,DPD_STATUS_OK,,-1000,FALSE,TRUE,40,,46234,,ns=stopped,0,0,NORMAL,-1000,TRUE,FALSE,,2105,PA abnormal
247,Radio 2271 B0C,CN3A015366,5/2/2025 9:50,PA abnormal,pa_issues,,ramping timeout.,,BF,TRUE,TRUE,off,,47.38,38.2,,CtrlGainStateRamping=paused,45957,-88.55,FALSE,-240,,,NA,lin-ramping,40,TRUE,TRUE,,-62.05,TRUE,0,-950,TRUE,DPD_STATUS_OK,,-1000,FALSE,TRUE,40,,46339,,ns=stopped,0,0,NORMAL,-1000,TRUE,FALSE,,2105,PA abnormal
248,Radio 2271 B0C,CN3A015366,5/2/2025 10:14,PA abnormal,pa_issues,,ramping timeout.,,BF,TRUE,TRUE,off,,47.38,38.2,,CtrlGainStateRamping=starting,46078,-1000,FALSE,0,,,NA,lin-ramping,40,TRUE,TRUE,,-63.55,TRUE,0,-950,TRUE,DPD_STATUS_OK,,-1000,FALSE,TRUE,40,,46250,,ns=stopped,0,0,NORMAL,-1000,TRUE,FALSE,,2105,PA abnormal
249,Radio 2271 B0C,CN3A015366,5/2/2025 10:15,PA abnormal,pa_issues,,ramping timeout.,,BF,TRUE,TRUE,off,,47.38,38.2,,CtrlGainStateRamping=starting,46007,-26.99,FALSE,-120,,,NA,lin-ramping,40,TRUE,TRUE,,-62.88,TRUE,0,-950,TRUE,DPD_STATUS_OK,,-28.11,FALSE,TRUE,40,,46320,,ns=stopped,0,-7.19782,NORMAL,-24.02,TRUE,FALSE,,2105,PA abnormal
250,Radio 2271 B0C,CN3A015366,5/2/2025 10:15,PA abnormal,pa_issues,,ramping timeout.,,BF,TRUE,TRUE,off,,47.38,39,,CtrlGainStateRamping=paused,46078,-29.86,FALSE,-240,,,NA,lin-ramping,40,TRUE,TRUE,,-62.27,TRUE,0,-950,TRUE,DPD_STATUS_OK,,-31.31,FALSE,TRUE,40,,46304,,ns=stopped,0,-7.7876,NORMAL,-26.95,TRUE,FALSE,,2105,PA abnormal
251,Radio 2271 B0C,CN3A015366,5/2/2025 10:23,PA abnormal,pa_issues,,ramping timeout.,,BF,TRUE,TRUE,off,,47.38,40.5,,CtrlGainStateRamping=paused,45972,-1000,FALSE,0,,,NA,lin-ramping,40,TRUE,TRUE,,-63.53,TRUE,0,-950,TRUE,DPD_STATUS_OK,,-1000,FALSE,TRUE,40,,46269,,ns=stopped,0,0,NORMAL,-1000,TRUE,FALSE,,2105,PA abnormal
252,Radio 2271 B0C,CN3A015366,5/2/2025 10:23,PA abnormal,pa_issues,,ramping timeout.,,BF,TRUE,TRUE,off,,47.38,40.5,,CtrlGainStateRamping=starting,46078,-24.08,FALSE,-120,,,NA,lin-ramping,40,TRUE,TRUE,,-62.54,TRUE,0,-950,TRUE,DPD_STATUS_OK,,-1000,FALSE,TRUE,40,,46214,,ns=stopped,0,0,NORMAL,-1000,TRUE,FALSE,,2105,PA abnormal
253,Radio 2271 B0C,CN3A015366,5/2/2025 10:23,PA abnormal,pa_issues,,ramping timeout.,,BF,TRUE,TRUE,off,,47.38,40.5,,CtrlGainStateRamping=paused,46128,-1000,FALSE,-240,,,NA,lin-ramping,40,TRUE,TRUE,,-62.17,TRUE,0,-950,TRUE,DPD_STATUS_OK,,-1000,FALSE,TRUE,40,,46269,,ns=stopped,0,0,NORMAL,-1000,TRUE,FALSE,,2105,PA abnormal
254,Radio 2271 B0C,CN3A015366,5/2/2025 10:32,PA abnormal,pa_issues,,ramping timeout.,,BF,TRUE,TRUE,off,,47.38,41.3,,CtrlGainStateRamping=paused,46023,-1000,FALSE,0,,,NA,lin-ramping,40,TRUE,TRUE,,-63.51,TRUE,0,-950,TRUE,DPD_STATUS_OK,,-1000,FALSE,TRUE,40,,46339,,ns=stopped,0,0,NORMAL,-1000,TRUE,FALSE,,2105,PA abnormal
255,Radio 2271 B0C,CN3A015366,5/2/2025 10:32,PA abnormal,pa_issues,,ramping timeout.,,BF,TRUE,TRUE,off,,47.38,41.3,,CtrlGainStateRamping=paused,46078,-19.57,FALSE,-120,,,NA,lin-ramping,40,TRUE,TRUE,,-62.13,TRUE,0,-950,TRUE,DPD_STATUS_OK,,-24.68,FALSE,TRUE,40,,46234,,ns=stopped,0,-6.44839,NORMAL,-20.65,TRUE,FALSE,,2105,PA abnormal
256,Radio 2271 B0C,CN3A015366,5/2/2025 10:33,PA abnormal,pa_issues,,ramping timeout.,,BF,TRUE,TRUE,off,,47.38,41.3,,CtrlGainStateRamping=starting,46093,-1000,FALSE,-240,,,NA,lin-ramping,40,TRUE,TRUE,,-62.32,TRUE,0,-950,TRUE,DPD_STATUS_OK,,-1000,FALSE,TRUE,40,,46285,,ns=stopped,0,0,NORMAL,-1000,TRUE,FALSE,,2105,PA abnormal
257,Radio 2271 B0C,CN3A015366,5/2/2025 10:51,PA abnormal,pa_issues,,ramping timeout.,,BF,TRUE,TRUE,off,,47.38,41.3,,CtrlGainStateRamping=starting,46058,-1000,FALSE,0,,,NA,lin-ramping,40,TRUE,TRUE,,-63.47,TRUE,0,-950,TRUE,DPD_STATUS_OK,,-1000,FALSE,TRUE,40,,46304,,ns=stopped,0,0,NORMAL,-1000,TRUE,FALSE,,2105,PA abnormal
258,Radio 2271 B0C,CN3A015366,5/2/2025 10:51,PA abnormal,pa_issues,,ramping timeout.,,BF,TRUE,TRUE,off,,47.38,42.1,,CtrlGainStateRamping=paused,46042,-23.97,FALSE,-120,,,NA,lin-ramping,40,TRUE,TRUE,,-62.69,TRUE,0,-950,TRUE,DPD_STATUS_OK,,-1000,FALSE,TRUE,40,,46285,,ns=stopped,0,0,NORMAL,-1000,TRUE,FALSE,,2105,PA abnormal
259,Radio 2271 B0C,CN3A015366,5/2/2025 10:52,PA abnormal,pa_issues,,ramping timeout.,,BF,TRUE,TRUE,off,,47.38,41.3,,CtrlGainStateRamping=starting,46058,-1000,FALSE,0,,,NA,lin-ramping,40,TRUE,TRUE,,-63.49,TRUE,0,-950,TRUE,DPD_STATUS_OK,,-1000,FALSE,TRUE,40,,46250,,ns=stopped,0,0,NORMAL,-1000,TRUE,FALSE,,2105,PA abnormal
260,Radio 2271 B0C,CN3A015366,5/2/2025 10:53,PA abnormal,pa_issues,,ramping timeout.,,BF,TRUE,TRUE,off,,47.38,41.3,,CtrlGainStateRamping=starting,46113,-21.44,FALSE,-120,,,NA,lin-ramping,40,TRUE,TRUE,,-62.6,TRUE,0,-950,TRUE,DPD_STATUS_OK,,-23.54,FALSE,TRUE,40,,46269,,ns=stopped,0,-6.92048,NORMAL,-19.58,TRUE,FALSE,,2105,PA abnormal
261,Radio 2271 B0C,CN3A015366,5/2/2025 10:53,PA abnormal,pa_issues,,ramping timeout.,,BF,TRUE,TRUE,off,,47.38,41.3,,CtrlGainStateRamping=starting,46023,-1000,FALSE,-240,,,NA,lin-ramping,40,TRUE,TRUE,,-62.06,TRUE,0,-950,TRUE,DPD_STATUS_OK,,-1000,FALSE,TRUE,40,,46199,,ns=stopped,0,0,NORMAL,-1000,TRUE,FALSE,,2105,PA abnormal
262,Radio 2271 B0C,CN3A015366,5/2/2025 12:15,PA abnormal,pa_issues,,ramping timeout.,,BF,TRUE,TRUE,off,,43.01,45.1,,CtrlGainStateRamping=starting,41886,-1000,FALSE,0,,,NA,lin-ramping,40,TRUE,TRUE,,-63.05,TRUE,0,-950,TRUE,DPD_STATUS_OK,,-1000,FALSE,TRUE,20,,42078,,ns=stopped,0,0,NORMAL,-1000,TRUE,FALSE,,2105,PA abnormal
263,Radio 2271 B0C,CN3A015366,5/2/2025 12:15,PA abnormal,pa_issues,,ramping timeout.,,BF,TRUE,TRUE,off,,43.01,45.1,,CtrlGainStateRamping=starting,41921,-1000,FALSE,-120,,,NA,lin-ramping,40,TRUE,TRUE,,-62.31,TRUE,0,-950,TRUE,DPD_STATUS_OK,,-1000,FALSE,TRUE,20,,42128,,ns=stopped,0,0,NORMAL,-1000,TRUE,FALSE,,2105,PA abnormal
264,Radio 2271 B0C,CN3A015366,5/2/2025 12:17,PA abnormal,pa_issues,,ramping timeout.,,BF,TRUE,TRUE,off,,43.01,44.4,,CtrlGainStateRamping=paused,41953,-1000,FALSE,0,,,NA,lin-ramping,40,TRUE,TRUE,,-62.73,TRUE,0,-950,TRUE,DPD_STATUS_OK,,-1000,FALSE,TRUE,20,,42144,,ns=stopped,0,0,NORMAL,-1000,TRUE,FALSE,,2105,PA abnormal
265,Radio 2271 B0C,CN3A015366,5/2/2025 12:17,PA abnormal,pa_issues,,ramping timeout.,,BF,TRUE,TRUE,off,,43.01,44.4,,CtrlGainStateRamping=starting,41988,-22.02,FALSE,-120,,,NA,lin-ramping,40,TRUE,TRUE,,-61.95,TRUE,0,-950,TRUE,DPD_STATUS_OK,,-25.91,FALSE,TRUE,20,,42113,,ns=stopped,0,-10.6373,NORMAL,-21.94,TRUE,FALSE,,2105,PA abnormal
266,Radio 2271 B0C,CN3A015366,5/2/2025 12:17,PA abnormal,pa_issues,,ramping timeout.,,BF,TRUE,TRUE,off,,43.01,44.4,,CtrlGainStateRamping=starting,41902,-23.46,FALSE,-240,,,NA,lin-ramping,40,TRUE,TRUE,,-61.46,TRUE,0,-950,TRUE,DPD_STATUS_OK,,-82.53,FALSE,TRUE,20,,42128,,ns=stopped,0,-11.3468,NORMAL,-84.57,TRUE,FALSE,,2105,PA abnormal
267,Radio 2271 B0C,CN3A015366,5/16/2025 7:47,PA abnormal,pa_issues,,ramping timeout.,,BF,TRUE,TRUE,off,,47.38,55.1,,CtrlGainStateRamping=starting,46042,-21.42,FALSE,0,,,NA,lin-ramping,40,TRUE,TRUE,,-62.59,TRUE,0,-950,TRUE,DPD_STATUS_OK,,-25.96,FALSE,TRUE,40,,46199,,ns=stopped,0,-5.71129,NORMAL,-22.02,TRUE,FALSE,,2105,PA abnormal
268,Radio 2271 B0C,CN3A015366,5/16/2025 7:47,PA abnormal,pa_issues,,ramping timeout.,,BF,TRUE,TRUE,off,,47.38,55.1,,CtrlGainStateRamping=starting,45992,-21.41,FALSE,-120,,,NA,lin-ramping,40,TRUE,TRUE,,-62.1,TRUE,0,-950,TRUE,DPD_STATUS_OK,,-25.07,FALSE,TRUE,40,,46250,,ns=stopped,0,-6.42206,NORMAL,-21.18,TRUE,FALSE,,2105,PA abnormal
269,Radio 2271 B0C,CN3A015366,5/16/2025 7:48,PA abnormal,pa_issues,,ramping timeout.,,BF,TRUE,TRUE,off,,47.38,54.3,,CtrlGainStateRamping=starting,46078,-1000,FALSE,0,,,NA,lin-ramping,40,TRUE,TRUE,,-63.1,TRUE,0,-950,TRUE,DPD_STATUS_OK,,-1000,FALSE,TRUE,40,,46164,,ns=stopped,0,0,NORMAL,-1000,TRUE,FALSE,,2105,PA abnormal
270,Radio 2271 B0C,CN3A015366,5/16/2025 7:48,PA abnormal,pa_issues,,ramping timeout.,,BF,TRUE,TRUE,off,,47.38,54.3,,CtrlGainStateRamping=starting,45957,-22.19,FALSE,-120,,,NA,lin-ramping,40,TRUE,TRUE,,-62.35,TRUE,0,-950,TRUE,DPD_STATUS_OK,,-1000,FALSE,TRUE,40,,46164,,ns=stopped,0,0,NORMAL,-1000,TRUE,FALSE,,2105,PA abnormal
271,Radio 2271 B0C,CN3A015366,5/16/2025 7:49,PA abnormal,pa_issues,,ramping timeout.,,BF,TRUE,TRUE,off,,47.38,54.3,,CtrlGainStateRamping=starting,46128,-1000,FALSE,-240,,,NA,lin-ramping,40,TRUE,TRUE,,-61.84,TRUE,0,-950,TRUE,DPD_STATUS_OK,,-1000,FALSE,TRUE,40,,46164,,ns=stopped,0,0,NORMAL,-1000,TRUE,FALSE,,2105,PA abnormal
272,Radio 2271 B0C,CN3A015366,5/16/2025 8:13,PA abnormal,pa_issues,,ramping timeout.,,BF,TRUE,TRUE,off,,47.38,55.1,,CtrlGainStateRamping=starting,45972,-1000,FALSE,0,,,NA,lin-ramping,40,TRUE,TRUE,,-63.17,TRUE,0,-950,TRUE,DPD_STATUS_OK,,-1000,FALSE,TRUE,40,,46183,,ns=stopped,0,0,NORMAL,-1000,TRUE,FALSE,,2105,PA abnormal
273,Radio 2271 B0C,CN3A015366,5/16/2025 8:13,PA abnormal,pa_issues,,ramping timeout.,,BF,TRUE,TRUE,off,,47.38,55.1,,CtrlGainStateRamping=starting,46007,-22.66,FALSE,-120,,,NA,lin-ramping,40,TRUE,TRUE,,-62.47,TRUE,0,-950,TRUE,DPD_STATUS_OK,,-23.74,FALSE,TRUE,40,,46183,,ns=stopped,0,-6.79354,NORMAL,-19.67,TRUE,FALSE,,2105,PA abnormal
274,Radio 2271 B0C,CN3A015366,5/16/2025 8:15,PA abnormal,pa_issues,,ramping timeout.,,BF,TRUE,TRUE,off,,47.38,54.3,,CtrlGainStateRamping=starting,46058,-1000,FALSE,0,,,NA,lin-ramping,40,TRUE,TRUE,,-63.1,TRUE,0,-950,TRUE,DPD_STATUS_OK,,-1000,FALSE,TRUE,40,,46183,,ns=stopped,0,0,NORMAL,-1000,TRUE,FALSE,,2105,PA abnormal
275,Radio 2271 B0C,CN3A015366,5/16/2025 8:15,PA abnormal,pa_issues,,ramping timeout.,,BF,TRUE,TRUE,off,,47.38,54.3,,CtrlGainStateRamping=starting,45957,-22,FALSE,-120,,,NA,lin-ramping,40,TRUE,TRUE,,-62.35,TRUE,0,-950,TRUE,DPD_STATUS_OK,,-1000,FALSE,TRUE,40,,46214,,ns=stopped,0,0,NORMAL,-1000,TRUE,FALSE,,2105,PA abnormal
276,Radio 2271 B0C,CN3A015366,5/16/2025 8:15,PA abnormal,pa_issues,,ramping timeout.,,BF,TRUE,TRUE,off,,47.38,54.3,,CtrlGainStateRamping=starting,46093,-1000,FALSE,-240,,,NA,lin-ramping,40,TRUE,TRUE,,-61.84,TRUE,0,-950,TRUE,DPD_STATUS_OK,,-1000,FALSE,TRUE,40,,46199,,ns=stopped,0,0,NORMAL,-1000,TRUE,FALSE,,2105,PA abnormal
277,Radio 2271 B0C,CN3A015366,5/16/2025 10:13,PA abnormal,pa_issues,,ramping timeout.,,BF,TRUE,TRUE,off,,47.38,52,,CtrlGainStateRamping=paused,46023,-1000,FALSE,0,,,NA,lin-ramping,40,TRUE,TRUE,,-63.34,TRUE,0,-950,TRUE,DPD_STATUS_OK,,-1000,FALSE,TRUE,40,,46214,,ns=stopped,0,0,NORMAL,-1000,TRUE,FALSE,,2105,PA abnormal
278,Radio 2271 B0C,CN3A015366,5/16/2025 10:13,PA abnormal,pa_issues,,ramping timeout.,,BF,TRUE,TRUE,off,,47.38,52,,CtrlGainStateRamping=paused,46058,-24.99,FALSE,-120,,,NA,lin-ramping,40,TRUE,TRUE,,-62.55,TRUE,0,-950,TRUE,DPD_STATUS_OK,,-1000,FALSE,TRUE,40,,46269,,ns=stopped,0,0,NORMAL,-1000,TRUE,FALSE,,2105,PA abnormal
279,Radio 2271 B0C,CN3A015366,5/16/2025 10:15,PA abnormal,pa_issues,,ramping timeout.,,BF,TRUE,TRUE,off,,47.38,51.2,,CtrlGainStateRamping=starting,45972,-1000,FALSE,0,,,NA,lin-ramping,40,TRUE,TRUE,,-63.41,TRUE,0,-950,TRUE,DPD_STATUS_OK,,-1000,FALSE,TRUE,40,,46183,,ns=stopped,0,0,NORMAL,-1000,TRUE,FALSE,,2105,PA abnormal
280,Radio 2271 B0C,CN3A015366,5/16/2025 10:15,PA abnormal,pa_issues,,ramping timeout.,,BF,TRUE,TRUE,off,,47.38,51.2,,CtrlGainStateRamping=starting,46058,-22.14,FALSE,-120,,,NA,lin-ramping,40,TRUE,TRUE,,-62.67,TRUE,0,-950,TRUE,DPD_STATUS_OK,,-23.22,FALSE,TRUE,40,,46285,,ns=stopped,0,-6.99285,NORMAL,-19.16,TRUE,FALSE,,2105,PA abnormal
281,Radio 2271 B0C,CN3A015366,5/16/2025 10:15,PA abnormal,pa_issues,,ramping timeout.,,BF,TRUE,TRUE,off,,47.38,51.2,,CtrlGainStateRamping=starting,46007,-1000,FALSE,-240,,,NA,lin-ramping,40,TRUE,TRUE,,-61.96,TRUE,0,-950,TRUE,DPD_STATUS_OK,,-1000,FALSE,TRUE,40,,46199,,ns=stopped,0,0,NORMAL,-1000,TRUE,FALSE,,2105,PA abnormal
282,Radio 2271 B0C,CN3A015366,5/17/2025 10:21,PA abnormal,pa_issues,,ramping timeout.,,BF,TRUE,TRUE,off,,47.38,42.8,,CtrlGainStateRamping=starting,46078,-23.22,FALSE,0,,,NA,lin-ramping,40,TRUE,TRUE,,-62.85,TRUE,0,-950,TRUE,DPD_STATUS_OK,,-1000,FALSE,TRUE,40,,46269,,ns=stopped,0,0,NORMAL,-1000,TRUE,FALSE,,2105,PA abnormal
283,Radio 2271 B0C,CN3A015366,5/17/2025 10:21,PA abnormal,pa_issues,,ramping timeout.,,BF,TRUE,TRUE,off,,47.38,42.8,,CtrlGainStateRamping=starting,46058,-24.6,FALSE,-120,,,NA,lin-ramping,40,TRUE,TRUE,,-62.52,TRUE,0,-950,TRUE,DPD_STATUS_OK,,-1000,FALSE,TRUE,40,,46183,,ns=stopped,0,0,NORMAL,-1000,TRUE,FALSE,,2105,PA abnormal
284,Radio 2271 B0C,CN3A015366,5/17/2025 10:23,PA abnormal,pa_issues,,ramping timeout.,,BF,TRUE,TRUE,off,,47.38,42.8,,CtrlGainStateRamping=starting,46093,-1000,FALSE,0,,,NA,lin-ramping,40,TRUE,TRUE,,-63.45,TRUE,0,-950,TRUE,DPD_STATUS_OK,,-1000,FALSE,TRUE,40,,46285,,ns=stopped,0,0,NORMAL,-1000,TRUE,FALSE,,2105,PA abnormal
285,Radio 2271 B0C,CN3A015366,5/17/2025 10:23,PA abnormal,pa_issues,,ramping timeout.,,BF,TRUE,TRUE,off,,47.38,42.8,,CtrlGainStateRamping=starting,46042,-21.6,FALSE,-120,,,NA,lin-ramping,40,TRUE,TRUE,,-62.55,TRUE,0,-950,TRUE,DPD_STATUS_OK,,-35.9,FALSE,TRUE,40,,46269,,ns=stopped,0,-6.86744,NORMAL,-33.26,TRUE,FALSE,,2105,PA abnormal
286,Radio 2271 B0C,CN3A015366,5/17/2025 10:23,PA abnormal,pa_issues,,ramping timeout.,,BF,TRUE,TRUE,off,,47.38,42.8,,CtrlGainStateRamping=paused,46023,-21.39,FALSE,-240,,,NA,lin-ramping,40,TRUE,TRUE,,-61.75,TRUE,0,-950,TRUE,DPD_STATUS_OK,,-24.8,FALSE,TRUE,40,,46269,,ns=stopped,0,-7.26624,NORMAL,-20.87,TRUE,FALSE,,2105,PA abnormal
287,Radio 2271 B0C,CN3A015366,6/22/2025 9:42,PA abnormal,pa_issues,,ramping timeout.,,BF,TRUE,TRUE,off,,47.38,39.8,,CtrlGainStateRamping=starting,45992,-21.39,FALSE,0,,,NA,lin-ramping,40,TRUE,TRUE,,-62.25,TRUE,0,-950,TRUE,DPD_STATUS_OK,,-24.05,FALSE,TRUE,40,,46285,,ns=stopped,0,-5.37399,NORMAL,-20.09,TRUE,FALSE,,2105,PA abnormal
288,Radio 2271 B0C,CN3A015366,6/22/2025 9:43,PA abnormal,pa_issues,,ramping timeout.,,BF,TRUE,TRUE,off,,47.38,39.8,,CtrlGainStateRamping=starting,46042,-76.84,FALSE,-120,,,NA,lin-ramping,40,TRUE,TRUE,,-62.19,TRUE,0,-950,TRUE,DPD_STATUS_OK,,-1000,FALSE,TRUE,40,,46285,,ns=stopped,0,0,NORMAL,-1000,TRUE,FALSE,,2105,PA abnormal
289,Radio 2271 B0C,CN3A015366,6/22/2025 9:44,PA abnormal,pa_issues,,ramping timeout.,,BF,TRUE,TRUE,off,,47.38,39.8,,CtrlGainStateRamping=starting,39050,-1000,FALSE,0,,,NA,lin-ramping,40,TRUE,TRUE,,-63.65,TRUE,0,-950,TRUE,DPD_STATUS_OK,,-1000,FALSE,TRUE,40,,39257,,ns=stopped,0,0,NORMAL,-1000,TRUE,FALSE,,2105,PA abnormal
290,Radio 2271 B0C,CN3A015366,6/22/2025 9:44,PA abnormal,pa_issues,,ramping timeout.,,BF,TRUE,TRUE,off,,47.38,40.5,,CtrlGainStateRamping=paused,45937,-24.67,FALSE,-120,,,NA,lin-ramping,40,TRUE,TRUE,,-62.64,TRUE,0,-950,TRUE,DPD_STATUS_OK,,-1000,FALSE,TRUE,40,,46214,,ns=stopped,0,0,NORMAL,-1000,TRUE,FALSE,,2105,PA abnormal
291,Radio 2271 B0C,CN3A015366,6/22/2025 9:45,PA abnormal,pa_issues,,ramping timeout.,,BF,TRUE,TRUE,off,,47.38,41.3,,CtrlGainStateRamping=paused,46007,-25.02,FALSE,-240,,,NA,lin-ramping,40,TRUE,TRUE,,-62,TRUE,0,-950,TRUE,DPD_STATUS_OK,,-1000,FALSE,TRUE,40,,46199,,ns=stopped,0,0,NORMAL,-1000,TRUE,FALSE,,2105,PA abnormal
292,Radio 2271 B0C,CN3A015366,6/22/2025 10:37,PA abnormal,pa_issues,,ramping timeout.,,BF,TRUE,TRUE,off,,47.38,39.8,,CtrlGainStateRamping=starting,46042,-21.44,FALSE,0,,,NA,lin-ramping,40,TRUE,TRUE,,-62.33,TRUE,0,-950,TRUE,DPD_STATUS_OK,,-25.31,FALSE,TRUE,40,,46285,,ns=stopped,0,-5.45286,NORMAL,-21.37,TRUE,FALSE,,2105,PA abnormal
293,Radio 2271 B0C,CN3A015366,6/22/2025 10:37,PA abnormal,pa_issues,,ramping timeout.,,BF,TRUE,TRUE,off,,47.38,39.8,,CtrlGainStateRamping=paused,45957,-20.93,FALSE,-120,,,NA,lin-ramping,40,TRUE,TRUE,,-61.81,TRUE,0,-950,TRUE,DPD_STATUS_OK,,-35.73,FALSE,TRUE,40,,46183,,ns=stopped,0,-6.12867,NORMAL,-32.2,TRUE,FALSE,,2105,PA abnormal
294,Radio 2271 B0C,CN3A015366,6/22/2025 10:38,PA abnormal,pa_issues,,ramping timeout.,,BF,TRUE,TRUE,off,,47.38,39.8,,CtrlGainStateRamping=paused,46007,-1000,FALSE,0,,,NA,lin-ramping,40,TRUE,TRUE,,-63.7,TRUE,0,-950,TRUE,DPD_STATUS_OK,,-1000,FALSE,TRUE,40,,46234,,ns=stopped,0,0,NORMAL,-1000,TRUE,FALSE,,2105,PA abnormal
295,Radio 2271 B0C,CN3A015366,6/22/2025 10:39,PA abnormal,pa_issues,,ramping timeout.,,BF,TRUE,TRUE,off,,47.38,40.5,,CtrlGainStateRamping=starting,45957,-39.42,FALSE,-120,,,NA,lin-ramping,40,TRUE,TRUE,,-62.79,TRUE,0,-950,TRUE,DPD_STATUS_OK,,-1000,FALSE,TRUE,40,,46234,,ns=stopped,0,0,NORMAL,-1000,TRUE,FALSE,,2105,PA abnormal
296,Radio 2271 B0C,CN3A015366,6/22/2025 10:39,PA abnormal,pa_issues,,ramping timeout.,,BF,TRUE,TRUE,off,,47.38,40.5,,CtrlGainStateRamping=starting,46007,-26.16,FALSE,-240,,,NA,lin-ramping,40,TRUE,TRUE,,-62.09,TRUE,0,-950,TRUE,DPD_STATUS_OK,,-27.34,FALSE,TRUE,40,,46214,,ns=stopped,0,-7.60732,NORMAL,-23.18,TRUE,FALSE,,2105,PA abnormal
297,Radio 2271 B0C,CN3A015366,6/22/2025 11:03,PA abnormal,pa_issues,,ramping timeout.,,BF,TRUE,TRUE,off,,47.38,40.5,,CtrlGainStateRamping=paused,45992,-22.27,FALSE,0,,,NA,lin-ramping,40,TRUE,TRUE,,-62.38,TRUE,0,-950,TRUE,DPD_STATUS_OK,,-1000,FALSE,TRUE,40,,46214,,ns=stopped,0,0,NORMAL,-1000,TRUE,FALSE,,2105,PA abnormal
298,Radio 2271 B0C,CN3A015366,6/22/2025 11:03,PA abnormal,pa_issues,,ramping timeout.,,BF,TRUE,TRUE,off,,47.38,41.3,,CtrlGainStateRamping=starting,46007,-1000,FALSE,-120,,,NA,lin-ramping,40,TRUE,TRUE,,-62.14,TRUE,0,-950,TRUE,DPD_STATUS_OK,,-1000,FALSE,TRUE,40,,46199,,ns=stopped,0,0,NORMAL,-1000,TRUE,FALSE,,2105,PA abnormal
299,Radio 2271 B0C,CN3A015366,6/22/2025 11:04,PA abnormal,pa_issues,,ramping timeout.,,BF,TRUE,TRUE,off,,47.38,41.3,,CtrlGainStateRamping=starting,46007,-1000,FALSE,0,,,NA,lin-ramping,40,TRUE,TRUE,,-63.39,TRUE,0,-950,TRUE,DPD_STATUS_OK,,-1000,FALSE,TRUE,40,,46250,,ns=stopped,0,0,NORMAL,-1000,TRUE,FALSE,,2105,PA abnormal
300,Radio 2271 B0C,CN3A015366,6/22/2025 11:05,PA abnormal,pa_issues,,ramping timeout.,,BF,TRUE,TRUE,off,,47.38,41.3,,CtrlGainStateRamping=starting,45957,-1000,FALSE,-120,,,NA,lin-ramping,40,TRUE,TRUE,,-62.9,TRUE,0,-950,TRUE,DPD_STATUS_OK,,-1000,FALSE,TRUE,40,,46183,,ns=stopped,0,0,NORMAL,-1000,TRUE,FALSE,,2105,PA abnormal
301,Radio 2271 B0C,CN3A015366,6/22/2025 11:05,PA abnormal,pa_issues,,ramping timeout.,,BF,TRUE,TRUE,off,,47.38,42.1,,CtrlGainStateRamping=paused,46023,-22.5,FALSE,-240,,,NA,lin-ramping,40,TRUE,TRUE,,-62.04,TRUE,0,-950,TRUE,DPD_STATUS_OK,,-1000,FALSE,TRUE,40,,46234,,ns=stopped,0,0,NORMAL,-1000,TRUE,FALSE,,2105,PA abnormal
302,Radio 2271 B0C,CN3A015366,6/22/2025 12:38,PA abnormal,pa_issues,,ramping timeout.,,BF,TRUE,TRUE,off,,47.38,39,,CtrlGainStateRamping=starting,45957,-23.54,FALSE,0,,,NA,lin-ramping,40,TRUE,TRUE,,-62.66,TRUE,0,-950,TRUE,DPD_STATUS_OK,,-1000,FALSE,TRUE,40,,46285,,ns=stopped,0,0,NORMAL,-1000,TRUE,FALSE,,2105,PA abnormal
303,Radio 2271 B0C,CN3A015366,6/22/2025 12:38,PA abnormal,pa_issues,,ramping timeout.,,BF,TRUE,TRUE,off,,47.38,39,,CtrlGainStateRamping=starting,45957,-20.74,FALSE,-120,,,NA,lin-ramping,40,TRUE,TRUE,,-61.82,TRUE,0,-950,TRUE,DPD_STATUS_OK,,-24.77,FALSE,TRUE,40,,46214,,ns=stopped,0,-6.14095,NORMAL,-20.83,TRUE,FALSE,,2105,PA abnormal
304,Radio 2271 B0C,CN3A015366,6/22/2025 12:48,PA abnormal,pa_issues,,ramping timeout.,,BF,TRUE,TRUE,off,,47.38,39.8,,CtrlGainStateRamping=starting,46007,-29.56,FALSE,0,,,NA,lin-ramping,40,TRUE,TRUE,,-62.48,TRUE,0,-950,TRUE,DPD_STATUS_OK,,-1000,FALSE,TRUE,40,,46214,,ns=stopped,0,0,NORMAL,-1000,TRUE,FALSE,,2105,PA abnormal
305,Radio 2271 B0C,CN3A015366,6/22/2025 12:48,PA abnormal,pa_issues,,ramping timeout.,,BF,TRUE,TRUE,off,,47.38,40.5,,CtrlGainStateRamping=starting,45957,-21.45,FALSE,-120,,,NA,lin-ramping,40,TRUE,TRUE,,-61.69,TRUE,0,-950,TRUE,DPD_STATUS_OK,,-22.72,FALSE,TRUE,40,,46183,,ns=stopped,0,-6.00768,NORMAL,-18.73,TRUE,FALSE,,2105,PA abnormal
306,Radio 2271 B0C,CN3A015366,6/22/2025 12:49,PA abnormal,pa_issues,,ramping timeout.,,BF,TRUE,TRUE,off,,47.38,39.8,,CtrlGainStateRamping=starting,45937,-1000,FALSE,0,,,NA,lin-ramping,40,TRUE,TRUE,,-63.69,TRUE,0,-950,TRUE,DPD_STATUS_OK,,-1000,FALSE,TRUE,40,,46269,,ns=stopped,0,0,NORMAL,-1000,TRUE,FALSE,,2105,PA abnormal
307,Radio 2271 B0C,CN3A015366,6/22/2025 12:49,PA abnormal,pa_issues,,ramping timeout.,,BF,TRUE,TRUE,off,,47.38,40.5,,CtrlGainStateRamping=paused,45957,-1000,FALSE,-120,,,NA,lin-ramping,40,TRUE,TRUE,,-62.85,TRUE,0,-950,TRUE,DPD_STATUS_OK,,-1000,FALSE,TRUE,40,,46250,,ns=stopped,0,0,NORMAL,-1000,TRUE,FALSE,,2105,PA abnormal
308,Radio 2271 B0C,CN3A015366,6/22/2025 12:50,PA abnormal,pa_issues,,ramping timeout.,,BF,TRUE,TRUE,off,,47.38,40.5,,CtrlGainStateRamping=starting,45957,-21.45,FALSE,-240,,,NA,lin-ramping,40,TRUE,TRUE,,-61.79,TRUE,0,-950,TRUE,DPD_STATUS_OK,,-23.1,FALSE,TRUE,40,,46250,,ns=stopped,0,-7.31336,NORMAL,-19.15,TRUE,FALSE,,2105,PA abnormal
309,Radio 2271 B0C,CN3A015366,6/22/2025 13:04,PA abnormal,pa_issues,,ramping timeout.,,BF,TRUE,TRUE,off,,47.38,39.8,,CtrlGainStateRamping=starting,45992,-21.77,FALSE,0,,,NA,lin-ramping,40,TRUE,TRUE,,-62.25,TRUE,0,-950,TRUE,DPD_STATUS_OK,,-22.83,FALSE,TRUE,40,,46234,,ns=stopped,0,-5.3655,NORMAL,-18.79,TRUE,FALSE,,2105,PA abnormal
310,Radio 2271 B0C,CN3A015366,6/22/2025 13:05,PA abnormal,pa_issues,,ramping timeout.,,BF,TRUE,TRUE,off,,47.38,40.5,,CtrlGainStateRamping=starting,46058,-27.48,FALSE,-120,,,NA,lin-ramping,40,TRUE,TRUE,,-62.36,TRUE,0,-950,TRUE,DPD_STATUS_OK,,-28.78,FALSE,TRUE,40,,46234,,ns=stopped,0,-6.67541,NORMAL,-24.55,TRUE,FALSE,,2105,PA abnormal
311,Radio 2271 B0C,CN3A015366,6/22/2025 13:06,PA abnormal,pa_issues,,ramping timeout.,,BF,TRUE,TRUE,off,,47.38,39.8,,CtrlGainStateRamping=starting,45992,-1000,FALSE,0,,,NA,lin-ramping,40,TRUE,TRUE,,-63.9,TRUE,0,-950,TRUE,DPD_STATUS_OK,,-1000,FALSE,TRUE,40,,46250,,ns=stopped,0,0,NORMAL,-1000,TRUE,FALSE,,2105,PA abnormal
312,Radio 2271 B0C,CN3A015366,6/22/2025 13:06,PA abnormal,pa_issues,,ramping timeout.,,BF,TRUE,TRUE,off,,47.38,40.5,,CtrlGainStateRamping=starting,46023,-21.88,FALSE,-120,,,NA,lin-ramping,40,TRUE,TRUE,,-62.5,TRUE,0,-950,TRUE,DPD_STATUS_OK,,-22.92,FALSE,TRUE,40,,46285,,ns=stopped,0,-6.81504,NORMAL,-18.89,TRUE,FALSE,,2105,PA abnormal
313,Radio 2271 B0C,CN3A015366,6/22/2025 13:07,PA abnormal,pa_issues,,ramping timeout.,,BF,TRUE,TRUE,off,,47.38,40.5,,CtrlGainStateRamping=starting,45957,-21.94,FALSE,-240,,,NA,lin-ramping,40,TRUE,TRUE,,-61.74,TRUE,0,-950,TRUE,DPD_STATUS_OK,,-23.02,FALSE,TRUE,40,,46304,,ns=stopped,0,-7.26322,NORMAL,-18.94,TRUE,FALSE,,2105,PA abnormal
314,Radio 2271 B0C,CN3A015366,6/28/2025 8:04,PA abnormal,pa_issues,,ramping timeout.,,BF,TRUE,TRUE,off,,47.38,45.1,,CtrlGainStateRamping=starting,46078,-1000,FALSE,0,,,NA,lin-ramping,40,TRUE,TRUE,,-63.38,TRUE,0,-950,TRUE,DPD_STATUS_OK,,-1000,FALSE,TRUE,40,,46234,,ns=stopped,0,0,NORMAL,-1000,TRUE,FALSE,,2105,PA abnormal
315,Radio 2271 B0C,CN3A015366,6/28/2025 8:04,PA abnormal,pa_issues,,ramping timeout.,,BF,TRUE,TRUE,off,,47.38,45.1,,CtrlGainStateRamping=starting,46093,-20.74,FALSE,-120,,,NA,lin-ramping,40,TRUE,TRUE,,-62.27,TRUE,0,-950,TRUE,DPD_STATUS_OK,,-31.86,FALSE,TRUE,40,,46304,,ns=stopped,0,-6.59272,NORMAL,-28.02,TRUE,FALSE,,2105,PA abnormal
316,Radio 2271 B0C,CN3A015366,6/28/2025 8:06,PA abnormal,pa_issues,,ramping timeout.,,BF,TRUE,TRUE,off,,47.38,44.4,,CtrlGainStateRamping=starting,45992,-1000,FALSE,0,,,NA,lin-ramping,40,TRUE,TRUE,,-63.42,TRUE,0,-950,TRUE,DPD_STATUS_OK,,-1000,FALSE,TRUE,40,,46234,,ns=stopped,0,0,NORMAL,-1000,TRUE,FALSE,,2105,PA abnormal
317,Radio 2271 B0C,CN3A015366,6/28/2025 8:06,PA abnormal,pa_issues,,ramping timeout.,,BF,TRUE,TRUE,off,,47.38,44.4,,CtrlGainStateRamping=starting,45937,-21.45,FALSE,-120,,,NA,lin-ramping,40,TRUE,TRUE,,-62.34,TRUE,0,-950,TRUE,DPD_STATUS_OK,,-26.5,FALSE,TRUE,40,,46250,,ns=stopped,0,-6.66499,NORMAL,-22.55,TRUE,FALSE,,2105,PA abnormal
318,Radio 2271 B0C,CN3A015366,6/28/2025 8:06,PA abnormal,pa_issues,,ramping timeout.,,BF,TRUE,TRUE,off,,47.38,44.4,,CtrlGainStateRamping=starting,45992,-20.76,FALSE,-240,,,NA,lin-ramping,40,TRUE,TRUE,,-61.63,TRUE,0,-950,TRUE,DPD_STATUS_OK,,-32.55,FALSE,TRUE,40,,46320,,ns=stopped,0,-7.14991,NORMAL,-28.98,TRUE,FALSE,,2105,PA abnormal
469,Radio 2271 B0C,CN3A184292,10/3/2025 3:26,PA abnormal,pa_issues,,ramping timeout.,125,BF,TRUE,TRUE,off,1,49.03,39.8,146,CtrlGainStateRamping=paused,47902,-29.63,FALSE,-240,,,NA,lin-ramping,40,TRUE,TRUE,,-61.56,TRUE,0,-950,TRUE,DPD_STATUS_OK,,-30.67,FALSE,TRUE,80,2,48093,,ns=stopped,65,-5.42694,NORMAL,-26.65,TRUE,FALSE,,2106,PA abnormal
470,Radio 2271 B0C,CN3A184292,10/4/2025 4:53,PA abnormal,pa_issues,,ramping timeout.,120,BF,TRUE,TRUE,off,2,44.38,44.4,136,CtrlGainStateRamping=starting,43191,-1000,FALSE,0,,,NA,lin-ramping,40,TRUE,TRUE,,-63.68,TRUE,0,-950,TRUE,DPD_STATUS_OK,,-1000,FALSE,TRUE,20,4,43226,,ns=stopped,65,0,NORMAL,-1000,TRUE,FALSE,,2106,PA abnormal
319,Radio 2271 B0C,CN3A029786,9/6/2025 16:48,PA abnormal,pa_issues,,ramping timeout.,50,BF,TRUE,TRUE,off,39,48.35,40.7,128,CtrlGainStateRamping=starting,47120.5,-1000,TRUE,0,,,EXT_DPD_IDLE | EXT_TDD_TX_OFF,lin-ramping,40,TRUE,TRUE,,-61.24,TRUE,0,-950,TRUE,DPD_STATUS_OK,,-1000,FALSE,TRUE,80,50,47337.5,,ns=stopped,2,0,NORMAL,-1000,TRUE,FALSE,,2109,PA abnormal
471,Radio 2271 B0C,CN3A184292,10/4/2025 4:54,PA abnormal,pa_issues,,ramping timeout.,134,BF,TRUE,TRUE,off,1,49.03,44.4,136,CtrlGainStateRamping=starting,47902,-28.11,FALSE,-120,,,NA,lin-ramping,40,TRUE,TRUE,,-62.26,TRUE,0,-950,TRUE,DPD_STATUS_OK,,-36.04,FALSE,TRUE,80,0,48078,,ns=stopped,65,-4.93249,NORMAL,-32.4,TRUE,FALSE,,2106,PA abnormal
320,Radio 2271 B0C,CN3A029786,9/6/2025 16:48,PA abnormal,pa_issues,,ramping timeout.,50,BF,TRUE,TRUE,off,39,48.35,40.7,128,CtrlGainStateRamping=starting,47105,-1000,TRUE,0,,,EXT_DPD_IDLE | EXT_TDD_TX_OFF,lin-ramping,40,TRUE,TRUE,,-61.33,TRUE,0,-950,TRUE,DPD_STATUS_OK,,-1000,FALSE,TRUE,80,50,47328,,ns=stopped,2,0,NORMAL,-1000,TRUE,FALSE,,2110,PA abnormal
321,Radio 2271 B0C,CN3A029786,9/6/2025 16:49,PA abnormal,pa_issues,,supervision,133,BF,TRUE,TRUE,on,81,48.35,41,22,CtrlGainStateTuned=started,47070,-12.18,TRUE,-120,,,NA,lin-sv-high-freq-fault,40,TRUE,TRUE,,-12.38,TRUE,5,-950,TRUE,DPD_STATUS_OK,,-14.37,TRUE,TRUE,80,50,47277,,CtrlLinStateStarted=started,2,44.2723,NORMAL,-11.96,TRUE,FALSE,,1171,PA abnormal
322,Radio 2271 B0C,CN3A029786,9/6/2025 16:51,PA abnormal,pa_issues,,supervision,132,BF,TRUE,TRUE,on,82,48.35,40,18,CtrlGainStateTuned=started,47050,-18.74,TRUE,0,,,NA,lin-sv-high-freq-fault,40,TRUE,TRUE,,-18.75,TRUE,5,-950,TRUE,DPD_STATUS_OK,,-22.96,FALSE,TRUE,80,50,47296,,CtrlLinStateStartLate=started,2,39.0969,NORMAL,-18.26,TRUE,FALSE,,1084,PA abnormal
323,Radio 2271 B0C,CN3A029786,9/6/2025 16:52,PA abnormal,pa_issues,,supervision,126,BF,TRUE,TRUE,on,81,48.35,40.2,17,CtrlGainStateTuned=started,47171,-12.31,TRUE,-20,,,NA,lin-sv-high-freq-fault,40,TRUE,TRUE,,-12.59,TRUE,5,-950,TRUE,DPD_STATUS_OK,,-13.92,FALSE,TRUE,80,49,47382,,CtrlLinStateStartLate=started,2,45.0645,NORMAL,-12.32,TRUE,FALSE,,1087,PA abnormal
472,Radio 2271 B0C,CN3A184292,10/4/2025 4:55,PA abnormal,pa_issues,,ramping timeout.,125,BF,TRUE,TRUE,off,10,44.38,42.8,136,CtrlGainStateRamping=paused,43015,-1000,FALSE,0,,,NA,lin-ramping,40,TRUE,TRUE,,-63.91,TRUE,0,-950,TRUE,DPD_STATUS_OK,,-1000,FALSE,TRUE,20,4,43226,,ns=stopped,65,0,NORMAL,-1000,TRUE,FALSE,,2106,PA abnormal
324,Radio 2271 B0C,CN3A029786,9/6/2025 16:53,PA abnormal,pa_issues,,supervision,129,BF,TRUE,TRUE,on,81,48.35,40.5,16,CtrlGainStateTuned=started,47156,-12.87,TRUE,-40,,,NA,lin-sv-high-freq-fault,40,TRUE,TRUE,,-13.1,TRUE,11,-950,TRUE,DPD_STATUS_OK,,-14.57,FALSE,TRUE,80,49,47328,,CtrlLinStateStartLate=started,2,44.3528,NORMAL,-12.61,TRUE,FALSE,,1084,PA abnormal
325,Radio 2271 B0C,CN3A029786,9/6/2025 16:54,PA abnormal,pa_issues,,supervision,125,BF,TRUE,TRUE,on,81,48.35,40.7,16,CtrlGainStateTuned=started,47121,-22.53,TRUE,-60,,,NA,lin-sv-high-freq-fault,40,TRUE,TRUE,,-22.53,TRUE,5,-950,TRUE,DPD_STATUS_OK,,-27.03,FALSE,TRUE,80,49,47296,,CtrlLinStateStartLate=started,2,34.7211,NORMAL,-21.84,TRUE,FALSE,,1081,PA abnormal
326,Radio 2271 B0C,CN3A029786,9/6/2025 16:57,PA abnormal,pa_issues,,supervision,129,BF,TRUE,TRUE,on,82,48.35,40.7,15,CtrlGainStateTuned=started,47035,-21.84,TRUE,-80,,,NA,lin-sv-high-freq-fault,40,TRUE,TRUE,,-21.83,TRUE,15,-950,TRUE,DPD_STATUS_OK,,-27.73,TRUE,TRUE,80,50,47347,,CtrlLinStateStarted=started,2,35.215,NORMAL,-21.83,TRUE,FALSE,,1048,PA abnormal
327,Radio 2271 B0C,CN3A029786,9/6/2025 16:58,PA abnormal,pa_issues,,supervision,124,BF,TRUE,TRUE,on,81,48.35,40.6,15,CtrlGainStateTuned=started,47070,-22.43,TRUE,-100,,,NA,lin-sv-high-freq-fault,40,TRUE,TRUE,,-22.42,TRUE,5,-950,TRUE,DPD_STATUS_OK,,-1000,FALSE,TRUE,80,49,47328,,CtrlLinStateStartLate=started,2,0,NORMAL,-1000,TRUE,FALSE,,1150,PA abnormal
473,Radio 2271 B0C,CN3A184292,10/4/2025 4:55,PA abnormal,pa_issues,,ramping timeout.,127,BF,TRUE,TRUE,off,3,47.39,43.6,139,CtrlGainStateRamping=starting,46148,-1000,FALSE,-120,,,NA,lin-ramping,40,TRUE,TRUE,,-61.69,TRUE,0,-950,TRUE,DPD_STATUS_OK,,-1000,FALSE,TRUE,40,3,46199,,ns=stopped,65,0,NORMAL,-1000,TRUE,FALSE,,2106,PA abnormal
328,Radio 2271 B0C,CN3A029786,9/6/2025 16:58,PA abnormal,pa_issues,,supervision,125,BF,TRUE,TRUE,on,81,48.35,40.7,15,CtrlGainStateTuned=started,47136,-12.01,TRUE,-120,,,NA,lin-sv-high-freq-fault,40,TRUE,TRUE,,-12.15,TRUE,5,-950,TRUE,DPD_STATUS_OK,,-14.59,FALSE,TRUE,80,49,47296,,CtrlLinStateStartLate=started,2,44.4969,NORMAL,-11.93,TRUE,FALSE,,1141,PA abnormal
329,Radio 2271 B0C,CN3A029786,9/6/2025 16:58,PA abnormal,pa_issues,,supervision,124,BF,TRUE,TRUE,on,81,48.35,40.6,14,CtrlGainStateTuned=started,47171,-15.53,TRUE,-140,,,NA,lin-sv-high-freq-fault,40,TRUE,TRUE,,-15.55,TRUE,5,-950,TRUE,DPD_STATUS_OK,,-19.58,FALSE,TRUE,80,49,47417,,CtrlLinStateStartLate=started,2,40.8975,NORMAL,-15.55,TRUE,FALSE,,1210,PA abnormal
330,Radio 2271 B0C,CN3A029786,9/6/2025 16:59,PA abnormal,pa_issues,,supervision,126,BF,TRUE,TRUE,on,81,48.35,40.6,15,CtrlGainStateTuned=started,47085,-12.09,TRUE,-160,,,NA,lin-sv-high-freq-fault,40,TRUE,TRUE,,-12.22,TRUE,5,-950,TRUE,DPD_STATUS_OK,,-15.37,FALSE,TRUE,80,49,47261,,CtrlLinStateStartLate=started,2,44.0298,NORMAL,-11.93,TRUE,FALSE,,1135,PA abnormal
331,Radio 2271 B0C,CN3A029786,9/6/2025 16:59,PA abnormal,pa_issues,,supervision,126,BF,TRUE,TRUE,on,81,48.35,40.7,14,CtrlGainStateTuned=started,47171,-21.87,TRUE,-180,,,NA,lin-sv-high-freq-fault,40,TRUE,TRUE,,-21.84,TRUE,5,-950,TRUE,DPD_STATUS_OK,,-27.54,FALSE,TRUE,80,50,47312,,CtrlLinStateStartLate=started,2,34.2092,NORMAL,-22.68,TRUE,FALSE,,1219,PA abnormal
337,Radio 2271 B0C,CN3A184292,9/1/2025 21:18,PA abnormal,pa_issues,,ramping timeout.,110,BF,TRUE,TRUE,off,4,44.38,31.4,134,CtrlGainStateRamping=paused,43191,-1000,FALSE,0,,,NA,lin-ramping,40,TRUE,TRUE,,-63.92,TRUE,0,-950,TRUE,DPD_STATUS_OK,,-1000,FALSE,TRUE,20,3,43292,,ns=stopped,65,0,NORMAL,-1000,TRUE,FALSE,,2106,PA abnormal
338,Radio 2271 B0C,CN3A184292,9/1/2025 21:18,PA abnormal,pa_issues,,ramping timeout.,117,BF,TRUE,TRUE,off,3,47.39,32.1,130,CtrlGainStateRamping=starting,46164,-39.92,FALSE,-120,,,NA,lin-ramping,40,TRUE,TRUE,,-61.91,TRUE,0,-950,TRUE,DPD_STATUS_OK,,-42.18,FALSE,TRUE,40,2,46320,,ns=stopped,65,-6.21637,NORMAL,-37.17,TRUE,FALSE,,2106,PA abnormal
339,Radio 2271 B0C,CN3A184292,9/1/2025 21:19,PA abnormal,pa_issues,,ramping timeout.,122,BF,TRUE,TRUE,off,2,47.39,32.1,132,CtrlGainStateRamping=starting,46128,-26.47,FALSE,-240,,,NA,lin-ramping,40,TRUE,TRUE,,-61.13,TRUE,0,-950,TRUE,DPD_STATUS_OK,,-29.33,FALSE,TRUE,40,2,46269,,ns=stopped,65,-6.6387,NORMAL,-25.4,TRUE,FALSE,,2106,PA abnormal
340,Radio 2271 B0C,CN3A184292,9/2/2025 20:56,PA abnormal,pa_issues,,ramping timeout.,108,BF,TRUE,TRUE,off,2,44.38,32.1,134,CtrlGainStateRamping=starting,43156,-1000,FALSE,0,,,NA,lin-ramping,40,TRUE,TRUE,,-63.78,TRUE,0,-950,TRUE,DPD_STATUS_OK,,-1000,FALSE,TRUE,20,4,43312,,ns=stopped,65,0,NORMAL,-1000,TRUE,FALSE,,2106,PA abnormal
341,Radio 2271 B0C,CN3A184292,9/2/2025 20:56,PA abnormal,pa_issues,,ramping timeout.,117,BF,TRUE,TRUE,off,2,47.39,32.1,132,CtrlGainStateRamping=paused,46078,-25.41,FALSE,-120,,,NA,lin-ramping,40,TRUE,TRUE,,-61.56,TRUE,0,-950,TRUE,DPD_STATUS_OK,,-27.55,FALSE,TRUE,40,2,46269,,ns=stopped,65,-5.86839,NORMAL,-23.62,TRUE,FALSE,,2106,PA abnormal
342,Radio 2271 B0C,CN3A184292,9/2/2025 20:57,PA abnormal,pa_issues,,ramping timeout.,113,BF,TRUE,TRUE,off,2,44.38,31.4,127,CtrlGainStateRamping=starting,43156,-1000,FALSE,0,,,NA,lin-ramping,40,TRUE,TRUE,,-64,TRUE,0,-950,TRUE,DPD_STATUS_OK,,-1000,FALSE,TRUE,20,1,43207,,ns=stopped,65,0,NORMAL,-1000,TRUE,FALSE,,2106,PA abnormal
343,Radio 2271 B0C,CN3A184292,9/2/2025 20:58,PA abnormal,pa_issues,,ramping timeout.,120,BF,TRUE,TRUE,off,3,47.39,31.4,132,CtrlGainStateRamping=starting,46007,-30.74,FALSE,-120,,,NA,lin-ramping,40,TRUE,TRUE,,-61.64,TRUE,0,-950,TRUE,DPD_STATUS_OK,,-1000,FALSE,TRUE,40,0,46269,,ns=stopped,65,0,NORMAL,-1000,TRUE,FALSE,,2106,PA abnormal
2392,Radio 2271 B1,E55P747628,7/24/2025 23:09,PA abnormal,pa_issues,,ramping timeout.,6.5,BF,TRUE,FALSE,off,0,49.03,65,6.5,CtrlGainStateRamping=starting,292,-1000,TRUE,0,,,EXT_DPD_IDLE | EXT_TDD_TX_OFF,lin-ramping,40,FALSE,TRUE,,-59.16,TRUE,0,-850,TRUE,DPD_STATUS_OK,,-1000,FALSE,TRUE,80,0,345,,ns=stopped,1,0,NORMAL,-1000,TRUE,FALSE,,1984,PA abnormal
2393,Radio 2271 B1,E55P747628,7/24/2025 23:09,PA abnormal,pa_issues,,ramping timeout.,1,BF,TRUE,FALSE,off,0,49.03,65.5,1,CtrlGainStateRamping=starting,284.5,-1000,TRUE,-120,,,EXT_DPD_IDLE | EXT_TDD_TX_OFF,lin-ramping,40,FALSE,TRUE,,-58.72,TRUE,0,-850,TRUE,DPD_STATUS_OK,,-1000,FALSE,TRUE,80,0,316,,ns=stopped,1,0,NORMAL,-1000,TRUE,FALSE,,1984,PA abnormal
2394,Radio 2271 B1,EA8C073760,6/3/2025 22:46,PA abnormal,pa_issues,,ramping timeout.,2,BF,TRUE,FALSE,off,0,47.23,38.6,2,CtrlGainStateRamping=starting,347,-1000,TRUE,0,,,EXT_DPD_IDLE | EXT_TDD_TX_OFF,lin-ramping,40,FALSE,TRUE,,-60.9868,TRUE,0,-850,TRUE,DPD_STATUS_OK,,-1000,FALSE,TRUE,40,0,425,,ns=stopped,0,0,NORMAL,-1000,TRUE,FALSE,,1992,PA abnormal
2395,Radio 2271 B1,EA8C073760,6/3/2025 22:49,PA abnormal,pa_issues,,ramping timeout.,2,BF,TRUE,FALSE,off,0,47.23,37.3,2,CtrlGainStateRamping=starting,347,-1000,FALSE,0,,,EXT_DPD_IDLE | EXT_TDD_TX_OFF,lin-ramping,40,FALSE,TRUE,,-62.4575,TRUE,0,-850,TRUE,DPD_STATUS_OK,,-1000,FALSE,TRUE,40,0,207,,ns=stopped,0,0,NORMAL,-1000,TRUE,FALSE,,1992,PA abnormal
344,Radio 2271 B0C,CN3A184292,9/2/2025 20:58,PA abnormal,pa_issues,,ramping timeout.,117,BF,TRUE,TRUE,off,2,47.39,32.1,134,CtrlGainStateRamping=paused,45992,-29.52,FALSE,-240,,,NA,lin-ramping,40,TRUE,TRUE,,-60.84,TRUE,0,-950,TRUE,DPD_STATUS_OK,,-30.66,FALSE,TRUE,40,1,46214,,ns=stopped,65,-6.35079,NORMAL,-26.58,TRUE,FALSE,,2106,PA abnormal
345,Radio 2271 B0C,CN3A184292,9/3/2025 19:15,PA abnormal,pa_issues,,ramping timeout.,113,BF,TRUE,TRUE,off,4,44.38,45.9,136,CtrlGainStateRamping=paused,43066,-1000,FALSE,0,,,NA,lin-ramping,40,TRUE,TRUE,,-63.83,TRUE,0,-950,TRUE,DPD_STATUS_OK,,-1000,FALSE,TRUE,20,0,43207,,ns=stopped,65,0,NORMAL,-1000,TRUE,FALSE,,2106,PA abnormal
346,Radio 2271 B0C,CN3A184292,9/3/2025 19:15,PA abnormal,pa_issues,,ramping timeout.,122,BF,TRUE,TRUE,off,0,47.39,45.9,136,CtrlGainStateRamping=paused,46058,-29.1,FALSE,-120,,,NA,lin-ramping,40,TRUE,TRUE,,-61.62,TRUE,0,-950,TRUE,DPD_STATUS_OK,,-30.32,FALSE,TRUE,40,4,46234,,ns=stopped,65,-5.93255,NORMAL,-26.19,TRUE,FALSE,,2106,PA abnormal
347,Radio 2271 B0C,CN3A184292,9/3/2025 19:16,PA abnormal,pa_issues,,ramping timeout.,125,BF,TRUE,TRUE,off,4,44.38,44.4,132,CtrlGainStateRamping=starting,43066,-1000,FALSE,0,,,NA,lin-ramping,40,TRUE,TRUE,,-63.64,TRUE,0,-950,TRUE,DPD_STATUS_OK,,-1000,FALSE,TRUE,20,1,43171,,ns=stopped,65,0,NORMAL,-1000,TRUE,FALSE,,2106,PA abnormal
348,Radio 2271 B0C,CN3A184292,9/3/2025 19:17,PA abnormal,pa_issues,,ramping timeout.,122,BF,TRUE,TRUE,off,3,47.39,44.4,139,CtrlGainStateRamping=starting,46113,-27.56,FALSE,-120,,,NA,lin-ramping,40,TRUE,TRUE,,-61.47,TRUE,0,-950,TRUE,DPD_STATUS_OK,,-28.65,FALSE,TRUE,40,2,46148,,ns=stopped,65,-5.77955,NORMAL,-24.58,TRUE,FALSE,,2106,PA abnormal
349,Radio 2271 B0C,CN3A184292,9/3/2025 19:17,PA abnormal,pa_issues,,ramping timeout.,125,BF,TRUE,TRUE,off,4,47.39,44.4,139,CtrlGainStateRamping=paused,46058,-26.31,FALSE,-240,,,NA,lin-ramping,40,TRUE,TRUE,,-60.67,TRUE,0,-950,TRUE,DPD_STATUS_OK,,-27.73,FALSE,TRUE,40,0,46164,,ns=stopped,65,-6.17522,NORMAL,-23.74,TRUE,FALSE,,2106,PA abnormal
350,Radio 2271 B0C,CN3A184292,9/4/2025 20:08,PA abnormal,pa_issues,,ramping timeout.,111,BF,TRUE,TRUE,off,2,44.38,35.9,134,CtrlGainStateRamping=paused,43207,-1000,FALSE,0,,,NA,lin-ramping,40,TRUE,TRUE,,-63.96,TRUE,0,-950,TRUE,DPD_STATUS_OK,,-1000,FALSE,TRUE,20,4,43257,,ns=stopped,65,0,NORMAL,-1000,TRUE,FALSE,,2106,PA abnormal
351,Radio 2271 B0C,CN3A184292,9/4/2025 20:08,PA abnormal,pa_issues,,ramping timeout.,125,BF,TRUE,TRUE,off,1,47.39,35.9,134,CtrlGainStateRamping=starting,46148,-1000,FALSE,-120,,,NA,lin-ramping,40,TRUE,TRUE,,-61.64,TRUE,0,-950,TRUE,DPD_STATUS_OK,,-1000,FALSE,TRUE,40,0,46183,,ns=stopped,65,0,NORMAL,-1000,TRUE,FALSE,,2106,PA abnormal
352,Radio 2271 B0C,CN3A184292,9/4/2025 20:10,PA abnormal,pa_issues,,ramping timeout.,113,BF,TRUE,TRUE,off,2,44.38,34.4,134,CtrlGainStateRamping=starting,43121,-1000,FALSE,0,,,NA,lin-ramping,40,TRUE,TRUE,,-63.97,TRUE,0,-950,TRUE,DPD_STATUS_OK,,-1000,FALSE,TRUE,20,1,43277,,ns=stopped,65,0,NORMAL,-1000,TRUE,FALSE,,2106,PA abnormal
353,Radio 2271 B0C,CN3A184292,9/4/2025 20:10,PA abnormal,pa_issues,,ramping timeout.,120,BF,TRUE,TRUE,off,0,47.39,35.2,136,CtrlGainStateRamping=starting,45972,-26.93,FALSE,-120,,,NA,lin-ramping,40,TRUE,TRUE,,-61.57,TRUE,0,-950,TRUE,DPD_STATUS_OK,,-27.97,FALSE,TRUE,40,2,46269,,ns=stopped,65,-5.87708,NORMAL,-23.94,TRUE,FALSE,,2106,PA abnormal
2406,Radio 2271 B1,EA8C091884,10/25/2024 12:35,PA abnormal,pa_issues,,ramping timeout,2.5,BF,TRUE,FALSE,off,0,47.23,54.9,1,CtrlGainStateRamping=starting,328,-1000,TRUE,,,FALSE,NA,lin-ramping,40,,TRUE,,-59.9079,TRUE,0,-850,,DPD_STATUS_OK,,-1000,FALSE,TRUE,40,0,431,,ns=stopped,1,0,NORMAL,-1000,TRUE,FALSE,FALSE,1988,PA abnormal
2407,Radio 2271 B1,EA8C091884,10/25/2024 12:35,PA abnormal,pa_issues,,ramping timeout,,BF,TRUE,FALSE,off,,47.23,55,,CtrlGainStateRamping=starting,328,-1000,TRUE,,,FALSE,NA,lin-ramping,40,,TRUE,,-59.6383,TRUE,0,-850,,DPD_STATUS_OK,,-1000,FALSE,TRUE,40,,398,,ns=stopped,1,0,NORMAL,-1000,TRUE,FALSE,FALSE,1988,PA abnormal
2408,Radio 2271 B1,EA8C091884,10/25/2024 12:36,PA abnormal,pa_issues,,ramping timeout,0,BF,TRUE,FALSE,off,0,47.23,54.1,0,CtrlGainStateRamping=starting,328,-1000,FALSE,,,FALSE,NA,lin-ramping,40,,TRUE,,-60.9678,TRUE,0,-850,,DPD_STATUS_OK,,-1000,FALSE,TRUE,40,0,277,,ns=stopped,1,0,NORMAL,-1000,TRUE,FALSE,FALSE,1988,PA abnormal
2409,Radio 2271 B1,EA8C091884,10/25/2024 13:12,PA abnormal,pa_issues,,ramping timeout,,BF,TRUE,FALSE,off,,47.23,46.2,,CtrlGainStateRamping=starting,347,-1000,FALSE,,,FALSE,NA,lin-ramping,40,,TRUE,,-61.5382,TRUE,0,-850,,DPD_STATUS_OK,,-1000,FALSE,TRUE,40,,226,,ns=stopped,1,0,NORMAL,-1000,TRUE,FALSE,FALSE,1981,PA abnormal
2410,Radio 2271 B1,EA8C091884,10/25/2024 13:13,PA abnormal,pa_issues,,ramping timeout,0,BF,TRUE,FALSE,off,0,47.23,46.2,0,CtrlGainStateRamping=starting,328,-1000,FALSE,,,FALSE,NA,lin-ramping,40,,TRUE,,-61.37,TRUE,0,-850,,DPD_STATUS_OK,,-1000,FALSE,TRUE,40,0,226,,ns=stopped,1,0,NORMAL,-1000,TRUE,FALSE,FALSE,1988,PA abnormal
2411,Radio 2271 B1,EA8C091884,10/30/2024 7:38,PA abnormal,pa_issues,,ramping timeout,,BF,TRUE,FALSE,off,,47.23,33.7,,CtrlGainStateRamping=starting,328,-1000,FALSE,,,FALSE,NA,lin-ramping,40,,TRUE,,-61.8767,TRUE,0,-850,,DPD_STATUS_OK,,-1000,FALSE,TRUE,40,,226,,ns=stopped,1,0,NORMAL,-1000,TRUE,FALSE,FALSE,1981,PA abnormal
2412,Radio 2271 B1,EA8C091884,10/31/2024 16:28,PA abnormal,pa_issues,,ramping timeout,0,BF,TRUE,FALSE,off,0,47.23,36,0,CtrlGainStateRamping=starting,347,-1000,FALSE,,,FALSE,NA,lin-ramping,40,,TRUE,,-61.7766,TRUE,0,-850,,DPD_STATUS_OK,,-1000,FALSE,TRUE,40,0,226,,ns=stopped,1,0,NORMAL,-1000,TRUE,FALSE,FALSE,1988,PA abnormal
2413,Radio 2271 B1,EA8C101346,11/26/2024 20:56,PA abnormal,pa_issues,,Wait for data timeout,1,BF,TRUE,FALSE,off,0,46,39.3,1,CtrlGainStateWait=starting,310,-1000,TRUE,0,,,DPD_SCHD_MEAS_STATUS_EXT_DPD_IDLE_B,ext-bb-data-missing,40,FALSE,TRUE,,-60.7847,TRUE,0,-850,TRUE,DPD_STATUS_FAIL,,-1000,FALSE,TRUE,40,0,441,,ns=stopped,2,0,NORMAL,-1000,TRUE,FALSE,FALSE,1988,PA abnormal
2414,Radio 2271 B1,EA8C101346,11/26/2024 20:56,PA abnormal,pa_issues,,Wait for data timeout,1,BF,TRUE,FALSE,off,0,46,39.3,1,CtrlGainStateWait=starting,310,-1000,TRUE,0,,,DPD_SCHD_MEAS_STATUS_EXT_DPD_IDLE_B,ext-bb-data-missing,40,FALSE,TRUE,,-60.8939,TRUE,0,-850,TRUE,DPD_STATUS_FAIL,,-1000,FALSE,TRUE,40,0,441,,ns=stopped,2,0,NORMAL,-1000,TRUE,FALSE,FALSE,1988,PA abnormal
2415,Radio 2271 B1,EA8C101346,11/26/2024 20:56,PA abnormal,pa_issues,,Wait for data timeout,1,BF,TRUE,FALSE,off,0,46,39.1,1,CtrlGainStateWait=starting,319.5,-1000,TRUE,-120,,,DPD_SCHD_MEAS_STATUS_EXT_DPD_IDLE_B,ext-bb-data-missing,40,FALSE,TRUE,,-60.0386,TRUE,0,-850,TRUE,DPD_STATUS_FAIL,,-1000,FALSE,TRUE,40,0,398,,ns=stopped,2,0,NORMAL,-1000,TRUE,FALSE,FALSE,1988,PA abnormal
2416,Radio 2271 B1,EA8C101346,11/26/2024 20:56,PA abnormal,pa_issues,,Wait for data timeout,1,BF,TRUE,FALSE,off,0,46,39,1,CtrlGainStateWait=starting,292,-1000,TRUE,-120,,,DPD_SCHD_MEAS_STATUS_EXT_DPD_IDLE_B,ext-bb-data-missing,40,FALSE,TRUE,,-60.466,TRUE,0,-850,TRUE,DPD_STATUS_FAIL,,-1000,FALSE,TRUE,40,0,398,,ns=stopped,2,0,NORMAL,-1000,TRUE,FALSE,FALSE,1988,PA abnormal
360,Radio 2271 B0C,CN3A184292,9/6/2025 21:04,PA abnormal,pa_issues,,ramping timeout.,113,BF,TRUE,TRUE,off,5,44.38,42.1,134,CtrlGainStateRamping=starting,43171,-1000,FALSE,0,,,NA,lin-ramping,40,TRUE,TRUE,,-63.93,TRUE,0,-950,TRUE,DPD_STATUS_OK,,-1000,FALSE,TRUE,20,2,43257,,ns=stopped,65,0,NORMAL,-1000,TRUE,FALSE,,2106,PA abnormal
361,Radio 2271 B0C,CN3A184292,9/6/2025 21:04,PA abnormal,pa_issues,,ramping timeout.,117,BF,TRUE,TRUE,off,5,47.39,42.8,139,CtrlGainStateRamping=paused,46148,-1000,FALSE,-120,,,NA,lin-ramping,40,TRUE,TRUE,,-61.57,TRUE,0,-950,TRUE,DPD_STATUS_OK,,-1000,FALSE,TRUE,40,3,46183,,ns=stopped,65,0,NORMAL,-1000,TRUE,FALSE,,2106,PA abnormal
362,Radio 2271 B0C,CN3A184292,9/6/2025 21:05,PA abnormal,pa_issues,,ramping timeout.,122,BF,TRUE,TRUE,off,1,47.39,41.3,136,CtrlGainStateRamping=starting,46128,-1000,FALSE,0,,,NA,lin-ramping,40,TRUE,TRUE,,-62.47,TRUE,0,-950,TRUE,DPD_STATUS_OK,,-1000,FALSE,TRUE,40,5,46269,,ns=stopped,65,0,NORMAL,-1000,TRUE,FALSE,,2106,PA abnormal
2420,Radio 2271 B1,EA8C417136,5/20/2025 11:49,PA abnormal,pa_issues,,supervision,2,BF,TRUE,FALSE,on,150,49.03,63.6,1,CtrlGainStateTuned=started,50027,-10.88,FALSE,0,,,NA,lin-sv-high-freq-fault,40,FALSE,TRUE,,-11.06,TRUE,14,-850,TRUE,DPD_STATUS_OK,,-15.14,FALSE,TRUE,80,99,29976,,CtrlLinStateStartLate=started,12,46.4734,NORMAL,-11.19,TRUE,FALSE,,437,PA abnormal
2421,Radio 2271 B1,EA8C417136,5/20/2025 11:49,PA abnormal,pa_issues,,ramping timeout.,26,BF,TRUE,FALSE,off,155,49.03,63.6,1,CtrlGainStateRamping=starting,50027,-17.41,FALSE,-20,,,NA,lin-ramping,40,FALSE,TRUE,,-48.59,TRUE,1,-850,TRUE,DPD_STATUS_OK,,-21.46,FALSE,TRUE,80,105,29976,,ns=stopped,12,8.73819,NORMAL,-17.51,TRUE,FALSE,,1979,PA abnormal
2422,Radio 2271 B1,EA8C417136,5/20/2025 11:50,PA abnormal,pa_issues,,ramping timeout.,22,BF,TRUE,FALSE,off,155,49.03,61.7,2,CtrlGainStateRamping=starting,49972,-18.11,TRUE,0,,,NA,lin-ramping,40,FALSE,TRUE,,-48.1,TRUE,1,-850,TRUE,DPD_STATUS_OK,,-32.95,FALSE,TRUE,80,105,29976,,ns=stopped,12,9.43482,NORMAL,-28.9,TRUE,FALSE,,1979,PA abnormal
2423,Radio 2271 B1,EA8C417136,5/21/2025 3:46,PA abnormal,pa_issues,,ramping timeout.,22,BF,TRUE,FALSE,off,152,49.03,74,3,CtrlGainStateRamping=paused,49937,-12.9,FALSE,-120,,,NA,lin-ramping,40,FALSE,TRUE,,-42.31,TRUE,344,-850,TRUE,DPD_STATUS_OK,,-18.11,FALSE,TRUE,80,102,29976,,ns=stopped,12,14.0179,NORMAL,-14.16,TRUE,FALSE,,1979,PA abnormal
2424,Radio 2271 B1,EA8C417136,5/21/2025 23:17,PA abnormal,pa_issues,,supervision,2,BF,TRUE,FALSE,on,145,49.03,64.4,1,CtrlGainStateTuned=started,50042,-10.6,FALSE,-100,,,NA,lin-sv-high-freq-fault,40,FALSE,TRUE,,-10.55,TRUE,143,-850,TRUE,DPD_STATUS_OK,,-14.67,TRUE,TRUE,80,95,29945,,CtrlLinStateStarted=started,12,45.9848,NORMAL,-10.6,TRUE,FALSE,,521,PA abnormal
2425,Radio 2271 B1,EA8C417136,5/22/2025 2:51,PA abnormal,pa_issues,,ramping timeout.,25,BF,TRUE,FALSE,off,151,49.03,74.1,1,CtrlGainStateRamping=starting,50062,-14.04,FALSE,-120,,,NA,lin-ramping,40,FALSE,TRUE,,-43.6,TRUE,172,-850,TRUE,DPD_STATUS_OK,,-17.18,FALSE,TRUE,80,101,29968,,ns=stopped,12,12.7277,NORMAL,-13.19,TRUE,FALSE,,1979,PA abnormal
2426,Radio 2271 B1,EA8C417136,5/22/2025 2:53,PA abnormal,pa_issues,,ramping timeout.,27,BF,TRUE,FALSE,off,155,49.03,71.3,2,CtrlGainStateRamping=starting,50042,-17.49,FALSE,0,,,NA,lin-ramping,40,FALSE,TRUE,,-49.32,TRUE,3,-850,TRUE,DPD_STATUS_OK,,-21.45,FALSE,TRUE,80,105,29937,,ns=stopped,12,8.21366,NORMAL,-17.52,TRUE,FALSE,,1979,PA abnormal
2427,Radio 2271 B1,EA8C417136,5/24/2025 0:43,PA abnormal,pa_issues,,supervision,2,BF,TRUE,FALSE,on,148,49.03,52,1,CtrlGainStateTuned=started,49906,-10.39,FALSE,-80,,,NA,lin-sv-high-freq-fault,40,FALSE,TRUE,,-10.52,TRUE,180,-850,TRUE,DPD_STATUS_OK,,-14.61,FALSE,TRUE,80,96,29988,,CtrlLinStateStartLate=started,12,46.2118,NORMAL,-10.44,TRUE,FALSE,,662,PA abnormal
2428,Radio 2271 B1,EA8C417136,5/24/2025 3:30,PA abnormal,pa_issues,,supervision,2,BF,TRUE,FALSE,on,145,49.03,56.2,2,CtrlGainStateTuned=started,49992,-10.33,FALSE,-100,,,NA,lin-sv-high-freq-fault,40,FALSE,TRUE,,-10.35,TRUE,187,-850,TRUE,DPD_STATUS_OK,,-14.53,TRUE,TRUE,80,94,29976,,CtrlLinStateStarted=started,12,46.1843,NORMAL,-10.46,TRUE,FALSE,,623,PA abnormal
2429,Radio 2271 B1,EA8C417136,5/25/2025 0:38,PA abnormal,pa_issues,,supervision,2,BF,TRUE,FALSE,on,148,49.03,52.2,1,CtrlGainStateTuned=started,49906,-10.01,FALSE,-40,,,NA,lin-sv-high-freq-fault,40,FALSE,TRUE,,-10.25,TRUE,100,-850,TRUE,DPD_STATUS_OK,,-14.06,FALSE,TRUE,80,96,29976,,CtrlLinStateStartLate=started,12,46.883,NORMAL,-9.99,TRUE,FALSE,,575,PA abnormal
2430,Radio 2271 B1,EA8C417136,5/25/2025 0:53,PA abnormal,pa_issues,,supervision,2,BF,TRUE,FALSE,on,148,49.03,53.9,1,CtrlGainStateTuned=started,49937,-10.28,FALSE,-60,,,NA,lin-sv-high-freq-fault,40,FALSE,TRUE,,-10.68,TRUE,18,-850,TRUE,DPD_STATUS_OK,,-14.62,FALSE,TRUE,80,97,29925,,CtrlLinStateStartLate=started,12,46.254,NORMAL,-10.25,TRUE,FALSE,,590,PA abnormal
2431,Radio 2271 B1,EA8C417136,5/25/2025 1:34,PA abnormal,pa_issues,,supervision,2,BF,TRUE,FALSE,on,148,49.03,53.2,1,CtrlGainStateTuned=started,50042,-17.59,FALSE,-80,,,NA,lin-sv-high-freq-fault,40,FALSE,TRUE,,-17.51,TRUE,49,-850,TRUE,DPD_STATUS_OK,,-20.01,FALSE,TRUE,80,97,29957,,CtrlLinStateStartLate=started,12,39.2197,NORMAL,-17.05,TRUE,FALSE,,623,PA abnormal
2432,Radio 2271 B1,EA8C417136,5/25/2025 6:54,PA abnormal,pa_issues,,supervision,2,BF,TRUE,FALSE,on,145,49.03,56.2,2,CtrlGainStateTuned=started,49957,-10.82,FALSE,-100,,,NA,lin-sv-high-freq-fault,40,FALSE,TRUE,,-10.83,TRUE,375,-850,TRUE,DPD_STATUS_OK,,-14.83,TRUE,TRUE,80,94,29937,,CtrlLinStateStarted=started,12,45.6994,NORMAL,-10.89,TRUE,FALSE,,629,PA abnormal
2433,Radio 2271 B1,EA8C417136,5/25/2025 22:42,PA abnormal,pa_issues,,supervision,2,BF,TRUE,FALSE,on,149,49.03,47.2,2,CtrlGainStateTuned=started,50042,-19.78,FALSE,-40,,,NA,lin-sv-high-freq-fault,40,FALSE,TRUE,,-19.65,TRUE,89,-850,TRUE,DPD_STATUS_OK,,-23.89,TRUE,TRUE,80,97,29945,,CtrlLinStateStarted=started,12,37.4818,NORMAL,-20.27,TRUE,FALSE,,605,PA abnormal
2434,Radio 2271 B1,EA8C417136,5/25/2025 22:48,PA abnormal,pa_issues,,supervision,14,BF,TRUE,FALSE,on,148,49.03,47.6,1,CtrlGainStateTuned=started,49972,-19.47,FALSE,-60,,,NA,lin-sv-high-freq-fault,40,FALSE,TRUE,,-19.25,TRUE,15,-850,TRUE,DPD_STATUS_OK,,-24.37,FALSE,TRUE,80,96,29968,,CtrlLinStateStartLate=started,12,37.6792,NORMAL,-19.29,TRUE,FALSE,,677,PA abnormal
2435,Radio 2271 B1,EA8C417136,5/25/2025 22:49,PA abnormal,pa_issues,,supervision,2,BF,TRUE,FALSE,on,147,49.03,46.6,2,CtrlGainStateTuned=started,50042,-10.45,FALSE,-80,,,NA,lin-sv-high-freq-fault,40,FALSE,TRUE,,-10.44,TRUE,5,-850,TRUE,DPD_STATUS_OK,,-14.42,FALSE,TRUE,80,95,29996,,CtrlLinStateStartLate=started,12,46.2888,NORMAL,-10.27,TRUE,FALSE,,701,PA abnormal
2436,Radio 2271 B1,EA8C417136,5/25/2025 23:54,PA abnormal,pa_issues,,supervision,3,BF,TRUE,FALSE,on,145,49.03,57.3,1,CtrlGainStateTuned=started,50042,-9.85,FALSE,-100,,,NA,lin-sv-high-freq-fault,40,FALSE,TRUE,,-10.1,TRUE,142,-850,TRUE,DPD_STATUS_OK,,-14.35,TRUE,TRUE,80,94,29898,,CtrlLinStateStarted=started,12,46.4275,NORMAL,-9.91,TRUE,FALSE,,581,PA abnormal
2437,Radio 2271 B1,EA8C417136,5/26/2025 22:49,PA abnormal,pa_issues,,supervision,2,BF,TRUE,FALSE,on,148,49.03,50.1,2,CtrlGainStateTuned=started,50078,-10.62,FALSE,-60,,,NA,lin-sv-high-freq-fault,40,FALSE,TRUE,,-10.72,TRUE,86,-850,TRUE,DPD_STATUS_OK,,-14.44,FALSE,TRUE,80,97,29968,,CtrlLinStateStartLate=started,12,46.2141,NORMAL,-10.47,TRUE,FALSE,,641,PA abnormal
2438,Radio 2271 B1,EA8C417136,5/26/2025 22:54,PA abnormal,pa_issues,,supervision,2,BF,TRUE,FALSE,on,146,49.03,50.9,2,CtrlGainStateTuned=started,50078,-10.24,FALSE,-80,,,NA,lin-sv-high-freq-fault,40,FALSE,TRUE,,-10.21,TRUE,14,-850,TRUE,DPD_STATUS_OK,,-14.59,FALSE,TRUE,80,95,29988,,CtrlLinStateStartLate=started,12,46.5221,NORMAL,-10.36,TRUE,FALSE,,632,PA abnormal
2439,Radio 2271 B1,EA8C417136,5/26/2025 23:14,PA abnormal,pa_issues,,supervision,4,BF,TRUE,FALSE,on,144,49.03,54.1,2,CtrlGainStateTuned=started,49992,-9.77,FALSE,-100,,,NA,lin-sv-high-freq-fault,40,FALSE,TRUE,,-9.99,TRUE,36,-850,TRUE,DPD_STATUS_OK,,-14.03,TRUE,TRUE,80,93,29988,,CtrlLinStateStarted=started,12,46.5436,NORMAL,-9.82,TRUE,FALSE,,644,PA abnormal
2440,Radio 2271 B1,EA8C417136,5/27/2025 22:54,PA abnormal,pa_issues,,supervision,3,BF,TRUE,FALSE,on,144,49.03,53.4,2,CtrlGainStateTuned=started,49957,-10.2,FALSE,-100,,,NA,lin-sv-high-freq-fault,40,FALSE,TRUE,,-10.31,TRUE,88,-850,TRUE,DPD_STATUS_OK,,-14.39,TRUE,TRUE,80,93,29925,,CtrlLinStateStarted=started,12,46.2224,NORMAL,-10.29,TRUE,FALSE,,656,PA abnormal
2441,Radio 2271 B1,EA8C417136,5/28/2025 3:14,PA abnormal,pa_issues,,supervision,5,BF,TRUE,FALSE,on,141,49.03,68.3,2,CtrlGainStateTuned=started,50062,-9.63,FALSE,-120,,,NA,lin-sv-high-freq-fault,40,FALSE,TRUE,,-9.75,TRUE,165,-850,TRUE,DPD_STATUS_OK,,-13.52,TRUE,TRUE,80,90,29976,,CtrlLinStateStarted=started,12,46.5776,NORMAL,-9.59,TRUE,FALSE,,482,PA abnormal
2442,Radio 2271 B1,EA8C417136,5/28/2025 3:16,PA abnormal,pa_issues,,ramping timeout.,45,BF,TRUE,FALSE,off,155,49.03,65.6,2,CtrlGainStateRamping=starting,50042,-10.3,TRUE,0,,,NA,lin-ramping,40,FALSE,TRUE,,-36.23,TRUE,1,-850,TRUE,DPD_STATUS_OK,,-14.39,FALSE,TRUE,80,103,29937,,ns=stopped,12,21.2975,NORMAL,-10.39,TRUE,FALSE,,1979,PA abnormal
2443,Radio 2271 B1,EA8C417136,5/28/2025 22:41,PA abnormal,pa_issues,,supervision,3,BF,TRUE,FALSE,on,150,49.03,54.4,2,CtrlGainStateTuned=started,50042,-10.46,TRUE,-40,,,NA,lin-sv-high-freq-fault,40,FALSE,TRUE,,-10.72,TRUE,105,-850,TRUE,DPD_STATUS_OK,,-14.79,TRUE,TRUE,80,98,29937,,CtrlLinStateStarted=started,12,46.413,NORMAL,-10.44,TRUE,FALSE,,554,PA abnormal
2444,Radio 2271 B1,EA8C417136,5/28/2025 22:52,PA abnormal,pa_issues,,supervision,3,BF,TRUE,FALSE,on,148,49.03,56.1,2,CtrlGainStateTuned=started,50007,-10.74,FALSE,-60,,,NA,lin-sv-high-freq-fault,40,FALSE,TRUE,,-10.82,TRUE,24,-850,TRUE,DPD_STATUS_OK,,-15.06,FALSE,TRUE,80,97,29957,,CtrlLinStateStartLate=started,12,46.1143,NORMAL,-10.93,TRUE,FALSE,,557,PA abnormal
2445,Radio 2271 B1,EA8C417136,5/28/2025 22:53,PA abnormal,pa_issues,,supervision,6,BF,TRUE,FALSE,on,148,49.03,56.5,2,CtrlGainStateTuned=started,49992,-10.12,FALSE,-80,,,NA,lin-sv-high-freq-fault,40,FALSE,TRUE,,-10.55,TRUE,5,-850,TRUE,DPD_STATUS_OK,,-14.65,FALSE,TRUE,80,97,29917,,CtrlLinStateStartLate=started,12,46.1831,NORMAL,-10.19,TRUE,FALSE,,578,PA abnormal
2446,Radio 2271 B1,EA8C417136,5/28/2025 23:18,PA abnormal,pa_issues,,supervision,5,BF,TRUE,FALSE,on,144,49.03,59.2,2,CtrlGainStateTuned=started,50078,-10.07,FALSE,-100,,,NA,lin-sv-high-freq-fault,40,FALSE,TRUE,,-10.16,TRUE,54,-850,TRUE,DPD_STATUS_OK,,-14.3,TRUE,TRUE,80,92,29886,,CtrlLinStateStarted=started,12,46.3661,NORMAL,-10.14,TRUE,FALSE,,593,PA abnormal
2447,Radio 2271 B1,EA8C417136,5/29/2025 3:16,PA abnormal,pa_issues,,supervision,6,BF,TRUE,FALSE,on,143,49.03,65,2,CtrlGainStateTuned=started,49957,-9.95,TRUE,-120,,,NA,lin-sv-high-freq-fault,40,FALSE,TRUE,,-9.92,TRUE,261,-850,TRUE,DPD_STATUS_OK,,-13.98,TRUE,TRUE,80,92,29976,,CtrlLinStateStarted=started,12,46.4136,NORMAL,-9.9,TRUE,FALSE,,530,PA abnormal
2448,Radio 2271 B1,EA8C417136,5/29/2025 3:18,PA abnormal,pa_issues,,ramping timeout.,37,BF,TRUE,FALSE,off,154,49.03,62.6,1,CtrlGainStateRamping=paused,50078,-1000,TRUE,0,,,NA,lin-ramping,40,FALSE,TRUE,,-61.12,TRUE,1,-850,TRUE,DPD_STATUS_OK,,-1000,FALSE,TRUE,80,103,29937,,ns=stopped,12,0,NORMAL,-1000,TRUE,FALSE,,1979,PA abnormal
2449,Radio 2271 B1,EA8C417136,5/29/2025 3:27,PA abnormal,pa_issues,,supervision,6,BF,TRUE,FALSE,on,141,49.03,66.9,2,CtrlGainStateTuned=started,50007,-10,TRUE,-120,,,NA,lin-sv-high-freq-fault,40,FALSE,TRUE,,-10.29,TRUE,27,-850,TRUE,DPD_STATUS_OK,,-14.15,TRUE,TRUE,80,89,29976,,CtrlLinStateStarted=started,12,46.0445,NORMAL,-9.87,TRUE,FALSE,,503,PA abnormal
2450,Radio 2271 B1,EA8C417136,5/29/2025 22:42,PA abnormal,pa_issues,,supervision,2,BF,TRUE,FALSE,on,148,49.03,38.9,1,CtrlGainStateTuned=started,50042,-10.23,FALSE,-60,,,NA,lin-sv-high-freq-fault,40,FALSE,TRUE,,-11.21,TRUE,96,-850,TRUE,DPD_STATUS_OK,,-15.09,TRUE,TRUE,80,94,29996,,CtrlLinStateStarted=started,12,45.7155,NORMAL,-10.25,TRUE,FALSE,,731,PA abnormal
2451,Radio 2271 B1,EA8C417136,5/29/2025 22:52,PA abnormal,pa_issues,,supervision,4,BF,TRUE,FALSE,on,146,49.03,41,1,CtrlGainStateTuned=started,49992,-11.49,FALSE,-80,,,NA,lin-sv-high-freq-fault,40,FALSE,TRUE,,-11.59,TRUE,29,-850,TRUE,DPD_STATUS_OK,,-15.73,FALSE,TRUE,80,94,29937,,CtrlLinStateStartLate=started,12,45.1366,NORMAL,-11.51,TRUE,FALSE,,749,PA abnormal
2452,Radio 2271 B1,EA8C417136,5/30/2025 3:29,PA abnormal,pa_issues,,supervision,4,BF,TRUE,FALSE,on,142,49.03,47.8,2,CtrlGainStateTuned=started,50097,-10.45,FALSE,-100,,,NA,lin-sv-high-freq-fault,40,FALSE,TRUE,,-10.47,TRUE,319,-850,TRUE,DPD_STATUS_OK,,-14.47,TRUE,TRUE,80,90,29988,,CtrlLinStateStarted=started,12,46.0592,NORMAL,-10.56,TRUE,FALSE,,698,PA abnormal
2453,Radio 2271 B1,EA8C417136,5/30/2025 5:42,PA abnormal,pa_issues,,ramping timeout.,2737,BF,TRUE,FALSE,off,57.5,49.03,48.9,1502,CtrlGainStateRamping=paused,25132.5,-1000,TRUE,0,,,EXT_DPD_IDLE | EXT_TDD_TX_OFF,lin-ramping,40,FALSE,TRUE,,-60.08,TRUE,0,-850,TRUE,DPD_STATUS_OK,,-1000,FALSE,TRUE,80,36.5,8681,,ns=stopped,12,0,NORMAL,-1000,TRUE,FALSE,,1982,PA abnormal
2454,Radio 2271 B1,EA8C417136,5/30/2025 5:43,PA abnormal,pa_issues,,ramping timeout.,45,BF,TRUE,FALSE,off,158,49.03,47.8,47,CtrlGainStateRamping=starting,49957,-1000,FALSE,0,,,NA,lin-ramping,40,FALSE,TRUE,,-61.75,TRUE,0,-850,TRUE,DPD_STATUS_OK,,-1000,FALSE,TRUE,80,104,29976,,ns=stopped,12,0,NORMAL,-1000,TRUE,FALSE,,1979,PA abnormal
2455,Radio 2271 B1,EA8C417136,5/30/2025 5:44,PA abnormal,pa_issues,,ramping timeout.,44,BF,TRUE,FALSE,off,158,49.03,47.7,46,CtrlGainStateRamping=starting,50097,-18.28,FALSE,-120,,,NA,lin-ramping,40,FALSE,TRUE,,-60.65,TRUE,0,-850,TRUE,DPD_STATUS_OK,,-1000,FALSE,TRUE,80,105,29976,,ns=stopped,12,0,NORMAL,-1000,TRUE,FALSE,,1979,PA abnormal
2456,Radio 2271 B1,EA8C417136,5/30/2025 5:44,PA abnormal,pa_issues,,ramping timeout.,44,BF,TRUE,FALSE,off,158,49.03,47.7,46,CtrlGainStateRamping=starting,50097,-17.53,FALSE,-240,,,NA,lin-ramping,40,FALSE,TRUE,,-60.23,TRUE,0,-850,TRUE,DPD_STATUS_OK,,-19.58,FALSE,TRUE,80,105,29968,,ns=stopped,12,-5.10259,NORMAL,-15.64,TRUE,FALSE,,1979,PA abnormal
2457,Radio 2271 B1,EA8C417136,5/30/2025 6:08,PA abnormal,pa_issues,,ramping timeout.,38,BF,TRUE,FALSE,off,161,49.03,37.4,41,CtrlGainStateRamping=paused,50042,-1000,FALSE,0,,,NA,lin-ramping,40,FALSE,TRUE,,-61.96,TRUE,0,-850,TRUE,DPD_STATUS_OK,,-1000,FALSE,TRUE,80,107,29976,,ns=stopped,12,0,NORMAL,-1000,TRUE,FALSE,,1979,PA abnormal
2458,Radio 2271 B1,EA8C417136,5/30/2025 6:08,PA abnormal,pa_issues,,ramping timeout.,39,BF,TRUE,FALSE,off,161,49.03,37.5,42,CtrlGainStateRamping=starting,50042,-19.16,FALSE,-120,,,NA,lin-ramping,40,FALSE,TRUE,,-60.94,TRUE,0,-850,TRUE,DPD_STATUS_OK,,-1000,FALSE,TRUE,80,107,29937,,ns=stopped,12,0,NORMAL,-1000,TRUE,FALSE,,1979,PA abnormal
2459,Radio 2271 B1,EA8C417136,5/30/2025 6:09,PA abnormal,pa_issues,,ramping timeout.,38,BF,TRUE,FALSE,off,160,49.03,36.4,42,CtrlGainStateRamping=starting,50062,-1000,FALSE,0,,,NA,lin-ramping,40,FALSE,TRUE,,-61.82,TRUE,0,-850,TRUE,DPD_STATUS_OK,,-1000,FALSE,TRUE,80,106,30027,,ns=stopped,12,0,NORMAL,-1000,TRUE,FALSE,,1979,PA abnormal
2460,Radio 2271 B1,EA8C417136,5/30/2025 6:09,PA abnormal,pa_issues,,ramping timeout.,38,BF,TRUE,FALSE,off,160,49.03,36.6,43,CtrlGainStateRamping=paused,50007,-1000,FALSE,-120,,,NA,lin-ramping,40,FALSE,TRUE,,-60.97,TRUE,0,-850,TRUE,DPD_STATUS_OK,,-1000,FALSE,TRUE,80,106,29968,,ns=stopped,12,0,NORMAL,-1000,TRUE,FALSE,,1979,PA abnormal
2461,Radio 2271 B1,EA8C417136,5/30/2025 6:10,PA abnormal,pa_issues,,ramping timeout.,38,BF,TRUE,FALSE,off,160,49.03,36.6,43,CtrlGainStateRamping=starting,50062,-17.55,FALSE,-240,,,NA,lin-ramping,40,FALSE,TRUE,,-60.31,TRUE,0,-850,TRUE,DPD_STATUS_OK,,-20.49,FALSE,TRUE,80,106,29976,,ns=stopped,12,-5.18334,NORMAL,-16.58,TRUE,FALSE,,1979,PA abnormal
2462,Radio 2271 B1,EA8C417136,6/3/2025 0:33,PA abnormal,pa_issues,,ramping timeout.,26,BF,TRUE,FALSE,off,162,49.03,36.4,30,CtrlGainStateRamping=paused,49992,-1000,FALSE,0,,,NA,lin-ramping,40,FALSE,TRUE,,-61.77,TRUE,0,-850,TRUE,DPD_STATUS_OK,,-1000,FALSE,TRUE,80,107,29976,,ns=stopped,12,0,NORMAL,-1000,TRUE,FALSE,,1979,PA abnormal
2463,Radio 2271 B1,EA8C417136,6/3/2025 0:34,PA abnormal,pa_issues,,ramping timeout.,26,BF,TRUE,FALSE,off,162,49.03,36.8,32,CtrlGainStateRamping=starting,50042,-1000,FALSE,-120,,,NA,lin-ramping,40,FALSE,TRUE,,-60.89,TRUE,0,-850,TRUE,DPD_STATUS_OK,,-1000,FALSE,TRUE,80,108,29945,,ns=stopped,12,0,NORMAL,-1000,TRUE,FALSE,,1979,PA abnormal
2464,Radio 2271 B1,EA8C417136,6/3/2025 0:35,PA abnormal,pa_issues,,ramping timeout.,26,BF,TRUE,FALSE,off,162,49.03,36.7,30,CtrlGainStateRamping=starting,49972,-1000,FALSE,0,,,NA,lin-ramping,40,FALSE,TRUE,,-61.93,TRUE,0,-850,TRUE,DPD_STATUS_OK,,-1000,FALSE,TRUE,80,107,29957,,ns=stopped,12,0,NORMAL,-1000,TRUE,FALSE,,1979,PA abnormal
2465,Radio 2271 B1,EA8C417136,6/3/2025 0:35,PA abnormal,pa_issues,,ramping timeout.,25,BF,TRUE,FALSE,off,162,49.03,37.1,33,CtrlGainStateRamping=starting,49992,-21.86,FALSE,-120,,,NA,lin-ramping,40,FALSE,TRUE,,-60.99,TRUE,0,-850,TRUE,DPD_STATUS_OK,,-23,FALSE,TRUE,80,108,29976,,ns=stopped,12,-4.65553,NORMAL,-18.9,TRUE,FALSE,,1979,PA abnormal
2466,Radio 2271 B1,EA8C417136,6/3/2025 0:35,PA abnormal,pa_issues,,ramping timeout.,26,BF,TRUE,FALSE,off,162,49.03,37.2,33,CtrlGainStateRamping=paused,49957,-18.32,FALSE,-240,,,NA,lin-ramping,40,FALSE,TRUE,,-60.54,TRUE,0,-850,TRUE,DPD_STATUS_OK,,-1000,FALSE,TRUE,80,108,29957,,ns=stopped,12,0,NORMAL,-1000,TRUE,FALSE,,1979,PA abnormal
410,Radio 2271 B0C,CN3A184292,9/20/2025 1:20,PA abnormal,pa_issues,,ramping timeout.,120,BF,TRUE,TRUE,off,4,47.39,43.6,139,CtrlGainStateRamping=starting,45992,-1000,FALSE,0,,,NA,lin-ramping,40,TRUE,TRUE,,-62.53,TRUE,0,-950,TRUE,DPD_STATUS_OK,,-1000,FALSE,TRUE,40,6,46214,,ns=stopped,65,0,NORMAL,-1000,TRUE,FALSE,,2106,PA abnormal
411,Radio 2271 B0C,CN3A184292,9/20/2025 1:20,PA abnormal,pa_issues,,ramping timeout.,125,BF,TRUE,TRUE,off,3,47.39,43.6,141,CtrlGainStateRamping=starting,46148,-32.33,FALSE,-120,,,NA,lin-ramping,40,TRUE,TRUE,,-61.76,TRUE,0,-950,TRUE,DPD_STATUS_OK,,-1000,FALSE,TRUE,40,5,46234,,ns=stopped,65,0,NORMAL,-1000,TRUE,FALSE,,2106,PA abnormal
412,Radio 2271 B0C,CN3A184292,9/20/2025 1:21,PA abnormal,pa_issues,,ramping timeout.,122,BF,TRUE,TRUE,off,3,44.38,42.8,137,CtrlGainStateRamping=starting,43015,-1000,FALSE,0,,,NA,lin-ramping,40,TRUE,TRUE,,-63.75,TRUE,0,-950,TRUE,DPD_STATUS_OK,,-1000,FALSE,TRUE,20,0,43156,,ns=stopped,65,0,NORMAL,-1000,TRUE,FALSE,,2106,PA abnormal
413,Radio 2271 B0C,CN3A184292,9/20/2025 1:21,PA abnormal,pa_issues,,ramping timeout.,130,BF,TRUE,TRUE,off,4,47.39,42.8,141,CtrlGainStateRamping=paused,46023,-26.15,FALSE,-120,,,NA,lin-ramping,40,TRUE,TRUE,,-61.46,TRUE,0,-950,TRUE,DPD_STATUS_OK,,-27.18,FALSE,TRUE,40,7,46148,,ns=stopped,65,-5.77388,NORMAL,-23.15,TRUE,FALSE,,2106,PA abnormal
414,Radio 2271 B0C,CN3A184292,9/20/2025 1:22,PA abnormal,pa_issues,,ramping timeout.,127,BF,TRUE,TRUE,off,3,47.39,42.8,141,CtrlGainStateRamping=starting,46148,-31.78,FALSE,-240,,,NA,lin-ramping,40,TRUE,TRUE,,-60.81,TRUE,0,-950,TRUE,DPD_STATUS_OK,,-33,FALSE,TRUE,40,2,46199,,ns=stopped,65,-6.32266,NORMAL,-28.89,TRUE,FALSE,,2106,PA abnormal
415,Radio 2271 B0C,CN3A184292,9/22/2025 1:45,PA abnormal,pa_issues,,ramping timeout.,120,BF,TRUE,TRUE,off,3,47.39,49.7,139,CtrlGainStateRamping=starting,46078,-1000,FALSE,0,,,NA,lin-ramping,40,TRUE,TRUE,,-62.16,TRUE,0,-950,TRUE,DPD_STATUS_OK,,-1000,FALSE,TRUE,40,1,46214,,ns=stopped,65,0,NORMAL,-1000,TRUE,FALSE,,2106,PA abnormal
416,Radio 2271 B0C,CN3A184292,9/22/2025 1:45,PA abnormal,pa_issues,,ramping timeout.,127,BF,TRUE,TRUE,off,6,47.39,48.9,141,CtrlGainStateRamping=starting,46148,-38.68,FALSE,-120,,,NA,lin-ramping,40,TRUE,TRUE,,-61.39,TRUE,0,-950,TRUE,DPD_STATUS_OK,,-40.4,FALSE,TRUE,40,1,46214,,ns=stopped,65,-5.70223,NORMAL,-35.95,TRUE,FALSE,,2106,PA abnormal
417,Radio 2271 B0C,CN3A184292,9/22/2025 1:46,PA abnormal,pa_issues,,ramping timeout.,125,BF,TRUE,TRUE,off,0,44.38,47.4,141,CtrlGainStateRamping=paused,43050,-1000,FALSE,0,,,NA,lin-ramping,40,TRUE,TRUE,,-63.48,TRUE,0,-950,TRUE,DPD_STATUS_OK,,-1000,FALSE,TRUE,20,2,43171,,ns=stopped,65,0,NORMAL,-1000,TRUE,FALSE,,2106,PA abnormal
418,Radio 2271 B0C,CN3A184292,9/22/2025 1:46,PA abnormal,pa_issues,,ramping timeout.,127,BF,TRUE,TRUE,off,2,47.39,48.2,139,CtrlGainStateRamping=starting,46164,-26.48,FALSE,-120,,,NA,lin-ramping,40,TRUE,TRUE,,-61.42,TRUE,0,-950,TRUE,DPD_STATUS_OK,,-30.7,FALSE,TRUE,40,0,46148,,ns=stopped,65,-5.7344,NORMAL,-26.75,TRUE,FALSE,,2106,PA abnormal
419,Radio 2271 B0C,CN3A184292,9/22/2025 1:47,PA abnormal,pa_issues,,ramping timeout.,125,BF,TRUE,TRUE,off,1,47.39,48.2,146,CtrlGainStateRamping=starting,46093,-30.53,FALSE,-240,,,NA,lin-ramping,40,TRUE,TRUE,,-60.63,TRUE,0,-950,TRUE,DPD_STATUS_OK,,-31.64,FALSE,TRUE,40,2,46234,,ns=stopped,65,-6.13767,NORMAL,-27.55,TRUE,FALSE,,2106,PA abnormal
420,Radio 2271 B0C,CN3A184292,9/23/2025 1:20,PA abnormal,pa_issues,,ramping timeout.,122,BF,TRUE,TRUE,off,2,44.38,47.4,139,CtrlGainStateRamping=starting,43171,-1000,FALSE,0,,,NA,lin-ramping,40,TRUE,TRUE,,-63.39,TRUE,0,-950,TRUE,DPD_STATUS_OK,,-1000,FALSE,TRUE,20,2,43191,,ns=stopped,65,0,NORMAL,-1000,TRUE,FALSE,,2106,PA abnormal
421,Radio 2271 B0C,CN3A184292,9/23/2025 1:20,PA abnormal,pa_issues,,ramping timeout.,125,BF,TRUE,TRUE,off,3,47.39,47.4,134,CtrlGainStateRamping=starting,46128,-30.92,FALSE,-120,,,NA,lin-ramping,40,TRUE,TRUE,,-61.37,TRUE,0,-950,TRUE,DPD_STATUS_OK,,-1000,FALSE,TRUE,40,2,46128,,ns=stopped,65,0,NORMAL,-1000,TRUE,FALSE,,2106,PA abnormal
422,Radio 2271 B0C,CN3A184292,9/23/2025 1:21,PA abnormal,pa_issues,,ramping timeout.,120,BF,TRUE,TRUE,off,4,44.38,45.9,137,CtrlGainStateRamping=starting,43066,-1000,FALSE,0,,,NA,lin-ramping,40,TRUE,TRUE,,-63.52,TRUE,0,-950,TRUE,DPD_STATUS_OK,,-1000,FALSE,TRUE,20,0,43191,,ns=stopped,65,0,NORMAL,-1000,TRUE,FALSE,,2106,PA abnormal
423,Radio 2271 B0C,CN3A184292,9/23/2025 1:22,PA abnormal,pa_issues,,ramping timeout.,122,BF,TRUE,TRUE,off,3,47.39,45.9,139,CtrlGainStateRamping=starting,46042,-29.83,FALSE,-120,,,NA,lin-ramping,40,TRUE,TRUE,,-61.45,TRUE,0,-950,TRUE,DPD_STATUS_OK,,-30.94,FALSE,TRUE,40,3,46234,,ns=stopped,65,-5.76256,NORMAL,-26.86,TRUE,FALSE,,2106,PA abnormal
424,Radio 2271 B0C,CN3A184292,9/23/2025 1:22,PA abnormal,pa_issues,,ramping timeout.,122,BF,TRUE,TRUE,off,1,47.39,45.9,136,CtrlGainStateRamping=starting,46199,-26.42,FALSE,-240,,,NA,lin-ramping,40,TRUE,TRUE,,-60.61,TRUE,0,-950,TRUE,DPD_STATUS_OK,,-29.78,FALSE,TRUE,40,2,46234,,ns=stopped,65,-6.11786,NORMAL,-25.82,TRUE,FALSE,,2106,PA abnormal
425,Radio 2271 B0C,CN3A184292,9/23/2025 2:18,PA abnormal,pa_issues,,ramping timeout.,115,BF,TRUE,TRUE,off,3,44.38,43.6,141,CtrlGainStateRamping=starting,43066,-1000,FALSE,0,,,NA,lin-ramping,40,TRUE,TRUE,,-63.62,TRUE,0,-950,TRUE,DPD_STATUS_OK,,-1000,FALSE,TRUE,20,8,43191,,ns=stopped,65,0,NORMAL,-1000,TRUE,FALSE,,2106,PA abnormal
426,Radio 2271 B0C,CN3A184292,9/23/2025 2:19,PA abnormal,pa_issues,,ramping timeout.,120,BF,TRUE,TRUE,off,4,47.39,43.6,134,CtrlGainStateRamping=starting,46042,-1000,FALSE,-120,,,NA,lin-ramping,40,TRUE,TRUE,,-61.53,TRUE,0,-950,TRUE,DPD_STATUS_OK,,-1000,FALSE,TRUE,40,0,46234,,ns=stopped,65,0,NORMAL,-1000,TRUE,FALSE,,2106,PA abnormal
427,Radio 2271 B0C,CN3A184292,9/23/2025 2:20,PA abnormal,pa_issues,,ramping timeout.,120,BF,TRUE,TRUE,off,0,44.38,42.8,132,CtrlGainStateRamping=paused,43121,-1000,FALSE,0,,,NA,lin-ramping,40,TRUE,TRUE,,-63.73,TRUE,0,-950,TRUE,DPD_STATUS_OK,,-1000,FALSE,TRUE,20,3,43226,,ns=stopped,65,0,NORMAL,-1000,TRUE,FALSE,,2106,PA abnormal
428,Radio 2271 B0C,CN3A184292,9/23/2025 2:20,PA abnormal,pa_issues,,ramping timeout.,125,BF,TRUE,TRUE,off,2,47.39,42.8,136,CtrlGainStateRamping=paused,46007,-84.57,FALSE,-120,,,NA,lin-ramping,40,TRUE,TRUE,,-61.4,TRUE,0,-950,TRUE,DPD_STATUS_OK,,-1000,FALSE,TRUE,40,0,46214,,ns=stopped,65,0,NORMAL,-1000,TRUE,FALSE,,2106,PA abnormal
429,Radio 2271 B0C,CN3A184292,9/23/2025 2:21,PA abnormal,pa_issues,,ramping timeout.,129,BF,TRUE,TRUE,off,1,47.39,42.8,136,CtrlGainStateRamping=starting,46113,-1000,FALSE,-240,,,NA,lin-ramping,40,TRUE,TRUE,,-60.7,TRUE,0,-950,TRUE,DPD_STATUS_OK,,-1000,FALSE,TRUE,40,0,46164,,ns=stopped,65,0,NORMAL,-1000,TRUE,FALSE,,2106,PA abnormal
430,Radio 2271 B0C,CN3A184292,9/24/2025 1:18,PA abnormal,pa_issues,,ramping timeout.,117,BF,TRUE,TRUE,off,1,44.38,42.1,134,CtrlGainStateRamping=starting,43066,-1000,FALSE,0,,,NA,lin-ramping,40,TRUE,TRUE,,-63.79,TRUE,0,-950,TRUE,DPD_STATUS_OK,,-1000,FALSE,TRUE,20,0,43257,,ns=stopped,65,0,NORMAL,-1000,TRUE,FALSE,,2106,PA abnormal
431,Radio 2271 B0C,CN3A184292,9/24/2025 1:18,PA abnormal,pa_issues,,ramping timeout.,127,BF,TRUE,TRUE,off,1,49.03,42.1,139,CtrlGainStateRamping=starting,48007,-28.06,FALSE,-120,,,NA,lin-ramping,40,TRUE,TRUE,,-62.32,TRUE,0,-950,TRUE,DPD_STATUS_OK,,-30.08,FALSE,TRUE,80,2,48093,,ns=stopped,65,-4.99422,NORMAL,-26.12,TRUE,FALSE,,2106,PA abnormal
432,Radio 2271 B0C,CN3A184292,9/24/2025 1:19,PA abnormal,pa_issues,,ramping timeout.,117,BF,TRUE,TRUE,off,2,44.38,40.5,141,CtrlGainStateRamping=starting,43101,-1000,FALSE,0,,,NA,lin-ramping,40,TRUE,TRUE,,-63.79,TRUE,0,-950,TRUE,DPD_STATUS_OK,,-1000,FALSE,TRUE,20,2,43257,,ns=stopped,65,0,NORMAL,-1000,TRUE,FALSE,,2106,PA abnormal
433,Radio 2271 B0C,CN3A184292,9/24/2025 1:20,PA abnormal,pa_issues,,ramping timeout.,125,BF,TRUE,TRUE,off,2,47.39,40.5,134,CtrlGainStateRamping=starting,46023,-24.6,FALSE,-120,,,NA,lin-ramping,40,TRUE,TRUE,,-61.81,TRUE,0,-950,TRUE,DPD_STATUS_OK,,-27.83,FALSE,TRUE,40,2,46183,,ns=stopped,65,-6.1156,NORMAL,-23.81,TRUE,FALSE,,2106,PA abnormal
434,Radio 2271 B0C,CN3A184292,9/24/2025 1:20,PA abnormal,pa_issues,,ramping timeout.,129,BF,TRUE,TRUE,off,2,49.03,41.3,139,CtrlGainStateRamping=starting,48007,-28.06,FALSE,-240,,,NA,lin-ramping,40,TRUE,TRUE,,-61.65,TRUE,0,-950,TRUE,DPD_STATUS_OK,,-38.9,FALSE,TRUE,80,1,48148,,ns=stopped,65,-5.5176,NORMAL,-35.28,TRUE,FALSE,,2106,PA abnormal
435,Radio 2271 B0C,CN3A184292,9/25/2025 1:30,PA abnormal,pa_issues,,ramping timeout.,113,BF,TRUE,TRUE,off,6,44.38,45.1,129,CtrlGainStateRamping=starting,43035,-1000,FALSE,0,,,NA,lin-ramping,40,TRUE,TRUE,,-63.57,TRUE,0,-950,TRUE,DPD_STATUS_OK,,-1000,FALSE,TRUE,20,2,43242,,ns=stopped,65,0,NORMAL,-1000,TRUE,FALSE,,2106,PA abnormal
436,Radio 2271 B0C,CN3A184292,9/25/2025 1:31,PA abnormal,pa_issues,,ramping timeout.,120,BF,TRUE,TRUE,off,2,49.03,45.1,136,CtrlGainStateRamping=starting,47972,-29.8,FALSE,-120,,,NA,lin-ramping,40,TRUE,TRUE,,-62.15,TRUE,0,-950,TRUE,DPD_STATUS_OK,,-1000,FALSE,TRUE,80,3,48113,,ns=stopped,65,0,NORMAL,-1000,TRUE,FALSE,,2106,PA abnormal
437,Radio 2271 B0C,CN3A184292,9/25/2025 1:32,PA abnormal,pa_issues,,ramping timeout.,117,BF,TRUE,TRUE,off,5,44.38,42.8,137,CtrlGainStateRamping=starting,43121,-1000,FALSE,0,,,NA,lin-ramping,40,TRUE,TRUE,,-63.79,TRUE,0,-950,TRUE,DPD_STATUS_OK,,-1000,FALSE,TRUE,20,3,43242,,ns=stopped,65,0,NORMAL,-1000,TRUE,FALSE,,2106,PA abnormal
438,Radio 2271 B0C,CN3A184292,9/25/2025 1:32,PA abnormal,pa_issues,,ramping timeout.,120,BF,TRUE,TRUE,off,3,47.39,42.8,136,CtrlGainStateRamping=starting,46023,-35.58,FALSE,-120,,,NA,lin-ramping,40,TRUE,TRUE,,-61.35,TRUE,0,-950,TRUE,DPD_STATUS_OK,,-37.04,FALSE,TRUE,40,0,46199,,ns=stopped,65,-5.66201,NORMAL,-32.77,TRUE,FALSE,,2106,PA abnormal
439,Radio 2271 B0C,CN3A184292,9/25/2025 1:33,PA abnormal,pa_issues,,ramping timeout.,125,BF,TRUE,TRUE,off,0,49.03,42.8,136,CtrlGainStateRamping=starting,48007,-35.1,FALSE,-240,,,NA,lin-ramping,40,TRUE,TRUE,,-61.28,TRUE,0,-950,TRUE,DPD_STATUS_OK,,-1000,FALSE,TRUE,80,3,48058,,ns=stopped,65,0,NORMAL,-1000,TRUE,FALSE,,2106,PA abnormal
440,Radio 2271 B0C,CN3A184292,9/26/2025 1:33,PA abnormal,pa_issues,,ramping timeout.,115,BF,TRUE,TRUE,off,2,44.38,35.2,141,CtrlGainStateRamping=starting,43101,-1000,FALSE,0,,,NA,lin-ramping,40,TRUE,TRUE,,-63.85,TRUE,0,-950,TRUE,DPD_STATUS_OK,,-1000,FALSE,TRUE,20,5,43292,,ns=stopped,65,0,NORMAL,-1000,TRUE,FALSE,,2106,PA abnormal
441,Radio 2271 B0C,CN3A184292,9/26/2025 1:33,PA abnormal,pa_issues,,ramping timeout.,122,BF,TRUE,TRUE,off,3,49.03,35.9,136,CtrlGainStateRamping=starting,47972,-30.07,FALSE,-120,,,NA,lin-ramping,40,TRUE,TRUE,,-62.62,TRUE,0,-950,TRUE,DPD_STATUS_OK,,-31.12,FALSE,TRUE,80,4,48093,,ns=stopped,65,-5.28523,NORMAL,-27.09,TRUE,FALSE,,2106,PA abnormal
442,Radio 2271 B0C,CN3A184292,9/26/2025 1:35,PA abnormal,pa_issues,,ramping timeout.,113,BF,TRUE,TRUE,off,0,44.38,34.4,132,CtrlGainStateRamping=starting,43085,-1000,FALSE,0,,,NA,lin-ramping,40,TRUE,TRUE,,-63.84,TRUE,0,-950,TRUE,DPD_STATUS_OK,,-1000,FALSE,TRUE,20,6,43242,,ns=stopped,65,0,NORMAL,-1000,TRUE,FALSE,,2106,PA abnormal
443,Radio 2271 B0C,CN3A184292,9/26/2025 1:35,PA abnormal,pa_issues,,ramping timeout.,120,BF,TRUE,TRUE,off,1,47.39,34.4,132,CtrlGainStateRamping=starting,46128,-1000,FALSE,-120,,,NA,lin-ramping,40,TRUE,TRUE,,-61.74,TRUE,0,-950,TRUE,DPD_STATUS_OK,,-1000,FALSE,TRUE,40,1,46214,,ns=stopped,65,0,NORMAL,-1000,TRUE,FALSE,,2106,PA abnormal
444,Radio 2271 B0C,CN3A184292,9/26/2025 1:35,PA abnormal,pa_issues,,ramping timeout.,125,BF,TRUE,TRUE,off,5,49.03,34.4,136,CtrlGainStateRamping=paused,47957,-28.1,FALSE,-240,,,NA,lin-ramping,40,TRUE,TRUE,,-61.52,TRUE,0,-950,TRUE,DPD_STATUS_OK,,-29.66,FALSE,TRUE,80,2,48078,,ns=stopped,65,-5.39234,NORMAL,-25.69,TRUE,FALSE,,2106,PA abnormal
445,Radio 2271 B0C,CN3A184292,9/27/2025 1:03,PA abnormal,pa_issues,,ramping timeout.,111,BF,TRUE,TRUE,off,4,44.38,37.5,132,CtrlGainStateRamping=starting,43015,-1000,FALSE,0,,,NA,lin-ramping,40,TRUE,TRUE,,-64.13,TRUE,0,-950,TRUE,DPD_STATUS_OK,,-1000,FALSE,TRUE,20,0,43242,,ns=stopped,65,0,NORMAL,-1000,TRUE,FALSE,,2106,PA abnormal
446,Radio 2271 B0C,CN3A184292,9/27/2025 1:03,PA abnormal,pa_issues,,ramping timeout.,117,BF,TRUE,TRUE,off,1,49.03,37.5,134,CtrlGainStateRamping=starting,47972,-26.04,FALSE,-120,,,NA,lin-ramping,40,TRUE,TRUE,,-62.33,TRUE,0,-950,TRUE,DPD_STATUS_OK,,-31.1,FALSE,TRUE,80,1,48199,,ns=stopped,65,-5.00113,NORMAL,-27.15,TRUE,FALSE,,2106,PA abnormal
447,Radio 2271 B0C,CN3A184292,9/27/2025 1:04,PA abnormal,pa_issues,,ramping timeout.,113,BF,TRUE,TRUE,off,2,44.38,35.9,125,CtrlGainStateRamping=paused,43000,-1000,FALSE,0,,,NA,lin-ramping,40,TRUE,TRUE,,-64.08,TRUE,0,-950,TRUE,DPD_STATUS_OK,,-1000,FALSE,TRUE,20,2,43207,,ns=stopped,65,0,NORMAL,-1000,TRUE,FALSE,,2106,PA abnormal
448,Radio 2271 B0C,CN3A184292,9/27/2025 1:05,PA abnormal,pa_issues,,ramping timeout.,115,BF,TRUE,TRUE,off,2,47.39,35.9,134,CtrlGainStateRamping=starting,46042,-27.51,FALSE,-120,,,NA,lin-ramping,40,TRUE,TRUE,,-61.93,TRUE,0,-950,TRUE,DPD_STATUS_OK,,-1000,FALSE,TRUE,40,1,46214,,ns=stopped,65,0,NORMAL,-1000,TRUE,FALSE,,2106,PA abnormal
449,Radio 2271 B0C,CN3A184292,9/27/2025 1:05,PA abnormal,pa_issues,,ramping timeout.,120,BF,TRUE,TRUE,off,0,49.03,35.9,132,CtrlGainStateRamping=paused,47902,-25.51,FALSE,-240,,,NA,lin-ramping,40,TRUE,TRUE,,-61.63,TRUE,0,-950,TRUE,DPD_STATUS_OK,,-29.58,FALSE,TRUE,80,3,48148,,ns=stopped,65,-5.49991,NORMAL,-25.59,TRUE,FALSE,,2106,PA abnormal
450,Radio 2271 B0C,CN3A184292,9/29/2025 2:41,PA abnormal,pa_issues,,ramping timeout.,115,BF,TRUE,TRUE,off,3,44.38,37.5,136,CtrlGainStateRamping=paused,43191,-1000,FALSE,0,,,NA,lin-ramping,40,TRUE,TRUE,,-63.89,TRUE,0,-950,TRUE,DPD_STATUS_OK,,-1000,FALSE,TRUE,20,2,43277,,ns=stopped,65,0,NORMAL,-1000,TRUE,FALSE,,2106,PA abnormal
451,Radio 2271 B0C,CN3A184292,9/29/2025 2:41,PA abnormal,pa_issues,,ramping timeout.,120,BF,TRUE,TRUE,off,6,49.03,37.5,134,CtrlGainStateRamping=starting,48007,-1000,FALSE,-120,,,NA,lin-ramping,40,TRUE,TRUE,,-62.19,TRUE,0,-950,TRUE,DPD_STATUS_OK,,-1000,FALSE,TRUE,80,2,48128,,ns=stopped,65,0,NORMAL,-1000,TRUE,FALSE,,2106,PA abnormal
452,Radio 2271 B0C,CN3A184292,9/29/2025 2:42,PA abnormal,pa_issues,,ramping timeout.,115,BF,TRUE,TRUE,off,3,44.38,36.7,139,CtrlGainStateRamping=starting,43101,-1000,FALSE,0,,,NA,lin-ramping,40,TRUE,TRUE,,-64.12,TRUE,0,-950,TRUE,DPD_STATUS_OK,,-1000,FALSE,TRUE,20,4,43292,,ns=stopped,65,0,NORMAL,-1000,TRUE,FALSE,,2106,PA abnormal
453,Radio 2271 B0C,CN3A184292,9/29/2025 2:43,PA abnormal,pa_issues,,ramping timeout.,115,BF,TRUE,TRUE,off,1,47.39,36.7,134,CtrlGainStateRamping=starting,46023,-28.98,FALSE,-120,,,NA,lin-ramping,40,TRUE,TRUE,,-61.79,TRUE,0,-950,TRUE,DPD_STATUS_OK,,-1000,FALSE,TRUE,40,2,46234,,ns=stopped,65,0,NORMAL,-1000,TRUE,FALSE,,2106,PA abnormal
454,Radio 2271 B0C,CN3A184292,9/29/2025 2:43,PA abnormal,pa_issues,,ramping timeout.,120,BF,TRUE,TRUE,off,1,49.03,36.7,139,CtrlGainStateRamping=starting,47902,-27.03,FALSE,-240,,,NA,lin-ramping,40,TRUE,TRUE,,-61.52,TRUE,0,-950,TRUE,DPD_STATUS_OK,,-31.36,FALSE,TRUE,80,1,48183,,ns=stopped,65,-5.39234,NORMAL,-27.45,TRUE,FALSE,,2106,PA abnormal
455,Radio 2271 B0C,CN3A184292,10/2/2025 1:21,PA abnormal,pa_issues,,ramping timeout.,113,BF,TRUE,TRUE,off,3,44.38,39.8,134,CtrlGainStateRamping=starting,43171,-1000,FALSE,0,,,NA,lin-ramping,40,TRUE,TRUE,,-64.04,TRUE,0,-950,TRUE,DPD_STATUS_OK,,-1000,FALSE,TRUE,20,1,43226,,ns=stopped,65,0,NORMAL,-1000,TRUE,FALSE,,2106,PA abnormal
456,Radio 2271 B0C,CN3A184292,10/2/2025 1:22,PA abnormal,pa_issues,,ramping timeout.,117,BF,TRUE,TRUE,off,6,49.03,39.8,141,CtrlGainStateRamping=starting,47992,-1000,FALSE,-120,,,NA,lin-ramping,40,TRUE,TRUE,,-62.51,TRUE,0,-950,TRUE,DPD_STATUS_OK,,-1000,FALSE,TRUE,80,7,48148,,ns=stopped,65,0,NORMAL,-1000,TRUE,FALSE,,2106,PA abnormal
457,Radio 2271 B0C,CN3A184292,10/2/2025 1:23,PA abnormal,pa_issues,,ramping timeout.,110,BF,TRUE,TRUE,off,2,44.38,39,130,CtrlGainStateRamping=starting,43191,-1000,FALSE,0,,,NA,lin-ramping,40,TRUE,TRUE,,-63.94,TRUE,0,-950,TRUE,DPD_STATUS_OK,,-1000,FALSE,TRUE,20,1,43277,,ns=stopped,65,0,NORMAL,-1000,TRUE,FALSE,,2106,PA abnormal
458,Radio 2271 B0C,CN3A184292,10/2/2025 1:23,PA abnormal,pa_issues,,ramping timeout.,122,BF,TRUE,TRUE,off,2,47.39,38.2,134,CtrlGainStateRamping=starting,46164,-26.58,FALSE,-120,,,NA,lin-ramping,40,TRUE,TRUE,,-61.62,TRUE,0,-950,TRUE,DPD_STATUS_OK,,-27.73,FALSE,TRUE,40,5,46304,,ns=stopped,65,-5.92668,NORMAL,-23.73,TRUE,FALSE,,2106,PA abnormal
459,Radio 2271 B0C,CN3A184292,10/2/2025 1:24,PA abnormal,pa_issues,,ramping timeout.,122,BF,TRUE,TRUE,off,3,49.03,38.2,136,CtrlGainStateRamping=starting,47902,-28.06,FALSE,-240,,,NA,lin-ramping,40,TRUE,TRUE,,-61.45,TRUE,0,-950,TRUE,DPD_STATUS_OK,,-36.03,FALSE,TRUE,80,1,48148,,ns=stopped,65,-5.32115,NORMAL,-32.1,TRUE,FALSE,,2106,PA abnormal
460,Radio 2271 B0C,CN3A184292,10/2/2025 3:09,PA abnormal,pa_issues,,ramping timeout.,113,BF,TRUE,TRUE,off,1,44.38,41.3,130,CtrlGainStateRamping=paused,43101,-1000,FALSE,0,,,NA,lin-ramping,40,TRUE,TRUE,,-63.91,TRUE,0,-950,TRUE,DPD_STATUS_OK,,-1000,FALSE,TRUE,20,2,43277,,ns=stopped,65,0,NORMAL,-1000,TRUE,FALSE,,2106,PA abnormal
461,Radio 2271 B0C,CN3A184292,10/2/2025 3:09,PA abnormal,pa_issues,,ramping timeout.,120,BF,TRUE,TRUE,off,2,47.39,41.3,136,CtrlGainStateRamping=paused,46113,-26.42,FALSE,-120,,,NA,lin-ramping,40,TRUE,TRUE,,-61.76,TRUE,0,-950,TRUE,DPD_STATUS_OK,,-27.79,FALSE,TRUE,40,2,46199,,ns=stopped,65,-6.07442,NORMAL,-23.83,TRUE,FALSE,,2106,PA abnormal
462,Radio 2271 B0C,CN3A184292,10/2/2025 3:10,PA abnormal,pa_issues,,ramping timeout.,115,BF,TRUE,TRUE,off,1,44.38,39.8,134,CtrlGainStateRamping=starting,43085,-1000,FALSE,0,,,NA,lin-ramping,40,TRUE,TRUE,,-63.84,TRUE,0,-950,TRUE,DPD_STATUS_OK,,-1000,FALSE,TRUE,20,6,43191,,ns=stopped,65,0,NORMAL,-1000,TRUE,FALSE,,2106,PA abnormal
463,Radio 2271 B0C,CN3A184292,10/2/2025 3:11,PA abnormal,pa_issues,,ramping timeout.,122,BF,TRUE,TRUE,off,1,49.03,39.8,136,CtrlGainStateRamping=paused,47972,-27.07,FALSE,-120,,,NA,lin-ramping,40,TRUE,TRUE,,-62.4,TRUE,0,-950,TRUE,DPD_STATUS_OK,,-35.56,FALSE,TRUE,80,3,48148,,ns=stopped,65,-5.07439,NORMAL,-31.66,TRUE,FALSE,,2106,PA abnormal
464,Radio 2271 B0C,CN3A184292,10/2/2025 3:15,PA abnormal,pa_issues,,ramping timeout.,122,BF,TRUE,TRUE,off,4,49.03,41.3,136,CtrlGainStateRamping=paused,47957,-1000,FALSE,-240,,,NA,lin-ramping,40,TRUE,TRUE,,-61.55,TRUE,0,-950,TRUE,DPD_STATUS_OK,,-1000,FALSE,TRUE,80,2,48164,,ns=stopped,65,0,NORMAL,-1000,TRUE,FALSE,,2106,PA abnormal
465,Radio 2271 B0C,CN3A184292,10/3/2025 3:24,PA abnormal,pa_issues,,ramping timeout.,113,BF,TRUE,TRUE,off,2,44.38,40.5,129,CtrlGainStateRamping=paused,43101,-1000,FALSE,0,,,NA,lin-ramping,40,TRUE,TRUE,,-63.95,TRUE,0,-950,TRUE,DPD_STATUS_OK,,-1000,FALSE,TRUE,20,4,43257,,ns=stopped,65,0,NORMAL,-1000,TRUE,FALSE,,2106,PA abnormal
466,Radio 2271 B0C,CN3A184292,10/3/2025 3:24,PA abnormal,pa_issues,,ramping timeout.,115,BF,TRUE,TRUE,off,0,49.03,40.5,132,CtrlGainStateRamping=starting,47921,-43.88,FALSE,-120,,,NA,lin-ramping,40,TRUE,TRUE,,-62.45,TRUE,0,-950,TRUE,DPD_STATUS_OK,,-48.43,FALSE,TRUE,80,2,48078,,ns=stopped,65,-5.12036,NORMAL,-42.1,TRUE,FALSE,,2106,PA abnormal
2524,Radio 2271 B28,EA8B956655,4/24/2024 13:03,PA abnormal,pa_issues,,ramping timeout.,155,BF,TRUE,FALSE,off,0,49,75.1,281,CtrlGainStateRamping=starting,47851,-1000,TRUE,0,,,NA,lin-ramping,40,FALSE,TRUE,,-58.7762,TRUE,0,-850,TRUE,DPD_STATUS_OK,,-1000,FALSE,TRUE,80,46.5,48050,,ns=stopped,4,0,NORMAL,-1000,TRUE,TRUE,FALSE,1901,PA abnormal
2525,Radio 2271 B28,EA8B956655,4/24/2024 13:03,PA abnormal,pa_issues,,ramping timeout.,211,BF,TRUE,FALSE,off,75,49,75.5,398,CtrlGainStateRamping=starting,48007,-9.7472,TRUE,-120,,,NA,lin-ramping,40,FALSE,TRUE,,-57.3079,TRUE,0,-850,TRUE,DPD_STATUS_OK,,-13.7782,FALSE,TRUE,80,47,47992,,ns=stopped,4,-1.00794,NORMAL,-9.7427,TRUE,TRUE,FALSE,1903,PA abnormal
2526,Radio 2271 B28,EA8B956655,4/24/2024 13:04,PA abnormal,pa_issues,,ramping timeout.,102,BF,TRUE,FALSE,off,77,49,73.5,288,CtrlGainStateRamping=starting,47851,-18.7711,FALSE,0,,,NA,lin-ramping,40,FALSE,TRUE,,-59.6003,TRUE,0,-850,TRUE,DPD_STATUS_OK,,-21.7606,FALSE,TRUE,80,49,48042,,ns=stopped,4,-2.10031,NORMAL,-17.7948,TRUE,TRUE,FALSE,1903,PA abnormal
2527,Radio 2271 B28,EA8B956655,4/24/2024 13:04,PA abnormal,pa_issues,,ramping timeout.,101,BF,TRUE,FALSE,off,77,49,73.4,286,CtrlGainStateRamping=starting,47937,-24.8144,FALSE,-120,,,NA,lin-ramping,40,FALSE,TRUE,,-58.9553,TRUE,0,-850,TRUE,DPD_STATUS_OK,,-1000,FALSE,TRUE,80,49,48058,,ns=stopped,4,0,NORMAL,-1000,TRUE,TRUE,FALSE,1903,PA abnormal
2528,Radio 2271 B28,EA8B956655,4/24/2024 13:09,PA abnormal,pa_issues,,ramping timeout.,42,BF,TRUE,FALSE,off,78,43,68.4,211,CtrlGainStateRamping=starting,41972,-24.3284,FALSE,-240,,,NA,lin-ramping,40,FALSE,TRUE,,-57.7394,TRUE,0,-850,TRUE,DPD_STATUS_OK,,-1000,FALSE,TRUE,20,50,41988,,ns=stopped,4,0,NORMAL,-1000,TRUE,TRUE,FALSE,1903,PA abnormal
2529,Radio 2271 B28,EA8B956655,5/16/2024 6:58,PA abnormal,pa_issues,,ramping timeout.,1,BF,TRUE,FALSE,off,72,43.2,33.4,130,CtrlGainStateRamping=starting,42164,-17.2226,FALSE,0,,,NA,lin-ramping,40,FALSE,TRUE,,-60.9957,TRUE,0,-850,TRUE,DPD_STATUS_OK,,-24.9605,FALSE,TRUE,20,52,42285,,ns=stopped,4,-9.29569,NORMAL,-21.277,TRUE,TRUE,FALSE,1903,PA abnormal
2530,Radio 2271 B28,EA8B956655,5/16/2024 7:03,PA abnormal,pa_issues,,ramping timeout.,1,BF,TRUE,FALSE,off,72,43.2,35.7,135,CtrlGainStateRamping=starting,42250,-17.6546,FALSE,-120,,,NA,lin-ramping,40,FALSE,TRUE,,-59.904,TRUE,0,-850,TRUE,DPD_STATUS_OK,,-18.8524,FALSE,TRUE,20,53,42285,,ns=stopped,4,-9.40396,NORMAL,-14.7853,TRUE,TRUE,FALSE,1903,PA abnormal
2531,Radio 2271 B28,EA8B956655,5/16/2024 7:04,PA abnormal,pa_issues,,ramping timeout.,1,BF,TRUE,FALSE,off,72,43.2,35.1,135,CtrlGainStateRamping=starting,42144,-18.9717,FALSE,0,,,NA,lin-ramping,40,FALSE,TRUE,,-61.2108,TRUE,0,-850,TRUE,DPD_STATUS_OK,,-1000,FALSE,TRUE,20,53,42234,,ns=stopped,4,0,NORMAL,-1000,TRUE,TRUE,FALSE,1903,PA abnormal
2532,Radio 2271 B28,EA8B956655,5/17/2024 2:51,PA abnormal,pa_issues,,ramping timeout.,1,BF,TRUE,FALSE,off,72,43.2,33.4,133,CtrlGainStateRamping=starting,42128,-17.0455,FALSE,0,,,NA,lin-ramping,40,FALSE,TRUE,,-60.6877,TRUE,0,-850,TRUE,DPD_STATUS_OK,,-24.9786,FALSE,TRUE,20,53,42199,,ns=stopped,4,-8.98767,NORMAL,-21.0419,TRUE,TRUE,FALSE,1903,PA abnormal
2533,Radio 2271 B28,EA8B956655,5/17/2024 2:56,PA abnormal,pa_issues,,ramping timeout.,1,BF,TRUE,FALSE,off,72,43.2,35.8,138,CtrlGainStateRamping=starting,42179,-17.9407,FALSE,-120,,,NA,lin-ramping,40,FALSE,TRUE,,-59.7001,TRUE,0,-850,TRUE,DPD_STATUS_OK,,-19.115,FALSE,TRUE,20,53,42285,,ns=stopped,4,-9.20013,NORMAL,-15.0824,TRUE,TRUE,FALSE,1903,PA abnormal
2534,Radio 2271 B28,EA8B956655,5/17/2024 2:57,PA abnormal,pa_issues,,ramping timeout.,1,BF,TRUE,FALSE,off,72,43.2,35.1,137,CtrlGainStateRamping=starting,42164,-17.5823,FALSE,0,,,NA,lin-ramping,40,FALSE,TRUE,,-60.9919,TRUE,0,-850,TRUE,DPD_STATUS_OK,,-18.7285,FALSE,TRUE,20,52,42250,,ns=stopped,4,-9.29188,NORMAL,-14.6484,TRUE,TRUE,FALSE,1903,PA abnormal
2535,Radio 2271 B28,EA8B956655,4/24/2024 13:03,PA abnormal,pa_issues,,ramping timeout.,155,BF,TRUE,FALSE,off,0,49,75.1,281,CtrlGainStateRamping=starting,47851,-1000,TRUE,0,,,NA,lin-ramping,40,FALSE,TRUE,,-58.7762,TRUE,0,-850,TRUE,DPD_STATUS_OK,,-1000,FALSE,TRUE,80,46.5,48050,,ns=stopped,4,0,NORMAL,-1000,TRUE,TRUE,FALSE,1901,PA abnormal
2536,Radio 2271 B28,EA8B956655,4/24/2024 13:03,PA abnormal,pa_issues,,ramping timeout.,211,BF,TRUE,FALSE,off,75,49,75.5,398,CtrlGainStateRamping=starting,48007,-9.7472,TRUE,-120,,,NA,lin-ramping,40,FALSE,TRUE,,-57.3079,TRUE,0,-850,TRUE,DPD_STATUS_OK,,-13.7782,FALSE,TRUE,80,47,47992,,ns=stopped,4,-1.00794,NORMAL,-9.7427,TRUE,TRUE,FALSE,1903,PA abnormal
2537,Radio 2271 B28,EA8B956655,4/24/2024 13:04,PA abnormal,pa_issues,,ramping timeout.,102,BF,TRUE,FALSE,off,77,49,73.5,288,CtrlGainStateRamping=starting,47851,-18.7711,FALSE,0,,,NA,lin-ramping,40,FALSE,TRUE,,-59.6003,TRUE,0,-850,TRUE,DPD_STATUS_OK,,-21.7606,FALSE,TRUE,80,49,48042,,ns=stopped,4,-2.10031,NORMAL,-17.7948,TRUE,TRUE,FALSE,1903,PA abnormal
2538,Radio 2271 B28,EA8B956655,4/24/2024 13:04,PA abnormal,pa_issues,,ramping timeout.,101,BF,TRUE,FALSE,off,77,49,73.4,286,CtrlGainStateRamping=starting,47937,-24.8144,FALSE,-120,,,NA,lin-ramping,40,FALSE,TRUE,,-58.9553,TRUE,0,-850,TRUE,DPD_STATUS_OK,,-1000,FALSE,TRUE,80,49,48058,,ns=stopped,4,0,NORMAL,-1000,TRUE,TRUE,FALSE,1903,PA abnormal
2539,Radio 2271 B28,EA8B956655,4/24/2024 13:09,PA abnormal,pa_issues,,ramping timeout.,42,BF,TRUE,FALSE,off,78,43,68.4,211,CtrlGainStateRamping=starting,41972,-24.3284,FALSE,-240,,,NA,lin-ramping,40,FALSE,TRUE,,-57.7394,TRUE,0,-850,TRUE,DPD_STATUS_OK,,-1000,FALSE,TRUE,20,50,41988,,ns=stopped,4,0,NORMAL,-1000,TRUE,TRUE,FALSE,1903,PA abnormal
2540,Radio 2271 B28,EA8B956655,5/16/2024 6:58,PA abnormal,pa_issues,,ramping timeout.,1,BF,TRUE,FALSE,off,72,43.2,33.4,130,CtrlGainStateRamping=starting,42164,-17.2226,FALSE,0,,,NA,lin-ramping,40,FALSE,TRUE,,-60.9957,TRUE,0,-850,TRUE,DPD_STATUS_OK,,-24.9605,FALSE,TRUE,20,52,42285,,ns=stopped,4,-9.29569,NORMAL,-21.277,TRUE,TRUE,FALSE,1903,PA abnormal
2541,Radio 2271 B28,EA8B956655,5/16/2024 7:03,PA abnormal,pa_issues,,ramping timeout.,1,BF,TRUE,FALSE,off,72,43.2,35.7,135,CtrlGainStateRamping=starting,42250,-17.6546,FALSE,-120,,,NA,lin-ramping,40,FALSE,TRUE,,-59.904,TRUE,0,-850,TRUE,DPD_STATUS_OK,,-18.8524,FALSE,TRUE,20,53,42285,,ns=stopped,4,-9.40396,NORMAL,-14.7853,TRUE,TRUE,FALSE,1903,PA abnormal
2542,Radio 2271 B28,EA8B956655,5/16/2024 7:04,PA abnormal,pa_issues,,ramping timeout.,1,BF,TRUE,FALSE,off,72,43.2,35.1,135,CtrlGainStateRamping=starting,42144,-18.9717,FALSE,0,,,NA,lin-ramping,40,FALSE,TRUE,,-61.2108,TRUE,0,-850,TRUE,DPD_STATUS_OK,,-1000,FALSE,TRUE,20,53,42234,,ns=stopped,4,0,NORMAL,-1000,TRUE,TRUE,FALSE,1903,PA abnormal
2543,Radio 2271 B28,EA8B956655,5/17/2024 2:51,PA abnormal,pa_issues,,ramping timeout.,1,BF,TRUE,FALSE,off,72,43.2,33.4,133,CtrlGainStateRamping=starting,42128,-17.0455,FALSE,0,,,NA,lin-ramping,40,FALSE,TRUE,,-60.6877,TRUE,0,-850,TRUE,DPD_STATUS_OK,,-24.9786,FALSE,TRUE,20,53,42199,,ns=stopped,4,-8.98767,NORMAL,-21.0419,TRUE,TRUE,FALSE,1903,PA abnormal
2544,Radio 2271 B28,EA8B956655,5/17/2024 2:56,PA abnormal,pa_issues,,ramping timeout.,1,BF,TRUE,FALSE,off,72,43.2,35.8,138,CtrlGainStateRamping=starting,42179,-17.9407,FALSE,-120,,,NA,lin-ramping,40,FALSE,TRUE,,-59.7001,TRUE,0,-850,TRUE,DPD_STATUS_OK,,-19.115,FALSE,TRUE,20,53,42285,,ns=stopped,4,-9.20013,NORMAL,-15.0824,TRUE,TRUE,FALSE,1903,PA abnormal
2545,Radio 2271 B28,EA8B956655,5/17/2024 2:57,PA abnormal,pa_issues,,ramping timeout.,1,BF,TRUE,FALSE,off,72,43.2,35.1,137,CtrlGainStateRamping=starting,42164,-17.5823,FALSE,0,,,NA,lin-ramping,40,FALSE,TRUE,,-60.9919,TRUE,0,-850,TRUE,DPD_STATUS_OK,,-18.7285,FALSE,TRUE,20,52,42250,,ns=stopped,4,-9.29188,NORMAL,-14.6484,TRUE,TRUE,FALSE,1903,PA abnormal
489,Radio 2271 B0C,CN3A184292,10/7/2025 2:43,PA abnormal,pa_issues,,ramping timeout.,120,BF,TRUE,TRUE,off,2,49.03,40.5,136,CtrlGainStateRamping=starting,48058,-1000,FALSE,-240,,,NA,lin-ramping,40,TRUE,TRUE,,-61.47,TRUE,0,-950,TRUE,DPD_STATUS_OK,,-1000,FALSE,TRUE,80,5,48113,,ns=stopped,65,0,NORMAL,-1000,TRUE,FALSE,,2106,PA abnormal
490,Radio 2271 B0C,CN3A184292,10/8/2025 2:49,PA abnormal,pa_issues,,ramping timeout.,120,BF,TRUE,TRUE,off,1,44.38,50.5,146,CtrlGainStateRamping=starting,43085,-1000,FALSE,0,,,NA,lin-ramping,40,TRUE,TRUE,,-63.84,TRUE,0,-950,TRUE,DPD_STATUS_OK,,-1000,FALSE,TRUE,20,3,43136,,ns=stopped,65,0,NORMAL,-1000,TRUE,FALSE,,2106,PA abnormal
491,Radio 2271 B0C,CN3A184292,10/8/2025 2:50,PA abnormal,pa_issues,,ramping timeout.,125,BF,TRUE,TRUE,off,6,49.03,50.5,141,CtrlGainStateRamping=starting,47957,-30.7,FALSE,-120,,,NA,lin-ramping,40,TRUE,TRUE,,-62.35,TRUE,0,-950,TRUE,DPD_STATUS_OK,,-31.74,FALSE,TRUE,80,2,48078,,ns=stopped,65,-5.01846,NORMAL,-27.71,TRUE,FALSE,,2106,PA abnormal
492,Radio 2271 B0C,CN3A184292,10/8/2025 2:51,PA abnormal,pa_issues,,ramping timeout.,125,BF,TRUE,TRUE,off,5,44.38,49.7,134,CtrlGainStateRamping=paused,43156,-1000,FALSE,0,,,NA,lin-ramping,40,TRUE,TRUE,,-63.77,TRUE,0,-950,TRUE,DPD_STATUS_OK,,-1000,FALSE,TRUE,20,1,43136,,ns=stopped,65,0,NORMAL,-1000,TRUE,FALSE,,2106,PA abnormal
493,Radio 2271 B0C,CN3A184292,10/8/2025 2:51,PA abnormal,pa_issues,,ramping timeout.,125,BF,TRUE,TRUE,off,0,47.39,49.7,139,CtrlGainStateRamping=starting,46093,-26.41,FALSE,-120,,,NA,lin-ramping,40,TRUE,TRUE,,-61.56,TRUE,0,-950,TRUE,DPD_STATUS_OK,,-28.65,FALSE,TRUE,40,2,46164,,ns=stopped,65,-5.87273,NORMAL,-24.7,TRUE,FALSE,,2106,PA abnormal
494,Radio 2271 B0C,CN3A184292,10/8/2025 2:51,PA abnormal,pa_issues,,ramping timeout.,129,BF,TRUE,TRUE,off,1,49.03,49.7,144,CtrlGainStateRamping=paused,47957,-37.07,FALSE,-240,,,NA,lin-ramping,40,TRUE,TRUE,,-61.41,TRUE,0,-950,TRUE,DPD_STATUS_OK,,-1000,FALSE,TRUE,80,0,48027,,ns=stopped,65,0,NORMAL,-1000,TRUE,FALSE,,2106,PA abnormal
495,Radio 2271 B0C,CN3A184292,10/9/2025 2:29,PA abnormal,pa_issues,,ramping timeout.,122,BF,TRUE,TRUE,off,3,44.38,48.9,137,CtrlGainStateRamping=starting,43156,-1000,FALSE,0,,,NA,lin-ramping,40,TRUE,TRUE,,-63.85,TRUE,0,-950,TRUE,DPD_STATUS_OK,,-1000,FALSE,TRUE,20,0,43226,,ns=stopped,65,0,NORMAL,-1000,TRUE,FALSE,,2106,PA abnormal
496,Radio 2271 B0C,CN3A184292,10/9/2025 2:29,PA abnormal,pa_issues,,ramping timeout.,127,BF,TRUE,TRUE,off,5,49.03,48.9,139,CtrlGainStateRamping=starting,47972,-1000,FALSE,-120,,,NA,lin-ramping,40,TRUE,TRUE,,-62.07,TRUE,0,-950,TRUE,DPD_STATUS_OK,,-1000,FALSE,TRUE,80,2,48113,,ns=stopped,65,0,NORMAL,-1000,TRUE,FALSE,,2106,PA abnormal
497,Radio 2271 B0C,CN3A184292,10/9/2025 2:31,PA abnormal,pa_issues,,ramping timeout.,120,BF,TRUE,TRUE,off,1,44.38,47.4,139,CtrlGainStateRamping=starting,43136,-1000,FALSE,0,,,NA,lin-ramping,40,TRUE,TRUE,,-63.58,TRUE,0,-950,TRUE,DPD_STATUS_OK,,-1000,FALSE,TRUE,20,0,43207,,ns=stopped,65,0,NORMAL,-1000,TRUE,FALSE,,2106,PA abnormal
498,Radio 2271 B0C,CN3A184292,10/9/2025 2:31,PA abnormal,pa_issues,,ramping timeout.,127,BF,TRUE,TRUE,off,4,49.03,48.2,141,CtrlGainStateRamping=starting,47992,-1000,FALSE,-120,,,NA,lin-ramping,40,TRUE,TRUE,,-62.29,TRUE,0,-950,TRUE,DPD_STATUS_OK,,-1000,FALSE,TRUE,80,2,48058,,ns=stopped,65,0,NORMAL,-1000,TRUE,FALSE,,2106,PA abnormal
2556,Radio 2271 B28,EA8C068828,5/31/2025 1:02,PA abnormal,pa_issues,,ramping timeout.,1496,BF,TRUE,TRUE,off,74,49.03,68.6,1573,CtrlGainStateRamping=starting,47972,-10.8923,TRUE,0,,,NA,lin-ramping,40,TRUE,TRUE,,-10.9738,TRUE,0,-850,TRUE,DPD_STATUS_OK,,-17.1197,FALSE,TRUE,80,45,48339,,ns=stopped,7,46.5562,NORMAL,-13.1211,TRUE,FALSE,,1905,PA abnormal
2557,Radio 2271 B28,EA8C068828,5/31/2025 1:02,PA abnormal,pa_issues,,ramping timeout.,373,BF,TRUE,TRUE,off,76,49.03,69.1,531,CtrlGainStateRamping=paused,47972,-13.7147,TRUE,-120,,,NA,lin-ramping,40,TRUE,TRUE,,-13.7035,TRUE,0,-850,TRUE,DPD_STATUS_OK,,-16.3736,FALSE,TRUE,80,46,48425,,ns=stopped,7,42.6265,NORMAL,-12.3265,TRUE,FALSE,,0,PA abnormal
2558,Radio 2271 B28,EA8C068828,5/31/2025 1:04,PA abnormal,pa_issues,,ramping timeout.,272,BF,TRUE,TRUE,off,79,49.03,67.8,414,CtrlGainStateRamping=starting,47886,-1000,FALSE,0,,,NA,lin-ramping,40,TRUE,TRUE,,-56.4191,TRUE,0,-850,TRUE,DPD_STATUS_OK,,-1000,FALSE,TRUE,80,48,48339,,ns=stopped,7,0,NORMAL,-1000,TRUE,FALSE,,1905,PA abnormal
2559,Radio 2271 B28,EA8C068828,5/31/2025 1:09,PA abnormal,pa_issues,,ramping timeout.,67,BF,TRUE,TRUE,off,82,49.03,63.6,204,CtrlGainStateRamping=starting,47886,-1000,FALSE,-120,,,NA,lin-ramping,40,TRUE,TRUE,,-57.806,TRUE,0,-850,TRUE,DPD_STATUS_OK,,-1000,FALSE,TRUE,80,50,48320,,ns=stopped,7,0,NORMAL,-1000,TRUE,FALSE,,1905,PA abnormal
2560,Radio 2271 B28,EA8C068828,5/31/2025 1:14,PA abnormal,pa_issues,,ramping timeout.,56,BF,TRUE,TRUE,off,82,49.03,60.8,190,CtrlGainStateRamping=starting,47851,-1000,FALSE,-240,,,NA,lin-ramping,40,TRUE,TRUE,,-58.2658,TRUE,0,-850,TRUE,DPD_STATUS_OK,,-1000,FALSE,TRUE,80,50,48355,,ns=stopped,7,0,NORMAL,-1000,TRUE,FALSE,,1905,PA abnormal
2561,Radio 2271 B28,EA8C068828,8/8/2025 9:30,PA abnormal,pa_issues,,ramping timeout.,18,BF,TRUE,TRUE,off,86,49.03,51.9,142,CtrlGainStateRamping=starting,47972,-1000,FALSE,0,,,NA,lin-ramping,40,TRUE,TRUE,,-59.7096,TRUE,0,-850,TRUE,DPD_STATUS_OK,,-1000,FALSE,TRUE,80,54,48390,,ns=stopped,7,0,NORMAL,-1000,TRUE,FALSE,,1905,PA abnormal
2562,Radio 2271 B28,EA8C068828,8/8/2025 9:35,PA abnormal,pa_issues,,ramping timeout.,18,BF,TRUE,TRUE,off,86,49.03,51.4,142,CtrlGainStateRamping=starting,47921,-1000,FALSE,-120,,,NA,lin-ramping,40,TRUE,TRUE,,-59.1629,TRUE,0,-850,TRUE,DPD_STATUS_OK,,-1000,FALSE,TRUE,80,54,48425,,ns=stopped,7,0,NORMAL,-1000,TRUE,FALSE,,1905,PA abnormal
2563,Radio 2271 B28,EA8C068828,8/8/2025 9:36,PA abnormal,pa_issues,,ramping timeout.,18,BF,TRUE,TRUE,off,86,49.03,50.5,143,CtrlGainStateRamping=paused,47957,-1000,FALSE,0,,,NA,lin-ramping,40,TRUE,TRUE,,-60.3614,TRUE,0,-850,TRUE,DPD_STATUS_OK,,-1000,FALSE,TRUE,80,54,48425,,ns=stopped,7,0,NORMAL,-1000,TRUE,FALSE,,1905,PA abnormal
2564,Radio 2271 B28,EA8C068828,8/11/2025 1:17,PA abnormal,pa_issues,,ramping timeout.,18,BF,TRUE,TRUE,off,86,49.03,48.1,139,CtrlGainStateRamping=paused,47886,-1000,FALSE,-120,,,NA,lin-ramping,40,TRUE,TRUE,,-58.4211,TRUE,0,-850,TRUE,DPD_STATUS_OK,,-1000,FALSE,TRUE,80,54,48339,,ns=stopped,7,0,NORMAL,-1000,TRUE,FALSE,,1905,PA abnormal
2565,Radio 2271 B28,EA8C068828,8/11/2025 1:19,PA abnormal,pa_issues,,ramping timeout.,18,BF,TRUE,TRUE,off,85,49.03,48.2,140,CtrlGainStateRamping=paused,47871,-1000,FALSE,0,,,NA,lin-ramping,40,TRUE,TRUE,,-60.809,TRUE,0,-850,TRUE,DPD_STATUS_OK,,-1000,FALSE,TRUE,80,54,48425,,ns=stopped,7,0,NORMAL,-1000,TRUE,FALSE,,1905,PA abnormal
2566,Radio 2271 B28,EA8C068828,8/11/2025 1:24,PA abnormal,pa_issues,,ramping timeout.,18,BF,TRUE,TRUE,off,85,49.03,51,143,CtrlGainStateRamping=starting,47886,-1000,FALSE,-120,,,NA,lin-ramping,40,TRUE,TRUE,,-58.5837,TRUE,0,-850,TRUE,DPD_STATUS_OK,,-1000,FALSE,TRUE,80,54,48390,,ns=stopped,7,0,NORMAL,-1000,TRUE,FALSE,,1905,PA abnormal
2567,Radio 2271 B28,EA8C068828,8/11/2025 1:27,PA abnormal,pa_issues,,ramping timeout.,18,BF,TRUE,TRUE,off,85,49.03,51.2,143,CtrlGainStateRamping=starting,47992,-1000,FALSE,0,,,NA,lin-ramping,40,TRUE,TRUE,,-60.5398,TRUE,0,-850,TRUE,DPD_STATUS_OK,,-1000,FALSE,TRUE,80,53,48320,,ns=stopped,7,0,NORMAL,-1000,TRUE,FALSE,,1905,PA abnormal
2568,Radio 2271 B28,EA8C068828,8/11/2025 1:32,PA abnormal,pa_issues,,ramping timeout.,18,BF,TRUE,TRUE,off,86,49.03,52.7,145,CtrlGainStateRamping=starting,47902,-1000,FALSE,-120,,,NA,lin-ramping,40,TRUE,TRUE,,-58.7541,TRUE,0,-850,TRUE,DPD_STATUS_OK,,-1000,FALSE,TRUE,80,54,48339,,ns=stopped,7,0,NORMAL,-1000,TRUE,FALSE,,1905,PA abnormal
2569,Radio 2271 B28,EA8C068828,8/11/2025 1:33,PA abnormal,pa_issues,,ramping timeout.,18,BF,TRUE,TRUE,off,86,49.03,52.1,144,CtrlGainStateRamping=starting,47937,-1000,FALSE,0,,,NA,lin-ramping,40,TRUE,TRUE,,-59.9367,TRUE,0,-850,TRUE,DPD_STATUS_OK,,-1000,FALSE,TRUE,80,53,48425,,ns=stopped,7,0,NORMAL,-1000,TRUE,FALSE,,1905,PA abnormal
2570,Radio 2271 B28,EA8C068828,8/11/2025 1:46,PA abnormal,pa_issues,,ramping timeout.,18,BF,TRUE,TRUE,off,86,49.03,54.1,146,CtrlGainStateRamping=starting,47937,-1000,FALSE,-120,,,NA,lin-ramping,40,TRUE,TRUE,,-59.6597,TRUE,0,-850,TRUE,DPD_STATUS_OK,,-1000,FALSE,TRUE,80,53,48476,,ns=stopped,7,0,NORMAL,-1000,TRUE,FALSE,,1905,PA abnormal
2571,Radio 2271 B28,EA8C068828,8/11/2025 1:47,PA abnormal,pa_issues,,ramping timeout.,18,BF,TRUE,TRUE,off,87,49.03,53.1,144,CtrlGainStateRamping=starting,47851,-1000,FALSE,0,,,NA,lin-ramping,40,TRUE,TRUE,,-59.7419,TRUE,0,-850,TRUE,DPD_STATUS_OK,,-1000,FALSE,TRUE,80,53,48425,,ns=stopped,7,0,NORMAL,-1000,TRUE,FALSE,,1905,PA abnormal
2546,Radio 2271 B28,EA8C026193,8/11/2024 5:06,PA abnormal,pa_issues,,ramping timeout.,1.5,BF,TRUE,FALSE,off,0,49,63.5,1,CtrlGainStateRamping=starting,406,-1000,TRUE,0,,,NA,lin-ramping,40,FALSE,TRUE,,-59.8695,TRUE,0,-850,TRUE,DPD_STATUS_OK,,-1000,FALSE,TRUE,80,0,66,,ns=stopped,4,0,NORMAL,-1000,TRUE,TRUE,FALSE,1906,PA abnormal
2547,Radio 2271 B28,EA8C026193,8/11/2024 5:06,PA abnormal,pa_issues,,ramping timeout.,1.5,BF,TRUE,FALSE,off,0,49,63.5,1,CtrlGainStateRamping=starting,406,-1000,TRUE,0,,,NA,lin-ramping,40,FALSE,TRUE,,-59.5471,TRUE,0,-850,TRUE,DPD_STATUS_OK,,-1000,FALSE,TRUE,80,0,66,,ns=stopped,4,0,NORMAL,-1000,TRUE,TRUE,FALSE,1905,PA abnormal
2548,Radio 2271 B28,EA8C026193,8/11/2024 5:06,PA abnormal,pa_issues,,ramping timeout.,2646,BF,TRUE,FALSE,off,0,49,63.4,1.5,CtrlGainStateRamping=starting,337.5,-1000,TRUE,-120,,,NA,lin-ramping,40,FALSE,TRUE,,-59.2496,TRUE,0,-850,TRUE,DPD_STATUS_OK,,-1000,FALSE,TRUE,80,9.5,66,,ns=stopped,4,0,NORMAL,-1000,TRUE,TRUE,FALSE,1906,PA abnormal
2549,Radio 2271 B28,EA8C026193,8/11/2024 5:06,PA abnormal,pa_issues,,ramping timeout.,2646,BF,TRUE,FALSE,off,0,49,63.4,1.5,CtrlGainStateRamping=starting,337.5,-1000,TRUE,-120,,,NA,lin-ramping,40,FALSE,TRUE,,-59.2174,TRUE,0,-850,TRUE,DPD_STATUS_OK,,-1000,FALSE,TRUE,80,9.5,66,,ns=stopped,4,0,NORMAL,-1000,TRUE,TRUE,FALSE,1905,PA abnormal
2588,Radio 2271 B28,EM8A320510,7/11/2024 5:38,PA abnormal,pa_issues,,supervision,104,BF,TRUE,FALSE,on,28,47.2,37.4,116,CtrlGainStateTuned=started,45902,-10.291,TRUE,0,,,DPD_SCHD_MEAS_STATUS_TOR_ADC_ERR_B,lin-sv,40,FALSE,TRUE,,-10.3171,TRUE,29,-850,TRUE,DPD_STATUS_FAIL,,-15.3316,FALSE,TRUE,40,22,46234,,CtrlLinStateStartLate=started,19,45.3829,NORMAL,-10.2692,TRUE,TRUE,FALSE,448,PA abnormal
2589,Radio 2271 B28,EM8A320510,7/11/2024 12:22,PA abnormal,pa_issues,,supervision,169,BF,TRUE,FALSE,on,27,47.2,31.1,103,CtrlGainStateTuned=started,46023,-10.4995,TRUE,0,,,DPD_SCHD_MEAS_STATUS_TOR_ADC_ERR_B,lin-sv,40,FALSE,TRUE,,-10.5843,TRUE,23,-850,TRUE,DPD_STATUS_FAIL,,-15.5149,FALSE,TRUE,40,23,46375,,CtrlLinStateStartLate=started,19,45.1157,NORMAL,-10.474,TRUE,TRUE,FALSE,478,PA abnormal
2590,Radio 2271 B28,EM8A320510,7/11/2024 12:22,PA abnormal,pa_issues,,supervision,151,BF,TRUE,FALSE,on,19,47.2,31.1,104,CtrlGainStateTuned=started,46023,-10.9387,TRUE,-20,,,DPD_SCHD_MEAS_STATUS_TOR_ADC_ERR_B,lin-sv,40,FALSE,TRUE,,-10.9847,TRUE,5,-850,TRUE,DPD_STATUS_FAIL,,-15.8911,FALSE,TRUE,40,24,46304,,CtrlLinStateStartLate=started,19,44.5153,NORMAL,-11.3157,TRUE,TRUE,FALSE,526,PA abnormal
2591,Radio 2271 B28,EM8A320510,7/11/2024 13:29,PA abnormal,pa_issues,,supervision,181,BF,TRUE,FALSE,on,28,47.2,37.7,119,CtrlGainStateTuned=started,46023,-10.6399,TRUE,-20,,,DPD_SCHD_MEAS_STATUS_TOR_ADC_ERR_B,lin-sv,40,FALSE,TRUE,,-10.6448,TRUE,5,-850,TRUE,DPD_STATUS_FAIL,,-15.4401,FALSE,TRUE,40,23,46285,,CtrlLinStateStartLate=started,19,44.8552,NORMAL,-10.5248,TRUE,TRUE,FALSE,472,PA abnormal
2592,Radio 2271 B28,EM8A320510,7/11/2024 13:29,PA abnormal,pa_issues,,supervision,184,BF,TRUE,FALSE,on,29,47.2,37.7,121,CtrlGainStateTuned=started,45937,-10.7497,TRUE,-40,,,DPD_SCHD_MEAS_STATUS_TOR_ADC_ERR_B,lin-sv,40,FALSE,TRUE,,-10.7956,TRUE,5,-850,TRUE,DPD_STATUS_FAIL,,-15.8627,FALSE,TRUE,40,23,46355,,CtrlLinStateStartLate=started,19,44.5044,NORMAL,-10.9706,TRUE,TRUE,FALSE,493,PA abnormal
2593,Radio 2271 B28,EM8A320510,7/11/2024 16:46,PA abnormal,pa_issues,,supervision,525,BF,TRUE,FALSE,on,21,47.2,38.9,121,CtrlGainStateTuned=started,46023,-17.7362,TRUE,0,,,NA,lin-sv,40,FALSE,TRUE,,-17.7437,TRUE,5,-850,TRUE,DPD_STATUS_OK,,-22.0606,FALSE,TRUE,40,22,46339,,CtrlLinStateStartLate=started,19,37.9563,BOOST,-17.7363,TRUE,TRUE,FALSE,487,PA abnormal
2594,Radio 2271 B28,EM8A320510,7/11/2024 18:58,PA abnormal,pa_issues,,supervision,179,BF,TRUE,FALSE,on,28,47.2,40.2,118,CtrlGainStateTuned=started,45972,-10.1243,TRUE,0,,,DPD_SCHD_MEAS_STATUS_TOR_ADC_ERR_B,lin-sv,40,FALSE,TRUE,,-10.1035,TRUE,9,-850,TRUE,DPD_STATUS_FAIL,,-15.3209,FALSE,TRUE,40,22,46339,,CtrlLinStateStartLate=started,19,45.5965,NORMAL,-10.4497,TRUE,TRUE,FALSE,448,PA abnormal
2595,Radio 2271 B28,EM8A320510,7/11/2024 19:22,PA abnormal,pa_issues,,ramping timeout,626,BF,TRUE,FALSE,off,28,47.2,38.8,131,CtrlGainStateRamping=starting,45937,-18.9532,TRUE,-20,,,NA,lin-ramping,40,FALSE,TRUE,,-28.0098,TRUE,3,-850,TRUE,DPD_STATUS_OK,,-22.6314,FALSE,TRUE,40,23,46339,,ns=stopped,19,27.4902,BOOST,-18.6557,TRUE,TRUE,FALSE,1906,PA abnormal
2596,Radio 2271 B28,EM8A320510,7/11/2024 19:47,PA abnormal,pa_issues,,supervision,182,BF,TRUE,FALSE,on,28,47.2,39.9,124,CtrlGainStateTuned=started,45902,-9.8992,TRUE,-140,,,DPD_SCHD_MEAS_STATUS_TOR_ADC_ERR_B,lin-sv,40,FALSE,TRUE,,-9.9148,TRUE,5,-850,TRUE,DPD_STATUS_FAIL,,-14.7426,FALSE,TRUE,40,22,46355,,CtrlLinStateStartLate=started,19,44.3852,NORMAL,-9.87,TRUE,TRUE,FALSE,577,PA abnormal
2597,Radio 2271 B28,EM8A320510,7/11/2024 22:26,PA abnormal,pa_issues,,supervision,671,BF,TRUE,FALSE,on,25,47.2,29.7,110,CtrlGainStateTuned=started,46042,-9.9093,TRUE,0,,,DPD_SCHD_MEAS_STATUS_TOR_ADC_ERR_B,lin-sv,40,FALSE,TRUE,,-9.928,TRUE,24,-850,TRUE,DPD_STATUS_FAIL,,-14.4638,FALSE,TRUE,40,22,46355,,CtrlLinStateStartLate=started,19,45.772,BOOST,-9.7547,TRUE,TRUE,FALSE,541,PA abnormal
2598,Radio 2271 B28,EM8A320510,7/11/2024 22:27,PA abnormal,pa_issues,,supervision,111,BF,TRUE,FALSE,on,25,47.2,29.6,97,CtrlGainStateTuned=started,46042,-26.0032,TRUE,-20,,,NA,lin-sv,40,FALSE,TRUE,,-25.8983,TRUE,5,-850,TRUE,DPD_STATUS_OK,,-32.7205,FALSE,TRUE,40,22,46375,,CtrlLinStateStartLate=started,19,29.6017,NORMAL,-28.9291,TRUE,TRUE,FALSE,412,PA abnormal
2599,Radio 2271 B28,EM8A320510,7/11/2024 22:27,PA abnormal,pa_issues,,supervision,115,BF,TRUE,FALSE,on,25,47.2,29.5,98,CtrlGainStateTuned=started,45937,-10.8953,TRUE,-40,,,DPD_SCHD_MEAS_STATUS_TOR_ADC_ERR_B,lin-sv,40,FALSE,TRUE,,-10.9147,TRUE,5,-850,TRUE,DPD_STATUS_FAIL,,-15.6707,FALSE,TRUE,40,22,46285,,CtrlLinStateStartLate=started,19,44.3853,NORMAL,-10.7442,TRUE,TRUE,FALSE,499,PA abnormal
2600,Radio 2271 B28,EM8A320510,7/11/2024 22:44,PA abnormal,pa_issues,,supervision,166,BF,TRUE,FALSE,on,25,47.2,27.9,93,CtrlGainStateTuned=started,46058,-10.193,TRUE,-60,,,DPD_SCHD_MEAS_STATUS_TOR_ADC_ERR_B,lin-sv,40,FALSE,TRUE,,-10.245,TRUE,10,-850,TRUE,DPD_STATUS_FAIL,,-15.3306,FALSE,TRUE,40,22,46375,,CtrlLinStateStartLate=started,19,44.855,NORMAL,-9.5672,TRUE,TRUE,FALSE,469,PA abnormal
2601,Radio 2271 B28,EM8A320510,7/11/2024 22:44,PA abnormal,pa_issues,,supervision,167,BF,TRUE,FALSE,on,25,47.2,28.1,95,CtrlGainStateTuned=started,46058,-9.9332,TRUE,-80,,,DPD_SCHD_MEAS_STATUS_TOR_ADC_ERR_B,lin-sv,40,FALSE,TRUE,,-9.82,TRUE,5,-850,TRUE,DPD_STATUS_FAIL,,-15.2986,FALSE,TRUE,40,22,46269,,CtrlLinStateStartLate=started,19,45.08,NORMAL,-9.9724,TRUE,TRUE,FALSE,487,PA abnormal
2602,Radio 2271 B28,EM8A320510,7/11/2024 22:44,PA abnormal,pa_issues,,supervision,168,BF,TRUE,FALSE,on,25,47.2,28.2,95,CtrlGainStateTuned=started,46023,-10.2757,TRUE,-100,,,DPD_SCHD_MEAS_STATUS_TOR_ADC_ERR_B,lin-sv,40,FALSE,TRUE,,-10.2491,TRUE,5,-850,TRUE,DPD_STATUS_FAIL,,-15.5654,FALSE,TRUE,40,22,46355,,CtrlLinStateStartLate=started,19,44.4509,NORMAL,-10.4249,TRUE,TRUE,FALSE,523,PA abnormal
2603,Radio 2271 B28,EM8A320510,7/11/2024 23:38,PA abnormal,pa_issues,,supervision,174,BF,TRUE,FALSE,on,25,47.2,29.3,102,CtrlGainStateTuned=started,45957,-9.7253,TRUE,-120,,,DPD_SCHD_MEAS_STATUS_TOR_ADC_ERR_B,lin-sv,40,FALSE,TRUE,,-9.7203,TRUE,14,-850,TRUE,DPD_STATUS_FAIL,,-14.7599,FALSE,TRUE,40,22,46355,,CtrlLinStateStartLate=started,19,44.7797,NORMAL,-9.8892,TRUE,TRUE,FALSE,577,PA abnormal
2604,Radio 2271 B28,EM8A320510,7/11/2024 23:39,PA abnormal,pa_issues,,supervision,166,BF,TRUE,FALSE,on,21,47.2,29.5,104,CtrlGainStateTuned=started,45921,-10.6215,TRUE,-140,,,DPD_SCHD_MEAS_STATUS_TOR_ADC_ERR_B,lin-sv,40,FALSE,TRUE,,-10.6045,TRUE,5,-850,TRUE,DPD_STATUS_FAIL,,-15.7116,FALSE,TRUE,40,22,46304,,CtrlLinStateStartLate=started,19,43.6955,NORMAL,-10.7549,TRUE,TRUE,FALSE,589,PA abnormal
2605,Radio 2271 B28,EM8A320510,7/11/2024 5:38,PA abnormal,pa_issues,,supervision,104,BF,TRUE,FALSE,on,28,47.2,37.4,116,CtrlGainStateTuned=started,45902,-10.291,TRUE,0,,,DPD_SCHD_MEAS_STATUS_TOR_ADC_ERR_B,lin-sv,40,FALSE,TRUE,,-10.3171,TRUE,29,-850,TRUE,DPD_STATUS_FAIL,,-15.3316,FALSE,TRUE,40,22,46234,,CtrlLinStateStartLate=started,19,45.3829,NORMAL,-10.2692,TRUE,TRUE,FALSE,448,PA abnormal
2606,Radio 2271 B28,EM8A320510,7/11/2024 12:22,PA abnormal,pa_issues,,supervision,169,BF,TRUE,FALSE,on,27,47.2,31.1,103,CtrlGainStateTuned=started,46023,-10.4995,TRUE,0,,,DPD_SCHD_MEAS_STATUS_TOR_ADC_ERR_B,lin-sv,40,FALSE,TRUE,,-10.5843,TRUE,23,-850,TRUE,DPD_STATUS_FAIL,,-15.5149,FALSE,TRUE,40,23,46375,,CtrlLinStateStartLate=started,19,45.1157,NORMAL,-10.474,TRUE,TRUE,FALSE,478,PA abnormal
2607,Radio 2271 B28,EM8A320510,7/11/2024 12:22,PA abnormal,pa_issues,,supervision,151,BF,TRUE,FALSE,on,19,47.2,31.1,104,CtrlGainStateTuned=started,46023,-10.9387,TRUE,-20,,,DPD_SCHD_MEAS_STATUS_TOR_ADC_ERR_B,lin-sv,40,FALSE,TRUE,,-10.9847,TRUE,5,-850,TRUE,DPD_STATUS_FAIL,,-15.8911,FALSE,TRUE,40,24,46304,,CtrlLinStateStartLate=started,19,44.5153,NORMAL,-11.3157,TRUE,TRUE,FALSE,526,PA abnormal
2608,Radio 2271 B28,EM8A320510,7/11/2024 13:29,PA abnormal,pa_issues,,supervision,181,BF,TRUE,FALSE,on,28,47.2,37.7,119,CtrlGainStateTuned=started,46023,-10.6399,TRUE,-20,,,DPD_SCHD_MEAS_STATUS_TOR_ADC_ERR_B,lin-sv,40,FALSE,TRUE,,-10.6448,TRUE,5,-850,TRUE,DPD_STATUS_FAIL,,-15.4401,FALSE,TRUE,40,23,46285,,CtrlLinStateStartLate=started,19,44.8552,NORMAL,-10.5248,TRUE,TRUE,FALSE,472,PA abnormal
2609,Radio 2271 B28,EM8A320510,7/11/2024 13:29,PA abnormal,pa_issues,,supervision,184,BF,TRUE,FALSE,on,29,47.2,37.7,121,CtrlGainStateTuned=started,45937,-10.7497,TRUE,-40,,,DPD_SCHD_MEAS_STATUS_TOR_ADC_ERR_B,lin-sv,40,FALSE,TRUE,,-10.7956,TRUE,5,-850,TRUE,DPD_STATUS_FAIL,,-15.8627,FALSE,TRUE,40,23,46355,,CtrlLinStateStartLate=started,19,44.5044,NORMAL,-10.9706,TRUE,TRUE,FALSE,493,PA abnormal
2610,Radio 2271 B28,EM8A320510,7/11/2024 16:46,PA abnormal,pa_issues,,supervision,525,BF,TRUE,FALSE,on,21,47.2,38.9,121,CtrlGainStateTuned=started,46023,-17.7362,TRUE,0,,,NA,lin-sv,40,FALSE,TRUE,,-17.7437,TRUE,5,-850,TRUE,DPD_STATUS_OK,,-22.0606,FALSE,TRUE,40,22,46339,,CtrlLinStateStartLate=started,19,37.9563,BOOST,-17.7363,TRUE,TRUE,FALSE,487,PA abnormal
2611,Radio 2271 B28,EM8A320510,7/11/2024 18:58,PA abnormal,pa_issues,,supervision,179,BF,TRUE,FALSE,on,28,47.2,40.2,118,CtrlGainStateTuned=started,45972,-10.1243,TRUE,0,,,DPD_SCHD_MEAS_STATUS_TOR_ADC_ERR_B,lin-sv,40,FALSE,TRUE,,-10.1035,TRUE,9,-850,TRUE,DPD_STATUS_FAIL,,-15.3209,FALSE,TRUE,40,22,46339,,CtrlLinStateStartLate=started,19,45.5965,NORMAL,-10.4497,TRUE,TRUE,FALSE,448,PA abnormal
2612,Radio 2271 B28,EM8A320510,7/11/2024 19:22,PA abnormal,pa_issues,,ramping timeout,626,BF,TRUE,FALSE,off,28,47.2,38.8,131,CtrlGainStateRamping=starting,45937,-18.9532,TRUE,-20,,,NA,lin-ramping,40,FALSE,TRUE,,-28.0098,TRUE,3,-850,TRUE,DPD_STATUS_OK,,-22.6314,FALSE,TRUE,40,23,46339,,ns=stopped,19,27.4902,BOOST,-18.6557,TRUE,TRUE,FALSE,1906,PA abnormal
2613,Radio 2271 B28,EM8A320510,7/11/2024 19:47,PA abnormal,pa_issues,,supervision,182,BF,TRUE,FALSE,on,28,47.2,39.9,124,CtrlGainStateTuned=started,45902,-9.8992,TRUE,-140,,,DPD_SCHD_MEAS_STATUS_TOR_ADC_ERR_B,lin-sv,40,FALSE,TRUE,,-9.9148,TRUE,5,-850,TRUE,DPD_STATUS_FAIL,,-14.7426,FALSE,TRUE,40,22,46355,,CtrlLinStateStartLate=started,19,44.3852,NORMAL,-9.87,TRUE,TRUE,FALSE,577,PA abnormal
2614,Radio 2271 B28,EM8A320510,7/11/2024 22:26,PA abnormal,pa_issues,,supervision,671,BF,TRUE,FALSE,on,25,47.2,29.7,110,CtrlGainStateTuned=started,46042,-9.9093,TRUE,0,,,DPD_SCHD_MEAS_STATUS_TOR_ADC_ERR_B,lin-sv,40,FALSE,TRUE,,-9.928,TRUE,24,-850,TRUE,DPD_STATUS_FAIL,,-14.4638,FALSE,TRUE,40,22,46355,,CtrlLinStateStartLate=started,19,45.772,BOOST,-9.7547,TRUE,TRUE,FALSE,541,PA abnormal
2615,Radio 2271 B28,EM8A320510,7/11/2024 22:27,PA abnormal,pa_issues,,supervision,111,BF,TRUE,FALSE,on,25,47.2,29.6,97,CtrlGainStateTuned=started,46042,-26.0032,TRUE,-20,,,NA,lin-sv,40,FALSE,TRUE,,-25.8983,TRUE,5,-850,TRUE,DPD_STATUS_OK,,-32.7205,FALSE,TRUE,40,22,46375,,CtrlLinStateStartLate=started,19,29.6017,NORMAL,-28.9291,TRUE,TRUE,FALSE,412,PA abnormal
2616,Radio 2271 B28,EM8A320510,7/11/2024 22:27,PA abnormal,pa_issues,,supervision,115,BF,TRUE,FALSE,on,25,47.2,29.5,98,CtrlGainStateTuned=started,45937,-10.8953,TRUE,-40,,,DPD_SCHD_MEAS_STATUS_TOR_ADC_ERR_B,lin-sv,40,FALSE,TRUE,,-10.9147,TRUE,5,-850,TRUE,DPD_STATUS_FAIL,,-15.6707,FALSE,TRUE,40,22,46285,,CtrlLinStateStartLate=started,19,44.3853,NORMAL,-10.7442,TRUE,TRUE,FALSE,499,PA abnormal
2617,Radio 2271 B28,EM8A320510,7/11/2024 22:44,PA abnormal,pa_issues,,supervision,166,BF,TRUE,FALSE,on,25,47.2,27.9,93,CtrlGainStateTuned=started,46058,-10.193,TRUE,-60,,,DPD_SCHD_MEAS_STATUS_TOR_ADC_ERR_B,lin-sv,40,FALSE,TRUE,,-10.245,TRUE,10,-850,TRUE,DPD_STATUS_FAIL,,-15.3306,FALSE,TRUE,40,22,46375,,CtrlLinStateStartLate=started,19,44.855,NORMAL,-9.5672,TRUE,TRUE,FALSE,469,PA abnormal
2618,Radio 2271 B28,EM8A320510,7/11/2024 22:44,PA abnormal,pa_issues,,supervision,167,BF,TRUE,FALSE,on,25,47.2,28.1,95,CtrlGainStateTuned=started,46058,-9.9332,TRUE,-80,,,DPD_SCHD_MEAS_STATUS_TOR_ADC_ERR_B,lin-sv,40,FALSE,TRUE,,-9.82,TRUE,5,-850,TRUE,DPD_STATUS_FAIL,,-15.2986,FALSE,TRUE,40,22,46269,,CtrlLinStateStartLate=started,19,45.08,NORMAL,-9.9724,TRUE,TRUE,FALSE,487,PA abnormal
2619,Radio 2271 B28,EM8A320510,7/11/2024 22:44,PA abnormal,pa_issues,,supervision,168,BF,TRUE,FALSE,on,25,47.2,28.2,95,CtrlGainStateTuned=started,46023,-10.2757,TRUE,-100,,,DPD_SCHD_MEAS_STATUS_TOR_ADC_ERR_B,lin-sv,40,FALSE,TRUE,,-10.2491,TRUE,5,-850,TRUE,DPD_STATUS_FAIL,,-15.5654,FALSE,TRUE,40,22,46355,,CtrlLinStateStartLate=started,19,44.4509,NORMAL,-10.4249,TRUE,TRUE,FALSE,523,PA abnormal
2620,Radio 2271 B28,EM8A320510,7/11/2024 23:38,PA abnormal,pa_issues,,supervision,174,BF,TRUE,FALSE,on,25,47.2,29.3,102,CtrlGainStateTuned=started,45957,-9.7253,TRUE,-120,,,DPD_SCHD_MEAS_STATUS_TOR_ADC_ERR_B,lin-sv,40,FALSE,TRUE,,-9.7203,TRUE,14,-850,TRUE,DPD_STATUS_FAIL,,-14.7599,FALSE,TRUE,40,22,46355,,CtrlLinStateStartLate=started,19,44.7797,NORMAL,-9.8892,TRUE,TRUE,FALSE,577,PA abnormal
2621,Radio 2271 B28,EM8A320510,7/11/2024 23:39,PA abnormal,pa_issues,,supervision,166,BF,TRUE,FALSE,on,21,47.2,29.5,104,CtrlGainStateTuned=started,45921,-10.6215,TRUE,-140,,,DPD_SCHD_MEAS_STATUS_TOR_ADC_ERR_B,lin-sv,40,FALSE,TRUE,,-10.6045,TRUE,5,-850,TRUE,DPD_STATUS_FAIL,,-15.7116,FALSE,TRUE,40,22,46304,,CtrlLinStateStartLate=started,19,43.6955,NORMAL,-10.7549,TRUE,TRUE,FALSE,589,PA abnormal
2622,Radio 2271 B28,EM8A320510,7/12/2024 1:48,PA abnormal,pa_issues,,supervision,178,BF,TRUE,FALSE,on,25,47.2,29.6,108,CtrlGainStateTuned=started,45902,-9.2779,TRUE,-120,,,DPD_SCHD_MEAS_STATUS_TOR_ADC_ERR_B,lin-sv,40,FALSE,TRUE,,-9.3172,TRUE,5,-850,TRUE,DPD_STATUS_FAIL,,-14.0903,FALSE,TRUE,40,22,46339,,CtrlLinStateStartLate=started,19,45.1828,NORMAL,-9.1892,TRUE,TRUE,FALSE,589,PA abnormal
2623,Radio 2271 B28,EM8A320510,7/12/2024 2:16,PA abnormal,pa_issues,,supervision,226,BF,TRUE,FALSE,on,21,47.2,25.8,105,CtrlGainStateTuned=started,45972,-22.2706,TRUE,-140,,,NA,lin-sv,40,FALSE,TRUE,,-22.2685,TRUE,10,-850,TRUE,DPD_STATUS_OK,,-26.3089,TRUE,TRUE,40,22,46285,,CtrlLinStateStarted=started,19,32.0315,BOOST,-22.6727,TRUE,TRUE,FALSE,676,PA abnormal
2624,Radio 2271 B28,EM8A320510,7/15/2024 2:17,PA abnormal,pa_issues,,supervision,239,BF,TRUE,FALSE,on,8,47.2,42.2,123,CtrlGainStateTuned=started,46042,-14.4679,TRUE,-80,,,NA,lin-sv,40,FALSE,TRUE,,-14.4482,TRUE,5,-850,TRUE,DPD_STATUS_OK,,-19.1578,FALSE,TRUE,40,22,46304,,CtrlLinStateStartLate=started,19,40.4518,BOOST,-14.4824,TRUE,TRUE,FALSE,469,PA abnormal
2625,Radio 2271 B28,EM8A320510,7/15/2024 17:36,PA abnormal,pa_issues,,supervision,413,BF,TRUE,FALSE,on,25,47.2,31.6,109,CtrlGainStateTuned=started,46058,-10.0606,TRUE,0,,,DPD_SCHD_MEAS_STATUS_TOR_ADC_ERR_B,lin-sv,40,FALSE,TRUE,,-10.0956,TRUE,21,-850,TRUE,DPD_STATUS_FAIL,,-15.0869,FALSE,TRUE,40,22,46285,,CtrlLinStateStartLate=started,19,45.6044,BOOST,-10.2262,TRUE,TRUE,FALSE,493,PA abnormal
2626,Radio 2271 B28,EM8A320510,7/16/2024 21:17,PA abnormal,pa_issues,,supervision,164,BF,TRUE,FALSE,on,23,47.2,24.2,87,CtrlGainStateTuned=started,46023,-9.8348,TRUE,0,,,DPD_SCHD_MEAS_STATUS_TOR_ADC_ERR_B,lin-sv,40,FALSE,TRUE,,-9.8655,TRUE,5,-850,TRUE,DPD_STATUS_FAIL,,-14.4897,TRUE,TRUE,40,22,46355,,CtrlLinStateStarted=started,19,45.8345,NORMAL,-9.8343,TRUE,TRUE,FALSE,541,PA abnormal
2627,Radio 2271 B28,EM8A320510,7/17/2024 0:51,PA abnormal,pa_issues,,supervision,666,BF,TRUE,FALSE,on,23,47.2,30.7,104,CtrlGainStateTuned=started,45957,-24.2179,TRUE,0,,,NA,lin-sv,40,FALSE,TRUE,,-24.124,TRUE,23,-850,TRUE,DPD_STATUS_OK,,-28.0095,TRUE,TRUE,40,22,46234,,CtrlLinStateStarted=started,19,31.576,BOOST,-24.6339,TRUE,TRUE,FALSE,469,PA abnormal
2628,Radio 2271 B28,EM8A320510,7/17/2024 0:52,PA abnormal,pa_issues,,supervision,539,BF,TRUE,FALSE,on,14,47.2,30.5,102,CtrlGainStateTuned=started,46058,-9.8788,TRUE,-20,,,DPD_SCHD_MEAS_STATUS_TOR_ADC_ERR_B,lin-sv,40,FALSE,TRUE,,-9.9422,TRUE,5,-850,TRUE,DPD_STATUS_FAIL,,-14.986,TRUE,TRUE,40,22,46269,,CtrlLinStateStarted=started,19,45.5578,BOOST,-9.9239,TRUE,TRUE,FALSE,499,PA abnormal
2629,Radio 2271 B28,EM8A320510,7/17/2024 1:55,PA abnormal,pa_issues,,supervision,160,BF,TRUE,FALSE,on,25,47.2,34,109,CtrlGainStateTuned=started,46023,-13.9166,TRUE,-20,,,NA,lin-sv,40,FALSE,TRUE,,-13.9555,TRUE,5,-850,TRUE,DPD_STATUS_OK,,-19.3988,FALSE,TRUE,40,21,46269,,CtrlLinStateStartLate=started,19,41.5445,NORMAL,-14.2566,TRUE,TRUE,FALSE,382,PA abnormal
2630,Radio 2271 B28,EM8A320510,7/17/2024 1:55,PA abnormal,pa_issues,,supervision,600,BF,TRUE,FALSE,on,25,47.2,34.3,113,CtrlGainStateTuned=started,45972,-17.7502,TRUE,-40,,,NA,lin-sv,40,FALSE,TRUE,,-17.8367,TRUE,5,-850,TRUE,DPD_STATUS_OK,,-22.5229,FALSE,TRUE,40,22,46304,,CtrlLinStateStartLate=started,19,37.4633,BOOST,-18.3974,TRUE,TRUE,FALSE,478,PA abnormal
2631,Radio 2271 B28,EM8A320510,7/17/2024 2:17,PA abnormal,pa_issues,,supervision,579,BF,TRUE,FALSE,on,17,47.2,36.4,121,CtrlGainStateTuned=started,45972,-9.9455,TRUE,-60,,,DPD_SCHD_MEAS_STATUS_TOR_ADC_ERR_B,lin-sv,40,FALSE,TRUE,,-9.9531,TRUE,7,-850,TRUE,DPD_STATUS_FAIL,,-14.4706,FALSE,TRUE,40,22,46355,,CtrlLinStateStartLate=started,19,45.1469,BOOST,-9.9619,TRUE,TRUE,FALSE,544,PA abnormal
2632,Radio 2271 B28,EM8A320510,7/17/2024 2:18,PA abnormal,pa_issues,,supervision,181,BF,TRUE,FALSE,on,26,47.2,36.4,112,CtrlGainStateTuned=started,46058,-9.873,TRUE,-80,,,DPD_SCHD_MEAS_STATUS_TOR_ADC_ERR_B,lin-sv,40,FALSE,TRUE,,-9.8508,TRUE,5,-850,TRUE,DPD_STATUS_FAIL,,-15.0104,FALSE,TRUE,40,21,46304,,CtrlLinStateStartLate=started,19,45.0492,NORMAL,-9.6341,TRUE,TRUE,FALSE,451,PA abnormal
2633,Radio 2271 B28,EM8A320510,7/17/2024 13:23,PA abnormal,pa_issues,,supervision,171,BF,TRUE,FALSE,on,25,47.2,36.4,110,CtrlGainStateTuned=started,46042,-10.6667,TRUE,-20,,,DPD_SCHD_MEAS_STATUS_TOR_ADC_ERR_B,lin-sv,40,FALSE,TRUE,,-10.6534,TRUE,10,-850,TRUE,DPD_STATUS_FAIL,,-15.8148,FALSE,TRUE,40,22,46390,,CtrlLinStateStartLate=started,19,44.8466,NORMAL,-10.896,TRUE,TRUE,FALSE,439,PA abnormal
2634,Radio 2271 B28,EM8A320510,7/17/2024 19:45,PA abnormal,pa_issues,,supervision,362,BF,TRUE,FALSE,on,19,47.2,44.2,126,CtrlGainStateTuned=started,46007,-19.5093,TRUE,0,,,NA,lin-sv,40,FALSE,TRUE,,-19.4848,TRUE,35,-850,TRUE,DPD_STATUS_OK,,-23.4914,FALSE,TRUE,40,21,46234,,CtrlLinStateStartLate=started,19,36.2152,BOOST,-19.7335,TRUE,TRUE,FALSE,388,PA abnormal
2635,Radio 2271 B28,EM8A320510,7/17/2024 20:54,PA abnormal,pa_issues,,supervision,177,BF,TRUE,FALSE,on,25,47.2,37.9,112,CtrlGainStateTuned=started,45957,-10.213,TRUE,0,,,DPD_SCHD_MEAS_STATUS_TOR_ADC_ERR_B,lin-sv,40,FALSE,TRUE,,-10.0748,TRUE,5,-850,TRUE,DPD_STATUS_FAIL,,-15.2711,FALSE,TRUE,40,22,46320,,CtrlLinStateStartLate=started,19,45.6252,NORMAL,-10.1634,TRUE,TRUE,FALSE,370,PA abnormal
2636,Radio 2271 B28,EM8A320510,7/18/2024 15:31,PA abnormal,pa_issues,,supervision,500,BF,TRUE,FALSE,on,26,47.2,40.2,118,CtrlGainStateTuned=started,46042,-9.9256,TRUE,0,,,DPD_SCHD_MEAS_STATUS_TOR_ADC_ERR_B,lin-sv,40,FALSE,TRUE,,-9.9891,TRUE,20,-850,TRUE,DPD_STATUS_FAIL,,-14.9136,FALSE,TRUE,40,21,46234,,CtrlLinStateStartLate=started,19,45.7109,BOOST,-9.8008,TRUE,TRUE,FALSE,418,PA abnormal
2637,Radio 2271 B28,EM8A320510,7/18/2024 17:50,PA abnormal,pa_issues,,supervision,557,BF,TRUE,FALSE,on,22,47.2,32.9,105,CtrlGainStateTuned=started,45921,-10.1002,TRUE,0,,,DPD_SCHD_MEAS_STATUS_TOR_ADC_ERR_B,lin-sv,40,FALSE,TRUE,,-10.0912,TRUE,11,-850,TRUE,DPD_STATUS_FAIL,,-15.2971,TRUE,TRUE,40,21,46234,,CtrlLinStateStarted=started,19,45.6088,BOOST,-10.2034,TRUE,TRUE,FALSE,418,PA abnormal
2638,Radio 2271 B28,EM8A320510,7/18/2024 18:02,PA abnormal,pa_issues,,supervision,358,BF,TRUE,FALSE,on,15,47.2,30.9,103,CtrlGainStateTuned=started,45902,-23.9146,TRUE,-20,,,NA,lin-sv,40,FALSE,TRUE,,-23.9243,TRUE,9,-850,TRUE,DPD_STATUS_OK,,-27.6806,FALSE,TRUE,40,21,46285,,CtrlLinStateStartLate=started,19,31.5757,BOOST,-24.1996,TRUE,TRUE,FALSE,451,PA abnormal
2639,Radio 2271 B28,EM8A320510,7/18/2024 18:41,PA abnormal,pa_issues,,supervision,159,BF,TRUE,FALSE,on,15,47.2,27.4,87,CtrlGainStateTuned=started,45957,-10.5567,TRUE,-40,,,DPD_SCHD_MEAS_STATUS_TOR_ADC_ERR_B,lin-sv,40,FALSE,TRUE,,-10.4115,TRUE,13,-850,TRUE,DPD_STATUS_FAIL,,-15.5364,FALSE,TRUE,40,21,46320,,CtrlLinStateStartLate=started,19,44.8885,NORMAL,-10.1674,TRUE,TRUE,FALSE,400,PA abnormal
2640,Radio 2271 B28,EM8A320510,7/18/2024 20:56,PA abnormal,pa_issues,,supervision,441,BF,TRUE,FALSE,on,7,47.2,24.6,87,CtrlGainStateTuned=started,46023,-10.3744,TRUE,-40,,,DPD_SCHD_MEAS_STATUS_TOR_ADC_ERR_B,lin-sv,40,FALSE,TRUE,,-10.505,TRUE,8,-850,TRUE,DPD_STATUS_FAIL,,-15.9035,FALSE,TRUE,40,20,46285,,CtrlLinStateStartLate=started,19,44.795,BOOST,-10.47,TRUE,TRUE,FALSE,499,PA abnormal
2641,Radio 2271 B28,EM8A320510,7/18/2024 22:45,PA abnormal,pa_issues,,supervision,674,BF,TRUE,FALSE,on,22,47.2,28.5,103,CtrlGainStateTuned=started,45957,-10.3067,TRUE,-40,,,DPD_SCHD_MEAS_STATUS_TOR_ADC_ERR_B,lin-sv,40,FALSE,TRUE,,-10.3158,TRUE,17,-850,TRUE,DPD_STATUS_FAIL,,-15.2445,FALSE,TRUE,40,21,46269,,CtrlLinStateStartLate=started,19,44.9842,BOOST,-10.3475,TRUE,TRUE,FALSE,484,PA abnormal
2642,Radio 2271 B28,EM8A320510,7/18/2024 23:43,PA abnormal,pa_issues,,supervision,406,BF,TRUE,FALSE,on,14,47.2,25.4,89,CtrlGainStateTuned=started,46058,-9.8753,TRUE,-60,,,DPD_SCHD_MEAS_STATUS_TOR_ADC_ERR_B,lin-sv,40,FALSE,TRUE,,-9.9054,TRUE,13,-850,TRUE,DPD_STATUS_FAIL,,-15.1733,TRUE,TRUE,40,20,46304,,CtrlLinStateStarted=started,19,45.1946,BOOST,-10.0147,TRUE,TRUE,FALSE,505,PA abnormal
2643,Radio 2271 B28,EM8A320510,7/19/2024 0:44,PA abnormal,pa_issues,,supervision,366,BF,TRUE,FALSE,on,22,47.2,24.7,88,CtrlGainStateTuned=started,45957,-24.4735,TRUE,-60,,,NA,lin-sv,40,FALSE,TRUE,,-24.4732,TRUE,5,-850,TRUE,DPD_STATUS_OK,,-27.2922,TRUE,TRUE,40,21,46320,,CtrlLinStateStarted=started,19,30.6268,BOOST,-23.5022,TRUE,TRUE,FALSE,529,PA abnormal
2644,Radio 2271 B28,EM8A320510,7/19/2024 1:24,PA abnormal,pa_issues,,supervision,759,BF,TRUE,FALSE,on,22,47.2,25.3,90,CtrlGainStateTuned=started,46042,-9.8889,TRUE,-80,,,DPD_SCHD_MEAS_STATUS_TOR_ADC_ERR_B,lin-sv,40,FALSE,TRUE,,-9.8573,TRUE,13,-850,TRUE,DPD_STATUS_FAIL,,-14.837,FALSE,TRUE,40,21,46269,,CtrlLinStateStartLate=started,19,45.0427,BOOST,-9.751,TRUE,TRUE,FALSE,523,PA abnormal
2645,Radio 2271 B28,EM8A320510,7/19/2024 1:24,PA abnormal,pa_issues,,supervision,721,BF,TRUE,FALSE,on,22,47.2,25.5,90,CtrlGainStateTuned=started,46007,-9.1321,TRUE,-100,,,DPD_SCHD_MEAS_STATUS_TOR_ADC_ERR_B,lin-sv,40,FALSE,TRUE,,-9.1554,TRUE,5,-850,TRUE,DPD_STATUS_FAIL,,-14.1293,FALSE,TRUE,40,20,46355,,CtrlLinStateStartLate=started,19,45.5446,BOOST,-8.9177,TRUE,TRUE,FALSE,544,PA abnormal
2646,Radio 2271 B28,EM8A320510,7/11/2024 5:38,PA abnormal,pa_issues,,supervision,104,BF,TRUE,FALSE,on,28,47.2,37.4,116,CtrlGainStateTuned=started,45902,-10.291,TRUE,0,,,DPD_SCHD_MEAS_STATUS_TOR_ADC_ERR_B,lin-sv,40,FALSE,TRUE,,-10.3171,TRUE,29,-850,TRUE,DPD_STATUS_FAIL,,-15.3316,FALSE,TRUE,40,22,46234,,CtrlLinStateStartLate=started,19,45.3829,NORMAL,-10.2692,TRUE,TRUE,FALSE,448,PA abnormal
2647,Radio 2271 B28,EM8A320510,7/11/2024 12:22,PA abnormal,pa_issues,,supervision,169,BF,TRUE,FALSE,on,27,47.2,31.1,103,CtrlGainStateTuned=started,46023,-10.4995,TRUE,0,,,DPD_SCHD_MEAS_STATUS_TOR_ADC_ERR_B,lin-sv,40,FALSE,TRUE,,-10.5843,TRUE,23,-850,TRUE,DPD_STATUS_FAIL,,-15.5149,FALSE,TRUE,40,23,46375,,CtrlLinStateStartLate=started,19,45.1157,NORMAL,-10.474,TRUE,TRUE,FALSE,478,PA abnormal
2648,Radio 2271 B28,EM8A320510,7/11/2024 12:22,PA abnormal,pa_issues,,supervision,151,BF,TRUE,FALSE,on,19,47.2,31.1,104,CtrlGainStateTuned=started,46023,-10.9387,TRUE,-20,,,DPD_SCHD_MEAS_STATUS_TOR_ADC_ERR_B,lin-sv,40,FALSE,TRUE,,-10.9847,TRUE,5,-850,TRUE,DPD_STATUS_FAIL,,-15.8911,FALSE,TRUE,40,24,46304,,CtrlLinStateStartLate=started,19,44.5153,NORMAL,-11.3157,TRUE,TRUE,FALSE,526,PA abnormal
2649,Radio 2271 B28,EM8A320510,7/11/2024 13:29,PA abnormal,pa_issues,,supervision,181,BF,TRUE,FALSE,on,28,47.2,37.7,119,CtrlGainStateTuned=started,46023,-10.6399,TRUE,-20,,,DPD_SCHD_MEAS_STATUS_TOR_ADC_ERR_B,lin-sv,40,FALSE,TRUE,,-10.6448,TRUE,5,-850,TRUE,DPD_STATUS_FAIL,,-15.4401,FALSE,TRUE,40,23,46285,,CtrlLinStateStartLate=started,19,44.8552,NORMAL,-10.5248,TRUE,TRUE,FALSE,472,PA abnormal
2650,Radio 2271 B28,EM8A320510,7/11/2024 13:29,PA abnormal,pa_issues,,supervision,184,BF,TRUE,FALSE,on,29,47.2,37.7,121,CtrlGainStateTuned=started,45937,-10.7497,TRUE,-40,,,DPD_SCHD_MEAS_STATUS_TOR_ADC_ERR_B,lin-sv,40,FALSE,TRUE,,-10.7956,TRUE,5,-850,TRUE,DPD_STATUS_FAIL,,-15.8627,FALSE,TRUE,40,23,46355,,CtrlLinStateStartLate=started,19,44.5044,NORMAL,-10.9706,TRUE,TRUE,FALSE,493,PA abnormal
2651,Radio 2271 B28,EM8A320510,7/11/2024 16:46,PA abnormal,pa_issues,,supervision,525,BF,TRUE,FALSE,on,21,47.2,38.9,121,CtrlGainStateTuned=started,46023,-17.7362,TRUE,0,,,NA,lin-sv,40,FALSE,TRUE,,-17.7437,TRUE,5,-850,TRUE,DPD_STATUS_OK,,-22.0606,FALSE,TRUE,40,22,46339,,CtrlLinStateStartLate=started,19,37.9563,BOOST,-17.7363,TRUE,TRUE,FALSE,487,PA abnormal
2652,Radio 2271 B28,EM8A320510,7/11/2024 18:58,PA abnormal,pa_issues,,supervision,179,BF,TRUE,FALSE,on,28,47.2,40.2,118,CtrlGainStateTuned=started,45972,-10.1243,TRUE,0,,,DPD_SCHD_MEAS_STATUS_TOR_ADC_ERR_B,lin-sv,40,FALSE,TRUE,,-10.1035,TRUE,9,-850,TRUE,DPD_STATUS_FAIL,,-15.3209,FALSE,TRUE,40,22,46339,,CtrlLinStateStartLate=started,19,45.5965,NORMAL,-10.4497,TRUE,TRUE,FALSE,448,PA abnormal
2653,Radio 2271 B28,EM8A320510,7/11/2024 19:22,PA abnormal,pa_issues,,ramping timeout,626,BF,TRUE,FALSE,off,28,47.2,38.8,131,CtrlGainStateRamping=starting,45937,-18.9532,TRUE,-20,,,NA,lin-ramping,40,FALSE,TRUE,,-28.0098,TRUE,3,-850,TRUE,DPD_STATUS_OK,,-22.6314,FALSE,TRUE,40,23,46339,,ns=stopped,19,27.4902,BOOST,-18.6557,TRUE,TRUE,FALSE,1906,PA abnormal
2654,Radio 2271 B28,EM8A320510,7/11/2024 19:47,PA abnormal,pa_issues,,supervision,182,BF,TRUE,FALSE,on,28,47.2,39.9,124,CtrlGainStateTuned=started,45902,-9.8992,TRUE,-140,,,DPD_SCHD_MEAS_STATUS_TOR_ADC_ERR_B,lin-sv,40,FALSE,TRUE,,-9.9148,TRUE,5,-850,TRUE,DPD_STATUS_FAIL,,-14.7426,FALSE,TRUE,40,22,46355,,CtrlLinStateStartLate=started,19,44.3852,NORMAL,-9.87,TRUE,TRUE,FALSE,577,PA abnormal
2655,Radio 2271 B28,EM8A320510,7/11/2024 22:26,PA abnormal,pa_issues,,supervision,671,BF,TRUE,FALSE,on,25,47.2,29.7,110,CtrlGainStateTuned=started,46042,-9.9093,TRUE,0,,,DPD_SCHD_MEAS_STATUS_TOR_ADC_ERR_B,lin-sv,40,FALSE,TRUE,,-9.928,TRUE,24,-850,TRUE,DPD_STATUS_FAIL,,-14.4638,FALSE,TRUE,40,22,46355,,CtrlLinStateStartLate=started,19,45.772,BOOST,-9.7547,TRUE,TRUE,FALSE,541,PA abnormal
2656,Radio 2271 B28,EM8A320510,7/11/2024 22:27,PA abnormal,pa_issues,,supervision,111,BF,TRUE,FALSE,on,25,47.2,29.6,97,CtrlGainStateTuned=started,46042,-26.0032,TRUE,-20,,,NA,lin-sv,40,FALSE,TRUE,,-25.8983,TRUE,5,-850,TRUE,DPD_STATUS_OK,,-32.7205,FALSE,TRUE,40,22,46375,,CtrlLinStateStartLate=started,19,29.6017,NORMAL,-28.9291,TRUE,TRUE,FALSE,412,PA abnormal
2657,Radio 2271 B28,EM8A320510,7/11/2024 22:27,PA abnormal,pa_issues,,supervision,115,BF,TRUE,FALSE,on,25,47.2,29.5,98,CtrlGainStateTuned=started,45937,-10.8953,TRUE,-40,,,DPD_SCHD_MEAS_STATUS_TOR_ADC_ERR_B,lin-sv,40,FALSE,TRUE,,-10.9147,TRUE,5,-850,TRUE,DPD_STATUS_FAIL,,-15.6707,FALSE,TRUE,40,22,46285,,CtrlLinStateStartLate=started,19,44.3853,NORMAL,-10.7442,TRUE,TRUE,FALSE,499,PA abnormal
2658,Radio 2271 B28,EM8A320510,7/11/2024 22:44,PA abnormal,pa_issues,,supervision,166,BF,TRUE,FALSE,on,25,47.2,27.9,93,CtrlGainStateTuned=started,46058,-10.193,TRUE,-60,,,DPD_SCHD_MEAS_STATUS_TOR_ADC_ERR_B,lin-sv,40,FALSE,TRUE,,-10.245,TRUE,10,-850,TRUE,DPD_STATUS_FAIL,,-15.3306,FALSE,TRUE,40,22,46375,,CtrlLinStateStartLate=started,19,44.855,NORMAL,-9.5672,TRUE,TRUE,FALSE,469,PA abnormal
2659,Radio 2271 B28,EM8A320510,7/11/2024 22:44,PA abnormal,pa_issues,,supervision,167,BF,TRUE,FALSE,on,25,47.2,28.1,95,CtrlGainStateTuned=started,46058,-9.9332,TRUE,-80,,,DPD_SCHD_MEAS_STATUS_TOR_ADC_ERR_B,lin-sv,40,FALSE,TRUE,,-9.82,TRUE,5,-850,TRUE,DPD_STATUS_FAIL,,-15.2986,FALSE,TRUE,40,22,46269,,CtrlLinStateStartLate=started,19,45.08,NORMAL,-9.9724,TRUE,TRUE,FALSE,487,PA abnormal
2660,Radio 2271 B28,EM8A320510,7/11/2024 22:44,PA abnormal,pa_issues,,supervision,168,BF,TRUE,FALSE,on,25,47.2,28.2,95,CtrlGainStateTuned=started,46023,-10.2757,TRUE,-100,,,DPD_SCHD_MEAS_STATUS_TOR_ADC_ERR_B,lin-sv,40,FALSE,TRUE,,-10.2491,TRUE,5,-850,TRUE,DPD_STATUS_FAIL,,-15.5654,FALSE,TRUE,40,22,46355,,CtrlLinStateStartLate=started,19,44.4509,NORMAL,-10.4249,TRUE,TRUE,FALSE,523,PA abnormal
2661,Radio 2271 B28,EM8A320510,7/11/2024 23:38,PA abnormal,pa_issues,,supervision,174,BF,TRUE,FALSE,on,25,47.2,29.3,102,CtrlGainStateTuned=started,45957,-9.7253,TRUE,-120,,,DPD_SCHD_MEAS_STATUS_TOR_ADC_ERR_B,lin-sv,40,FALSE,TRUE,,-9.7203,TRUE,14,-850,TRUE,DPD_STATUS_FAIL,,-14.7599,FALSE,TRUE,40,22,46355,,CtrlLinStateStartLate=started,19,44.7797,NORMAL,-9.8892,TRUE,TRUE,FALSE,577,PA abnormal
2662,Radio 2271 B28,EM8A320510,7/11/2024 23:39,PA abnormal,pa_issues,,supervision,166,BF,TRUE,FALSE,on,21,47.2,29.5,104,CtrlGainStateTuned=started,45921,-10.6215,TRUE,-140,,,DPD_SCHD_MEAS_STATUS_TOR_ADC_ERR_B,lin-sv,40,FALSE,TRUE,,-10.6045,TRUE,5,-850,TRUE,DPD_STATUS_FAIL,,-15.7116,FALSE,TRUE,40,22,46304,,CtrlLinStateStartLate=started,19,43.6955,NORMAL,-10.7549,TRUE,TRUE,FALSE,589,PA abnormal
2663,Radio 2271 B28,EM8A320510,7/12/2024 1:48,PA abnormal,pa_issues,,supervision,178,BF,TRUE,FALSE,on,25,47.2,29.6,108,CtrlGainStateTuned=started,45902,-9.2779,TRUE,-120,,,DPD_SCHD_MEAS_STATUS_TOR_ADC_ERR_B,lin-sv,40,FALSE,TRUE,,-9.3172,TRUE,5,-850,TRUE,DPD_STATUS_FAIL,,-14.0903,FALSE,TRUE,40,22,46339,,CtrlLinStateStartLate=started,19,45.1828,NORMAL,-9.1892,TRUE,TRUE,FALSE,589,PA abnormal
2664,Radio 2271 B28,EM8A320510,7/12/2024 2:16,PA abnormal,pa_issues,,supervision,226,BF,TRUE,FALSE,on,21,47.2,25.8,105,CtrlGainStateTuned=started,45972,-22.2706,TRUE,-140,,,NA,lin-sv,40,FALSE,TRUE,,-22.2685,TRUE,10,-850,TRUE,DPD_STATUS_OK,,-26.3089,TRUE,TRUE,40,22,46285,,CtrlLinStateStarted=started,19,32.0315,BOOST,-22.6727,TRUE,TRUE,FALSE,676,PA abnormal
2665,Radio 2271 B28,EM8A320510,7/15/2024 2:17,PA abnormal,pa_issues,,supervision,239,BF,TRUE,FALSE,on,8,47.2,42.2,123,CtrlGainStateTuned=started,46042,-14.4679,TRUE,-80,,,NA,lin-sv,40,FALSE,TRUE,,-14.4482,TRUE,5,-850,TRUE,DPD_STATUS_OK,,-19.1578,FALSE,TRUE,40,22,46304,,CtrlLinStateStartLate=started,19,40.4518,BOOST,-14.4824,TRUE,TRUE,FALSE,469,PA abnormal
2666,Radio 2271 B28,EM8A320510,7/15/2024 17:36,PA abnormal,pa_issues,,supervision,413,BF,TRUE,FALSE,on,25,47.2,31.6,109,CtrlGainStateTuned=started,46058,-10.0606,TRUE,0,,,DPD_SCHD_MEAS_STATUS_TOR_ADC_ERR_B,lin-sv,40,FALSE,TRUE,,-10.0956,TRUE,21,-850,TRUE,DPD_STATUS_FAIL,,-15.0869,FALSE,TRUE,40,22,46285,,CtrlLinStateStartLate=started,19,45.6044,BOOST,-10.2262,TRUE,TRUE,FALSE,493,PA abnormal
2667,Radio 2271 B28,EM8A320510,7/16/2024 21:17,PA abnormal,pa_issues,,supervision,164,BF,TRUE,FALSE,on,23,47.2,24.2,87,CtrlGainStateTuned=started,46023,-9.8348,TRUE,0,,,DPD_SCHD_MEAS_STATUS_TOR_ADC_ERR_B,lin-sv,40,FALSE,TRUE,,-9.8655,TRUE,5,-850,TRUE,DPD_STATUS_FAIL,,-14.4897,TRUE,TRUE,40,22,46355,,CtrlLinStateStarted=started,19,45.8345,NORMAL,-9.8343,TRUE,TRUE,FALSE,541,PA abnormal
2668,Radio 2271 B28,EM8A320510,7/17/2024 0:51,PA abnormal,pa_issues,,supervision,666,BF,TRUE,FALSE,on,23,47.2,30.7,104,CtrlGainStateTuned=started,45957,-24.2179,TRUE,0,,,NA,lin-sv,40,FALSE,TRUE,,-24.124,TRUE,23,-850,TRUE,DPD_STATUS_OK,,-28.0095,TRUE,TRUE,40,22,46234,,CtrlLinStateStarted=started,19,31.576,BOOST,-24.6339,TRUE,TRUE,FALSE,469,PA abnormal
2669,Radio 2271 B28,EM8A320510,7/17/2024 0:52,PA abnormal,pa_issues,,supervision,539,BF,TRUE,FALSE,on,14,47.2,30.5,102,CtrlGainStateTuned=started,46058,-9.8788,TRUE,-20,,,DPD_SCHD_MEAS_STATUS_TOR_ADC_ERR_B,lin-sv,40,FALSE,TRUE,,-9.9422,TRUE,5,-850,TRUE,DPD_STATUS_FAIL,,-14.986,TRUE,TRUE,40,22,46269,,CtrlLinStateStarted=started,19,45.5578,BOOST,-9.9239,TRUE,TRUE,FALSE,499,PA abnormal
2670,Radio 2271 B28,EM8A320510,7/17/2024 1:55,PA abnormal,pa_issues,,supervision,160,BF,TRUE,FALSE,on,25,47.2,34,109,CtrlGainStateTuned=started,46023,-13.9166,TRUE,-20,,,NA,lin-sv,40,FALSE,TRUE,,-13.9555,TRUE,5,-850,TRUE,DPD_STATUS_OK,,-19.3988,FALSE,TRUE,40,21,46269,,CtrlLinStateStartLate=started,19,41.5445,NORMAL,-14.2566,TRUE,TRUE,FALSE,382,PA abnormal
2671,Radio 2271 B28,EM8A320510,7/17/2024 1:55,PA abnormal,pa_issues,,supervision,600,BF,TRUE,FALSE,on,25,47.2,34.3,113,CtrlGainStateTuned=started,45972,-17.7502,TRUE,-40,,,NA,lin-sv,40,FALSE,TRUE,,-17.8367,TRUE,5,-850,TRUE,DPD_STATUS_OK,,-22.5229,FALSE,TRUE,40,22,46304,,CtrlLinStateStartLate=started,19,37.4633,BOOST,-18.3974,TRUE,TRUE,FALSE,478,PA abnormal
2672,Radio 2271 B28,EM8A320510,7/17/2024 2:17,PA abnormal,pa_issues,,supervision,579,BF,TRUE,FALSE,on,17,47.2,36.4,121,CtrlGainStateTuned=started,45972,-9.9455,TRUE,-60,,,DPD_SCHD_MEAS_STATUS_TOR_ADC_ERR_B,lin-sv,40,FALSE,TRUE,,-9.9531,TRUE,7,-850,TRUE,DPD_STATUS_FAIL,,-14.4706,FALSE,TRUE,40,22,46355,,CtrlLinStateStartLate=started,19,45.1469,BOOST,-9.9619,TRUE,TRUE,FALSE,544,PA abnormal
2673,Radio 2271 B28,EM8A320510,7/17/2024 2:18,PA abnormal,pa_issues,,supervision,181,BF,TRUE,FALSE,on,26,47.2,36.4,112,CtrlGainStateTuned=started,46058,-9.873,TRUE,-80,,,DPD_SCHD_MEAS_STATUS_TOR_ADC_ERR_B,lin-sv,40,FALSE,TRUE,,-9.8508,TRUE,5,-850,TRUE,DPD_STATUS_FAIL,,-15.0104,FALSE,TRUE,40,21,46304,,CtrlLinStateStartLate=started,19,45.0492,NORMAL,-9.6341,TRUE,TRUE,FALSE,451,PA abnormal
2674,Radio 2271 B28,EM8A320510,7/17/2024 13:23,PA abnormal,pa_issues,,supervision,171,BF,TRUE,FALSE,on,25,47.2,36.4,110,CtrlGainStateTuned=started,46042,-10.6667,TRUE,-20,,,DPD_SCHD_MEAS_STATUS_TOR_ADC_ERR_B,lin-sv,40,FALSE,TRUE,,-10.6534,TRUE,10,-850,TRUE,DPD_STATUS_FAIL,,-15.8148,FALSE,TRUE,40,22,46390,,CtrlLinStateStartLate=started,19,44.8466,NORMAL,-10.896,TRUE,TRUE,FALSE,439,PA abnormal
2675,Radio 2271 B28,EM8A320510,7/17/2024 19:45,PA abnormal,pa_issues,,supervision,362,BF,TRUE,FALSE,on,19,47.2,44.2,126,CtrlGainStateTuned=started,46007,-19.5093,TRUE,0,,,NA,lin-sv,40,FALSE,TRUE,,-19.4848,TRUE,35,-850,TRUE,DPD_STATUS_OK,,-23.4914,FALSE,TRUE,40,21,46234,,CtrlLinStateStartLate=started,19,36.2152,BOOST,-19.7335,TRUE,TRUE,FALSE,388,PA abnormal
2676,Radio 2271 B28,EM8A320510,7/17/2024 20:54,PA abnormal,pa_issues,,supervision,177,BF,TRUE,FALSE,on,25,47.2,37.9,112,CtrlGainStateTuned=started,45957,-10.213,TRUE,0,,,DPD_SCHD_MEAS_STATUS_TOR_ADC_ERR_B,lin-sv,40,FALSE,TRUE,,-10.0748,TRUE,5,-850,TRUE,DPD_STATUS_FAIL,,-15.2711,FALSE,TRUE,40,22,46320,,CtrlLinStateStartLate=started,19,45.6252,NORMAL,-10.1634,TRUE,TRUE,FALSE,370,PA abnormal
2677,Radio 2271 B28,EM8A320510,7/18/2024 15:31,PA abnormal,pa_issues,,supervision,500,BF,TRUE,FALSE,on,26,47.2,40.2,118,CtrlGainStateTuned=started,46042,-9.9256,TRUE,0,,,DPD_SCHD_MEAS_STATUS_TOR_ADC_ERR_B,lin-sv,40,FALSE,TRUE,,-9.9891,TRUE,20,-850,TRUE,DPD_STATUS_FAIL,,-14.9136,FALSE,TRUE,40,21,46234,,CtrlLinStateStartLate=started,19,45.7109,BOOST,-9.8008,TRUE,TRUE,FALSE,418,PA abnormal
2678,Radio 2271 B28,EM8A320510,7/18/2024 17:50,PA abnormal,pa_issues,,supervision,557,BF,TRUE,FALSE,on,22,47.2,32.9,105,CtrlGainStateTuned=started,45921,-10.1002,TRUE,0,,,DPD_SCHD_MEAS_STATUS_TOR_ADC_ERR_B,lin-sv,40,FALSE,TRUE,,-10.0912,TRUE,11,-850,TRUE,DPD_STATUS_FAIL,,-15.2971,TRUE,TRUE,40,21,46234,,CtrlLinStateStarted=started,19,45.6088,BOOST,-10.2034,TRUE,TRUE,FALSE,418,PA abnormal
2679,Radio 2271 B28,EM8A320510,7/18/2024 18:02,PA abnormal,pa_issues,,supervision,358,BF,TRUE,FALSE,on,15,47.2,30.9,103,CtrlGainStateTuned=started,45902,-23.9146,TRUE,-20,,,NA,lin-sv,40,FALSE,TRUE,,-23.9243,TRUE,9,-850,TRUE,DPD_STATUS_OK,,-27.6806,FALSE,TRUE,40,21,46285,,CtrlLinStateStartLate=started,19,31.5757,BOOST,-24.1996,TRUE,TRUE,FALSE,451,PA abnormal
2680,Radio 2271 B28,EM8A320510,7/18/2024 18:41,PA abnormal,pa_issues,,supervision,159,BF,TRUE,FALSE,on,15,47.2,27.4,87,CtrlGainStateTuned=started,45957,-10.5567,TRUE,-40,,,DPD_SCHD_MEAS_STATUS_TOR_ADC_ERR_B,lin-sv,40,FALSE,TRUE,,-10.4115,TRUE,13,-850,TRUE,DPD_STATUS_FAIL,,-15.5364,FALSE,TRUE,40,21,46320,,CtrlLinStateStartLate=started,19,44.8885,NORMAL,-10.1674,TRUE,TRUE,FALSE,400,PA abnormal
2681,Radio 2271 B28,EM8A320510,7/18/2024 20:56,PA abnormal,pa_issues,,supervision,441,BF,TRUE,FALSE,on,7,47.2,24.6,87,CtrlGainStateTuned=started,46023,-10.3744,TRUE,-40,,,DPD_SCHD_MEAS_STATUS_TOR_ADC_ERR_B,lin-sv,40,FALSE,TRUE,,-10.505,TRUE,8,-850,TRUE,DPD_STATUS_FAIL,,-15.9035,FALSE,TRUE,40,20,46285,,CtrlLinStateStartLate=started,19,44.795,BOOST,-10.47,TRUE,TRUE,FALSE,499,PA abnormal
2682,Radio 2271 B28,EM8A320510,7/18/2024 22:45,PA abnormal,pa_issues,,supervision,674,BF,TRUE,FALSE,on,22,47.2,28.5,103,CtrlGainStateTuned=started,45957,-10.3067,TRUE,-40,,,DPD_SCHD_MEAS_STATUS_TOR_ADC_ERR_B,lin-sv,40,FALSE,TRUE,,-10.3158,TRUE,17,-850,TRUE,DPD_STATUS_FAIL,,-15.2445,FALSE,TRUE,40,21,46269,,CtrlLinStateStartLate=started,19,44.9842,BOOST,-10.3475,TRUE,TRUE,FALSE,484,PA abnormal
2683,Radio 2271 B28,EM8A320510,7/18/2024 23:43,PA abnormal,pa_issues,,supervision,406,BF,TRUE,FALSE,on,14,47.2,25.4,89,CtrlGainStateTuned=started,46058,-9.8753,TRUE,-60,,,DPD_SCHD_MEAS_STATUS_TOR_ADC_ERR_B,lin-sv,40,FALSE,TRUE,,-9.9054,TRUE,13,-850,TRUE,DPD_STATUS_FAIL,,-15.1733,TRUE,TRUE,40,20,46304,,CtrlLinStateStarted=started,19,45.1946,BOOST,-10.0147,TRUE,TRUE,FALSE,505,PA abnormal
2684,Radio 2271 B28,EM8A320510,7/19/2024 0:44,PA abnormal,pa_issues,,supervision,366,BF,TRUE,FALSE,on,22,47.2,24.7,88,CtrlGainStateTuned=started,45957,-24.4735,TRUE,-60,,,NA,lin-sv,40,FALSE,TRUE,,-24.4732,TRUE,5,-850,TRUE,DPD_STATUS_OK,,-27.2922,TRUE,TRUE,40,21,46320,,CtrlLinStateStarted=started,19,30.6268,BOOST,-23.5022,TRUE,TRUE,FALSE,529,PA abnormal
2685,Radio 2271 B28,EM8A320510,7/19/2024 1:24,PA abnormal,pa_issues,,supervision,759,BF,TRUE,FALSE,on,22,47.2,25.3,90,CtrlGainStateTuned=started,46042,-9.8889,TRUE,-80,,,DPD_SCHD_MEAS_STATUS_TOR_ADC_ERR_B,lin-sv,40,FALSE,TRUE,,-9.8573,TRUE,13,-850,TRUE,DPD_STATUS_FAIL,,-14.837,FALSE,TRUE,40,21,46269,,CtrlLinStateStartLate=started,19,45.0427,BOOST,-9.751,TRUE,TRUE,FALSE,523,PA abnormal
2686,Radio 2271 B28,EM8A320510,7/19/2024 1:24,PA abnormal,pa_issues,,supervision,721,BF,TRUE,FALSE,on,22,47.2,25.5,90,CtrlGainStateTuned=started,46007,-9.1321,TRUE,-100,,,DPD_SCHD_MEAS_STATUS_TOR_ADC_ERR_B,lin-sv,40,FALSE,TRUE,,-9.1554,TRUE,5,-850,TRUE,DPD_STATUS_FAIL,,-14.1293,FALSE,TRUE,40,20,46355,,CtrlLinStateStartLate=started,19,45.5446,BOOST,-8.9177,TRUE,TRUE,FALSE,544,PA abnormal
2687,Radio 2271 B28,EM8A320510,7/19/2024 23:56,PA abnormal,pa_issues,,supervision,471,BF,TRUE,FALSE,on,22,47.2,29.9,95,CtrlGainStateTuned=started,46023,-10.8416,TRUE,0,,,DPD_SCHD_MEAS_STATUS_TOR_ADC_ERR_B,lin-sv,40,FALSE,TRUE,,-10.8965,TRUE,17,-850,TRUE,DPD_STATUS_FAIL,,-15.6899,FALSE,TRUE,40,20,46406,,CtrlLinStateStartLate=started,19,44.8035,BOOST,-10.5676,TRUE,TRUE,FALSE,421,PA abnormal
2688,Radio 2271 B28,EM8A320510,7/19/2024 23:57,PA abnormal,pa_issues,,supervision,603,BF,TRUE,FALSE,on,20,47.2,29.9,96,CtrlGainStateTuned=started,45972,-28.367,TRUE,-20,,,NA,lin-sv,40,FALSE,TRUE,,-28.3579,TRUE,5,-850,TRUE,DPD_STATUS_OK,,-30.4155,FALSE,TRUE,40,21,46250,,CtrlLinStateStartLate=started,19,27.1421,BOOST,-26.6025,TRUE,TRUE,FALSE,418,PA abnormal
2689,Radio 2271 B28,EM8A320510,7/19/2024 23:57,PA abnormal,pa_issues,,supervision,365,BF,TRUE,FALSE,on,20,47.2,30,99,CtrlGainStateTuned=started,45902,-10.1332,TRUE,-40,,,DPD_SCHD_MEAS_STATUS_TOR_ADC_ERR_B,lin-sv,40,FALSE,TRUE,,-10.0297,TRUE,5,-850,TRUE,DPD_STATUS_FAIL,,-15.0306,FALSE,TRUE,40,21,46390,,CtrlLinStateStartLate=started,19,45.2703,BOOST,-10.011,TRUE,TRUE,FALSE,454,PA abnormal
2690,Radio 2271 B28,EM8A320510,7/19/2024 23:58,PA abnormal,pa_issues,,supervision,107,BF,TRUE,FALSE,on,22,47.2,30.1,87,CtrlGainStateTuned=started,45902,-23.7406,TRUE,-60,,,NA,lin-sv,40,FALSE,TRUE,,-23.7335,TRUE,5,-850,TRUE,DPD_STATUS_OK,,-26.3078,TRUE,TRUE,40,21,46339,,CtrlLinStateStarted=started,19,31.3665,NORMAL,-22.9562,TRUE,TRUE,FALSE,382,PA abnormal
2691,Radio 2271 B28,EM8A320510,7/20/2024 0:09,PA abnormal,pa_issues,,supervision,576,BF,TRUE,FALSE,on,15,47.2,31.7,103,CtrlGainStateTuned=started,45937,-9.9189,TRUE,-80,,,DPD_SCHD_MEAS_STATUS_TOR_ADC_ERR_B,lin-sv,40,FALSE,TRUE,,-9.9515,TRUE,8,-850,TRUE,DPD_STATUS_FAIL,,-15.1095,FALSE,TRUE,40,21,46390,,CtrlLinStateStartLate=started,19,44.9485,BOOST,-10.0052,TRUE,TRUE,FALSE,496,PA abnormal
2692,Radio 2271 B28,EM8A320510,7/20/2024 1:44,PA abnormal,pa_issues,,supervision,221,BF,TRUE,FALSE,on,17,47.2,28.2,92,CtrlGainStateTuned=started,46078,-28.4481,TRUE,-80,,,NA,lin-sv,40,FALSE,TRUE,,-28.4175,TRUE,12,-850,TRUE,DPD_STATUS_OK,,-31.7726,TRUE,TRUE,40,21,46304,,CtrlLinStateStarted=started,19,26.4825,BOOST,-27.7781,TRUE,TRUE,FALSE,502,PA abnormal
2693,Radio 2271 B28,EM8A320510,7/20/2024 2:28,PA abnormal,pa_issues,,supervision,756,BF,TRUE,FALSE,on,21,47.2,24.6,87,CtrlGainStateTuned=started,45937,-10.9629,TRUE,-100,,,DPD_SCHD_MEAS_STATUS_TOR_ADC_ERR_B,lin-sv,40,FALSE,TRUE,,-11.0134,TRUE,20,-850,TRUE,DPD_STATUS_FAIL,,-16.2719,TRUE,TRUE,40,20,46355,,CtrlLinStateStarted=started,19,43.6866,BOOST,-10.9731,TRUE,TRUE,FALSE,514,PA abnormal
2694,Radio 2271 B28,EM8A320510,7/20/2024 2:29,PA abnormal,pa_issues,,supervision,321,BF,TRUE,FALSE,on,14,47.2,24.7,88,CtrlGainStateTuned=started,45921,-9.423,TRUE,-120,,,DPD_SCHD_MEAS_STATUS_TOR_ADC_ERR_B,lin-sv,40,FALSE,TRUE,,-9.334,TRUE,5,-850,TRUE,DPD_STATUS_FAIL,,-14.6079,FALSE,TRUE,40,20,46304,,CtrlLinStateStartLate=started,19,45.166,BOOST,-9.6873,TRUE,TRUE,FALSE,562,PA abnormal
2695,Radio 2271 B28,EM8A320510,7/20/2024 2:29,PA abnormal,pa_issues,,supervision,682,BF,TRUE,FALSE,on,19,47.2,24.6,91,CtrlGainStateTuned=started,46023,-10.4194,TRUE,-140,,,DPD_SCHD_MEAS_STATUS_TOR_ADC_ERR_B,lin-sv,40,FALSE,TRUE,,-10.4393,TRUE,5,-850,TRUE,DPD_STATUS_FAIL,,-15.5967,TRUE,TRUE,40,20,46375,,CtrlLinStateStarted=started,19,43.8607,BOOST,-10.9002,TRUE,TRUE,FALSE,616,PA abnormal
2696,Radio 2271 B28,EM8A320510,7/20/2024 2:30,PA abnormal,pa_issues,,supervision,670,BF,TRUE,FALSE,on,14,47.2,24.6,93,CtrlGainStateTuned=started,45902,-10.3238,TRUE,-160,,,DPD_SCHD_MEAS_STATUS_TOR_ADC_ERR_B,lin-sv,40,FALSE,TRUE,,-10.3303,TRUE,5,-850,TRUE,DPD_STATUS_FAIL,,-14.9944,FALSE,TRUE,40,21,46355,,CtrlLinStateStartLate=started,19,43.7697,BOOST,-10.2481,TRUE,TRUE,FALSE,616,PA abnormal
2697,Radio 2271 B28,EM8A320510,7/20/2024 17:25,PA abnormal,pa_issues,,supervision,543,BF,TRUE,FALSE,on,23,47.2,35.2,109,CtrlGainStateTuned=started,46007,-10.8449,TRUE,0,,,DPD_SCHD_MEAS_STATUS_TOR_ADC_ERR_B,lin-sv,40,FALSE,TRUE,,-10.8166,TRUE,15,-850,TRUE,DPD_STATUS_FAIL,,-15.6016,FALSE,TRUE,40,21,46304,,CtrlLinStateStartLate=started,19,44.8834,BOOST,-10.7217,TRUE,TRUE,FALSE,415,PA abnormal
2698,Radio 2271 B28,EM8A320510,7/20/2024 20:02,PA abnormal,pa_issues,,supervision,688,BF,TRUE,FALSE,on,22,47.2,28.2,97,CtrlGainStateTuned=started,45902,-9.8207,TRUE,0,,,DPD_SCHD_MEAS_STATUS_TOR_ADC_ERR_B,lin-sv,40,FALSE,TRUE,,-9.7766,TRUE,14,-850,TRUE,DPD_STATUS_FAIL,,-15.113,FALSE,TRUE,40,21,46234,,CtrlLinStateStartLate=started,19,45.9234,BOOST,-9.8636,TRUE,TRUE,FALSE,418,PA abnormal
2699,Radio 2271 B28,EM8A320510,7/20/2024 21:11,PA abnormal,pa_issues,,supervision,470,BF,TRUE,FALSE,on,22,47.2,22.8,82,CtrlGainStateTuned=started,46078,-10.5634,TRUE,0,,,DPD_SCHD_MEAS_STATUS_TOR_ADC_ERR_B,lin-sv,40,FALSE,TRUE,,-10.6531,TRUE,5,-850,TRUE,DPD_STATUS_FAIL,,-15.5179,TRUE,TRUE,40,20,46285,,CtrlLinStateStarted=started,19,45.0469,BOOST,-10.4432,TRUE,TRUE,FALSE,475,PA abnormal
2700,Radio 2271 B28,EM8A320510,7/20/2024 21:11,PA abnormal,pa_issues,,supervision,791,BF,TRUE,FALSE,on,21,47.2,22.8,82,CtrlGainStateTuned=started,45957,-10.7853,TRUE,-20,,,DPD_SCHD_MEAS_STATUS_TOR_ADC_ERR_B,lin-sv,40,FALSE,TRUE,,-10.8605,TRUE,5,-850,TRUE,DPD_STATUS_FAIL,,-15.8851,FALSE,TRUE,40,21,46285,,CtrlLinStateStartLate=started,19,44.6395,BOOST,-10.7353,TRUE,TRUE,FALSE,490,PA abnormal
2701,Radio 2271 B28,EM8A320510,7/20/2024 21:12,PA abnormal,pa_issues,,supervision,748,BF,TRUE,FALSE,on,21,47.2,22.9,83,CtrlGainStateTuned=started,45957,-10.4476,TRUE,-40,,,DPD_SCHD_MEAS_STATUS_TOR_ADC_ERR_B,lin-sv,40,FALSE,TRUE,,-10.4577,TRUE,5,-850,TRUE,DPD_STATUS_FAIL,,-15.9087,TRUE,TRUE,40,21,46285,,CtrlLinStateStarted=started,19,44.8423,BOOST,-10.98,TRUE,TRUE,FALSE,496,PA abnormal
2702,Radio 2271 B28,EM8A320510,7/20/2024 22:05,PA abnormal,pa_issues,,supervision,611,BF,TRUE,FALSE,on,21,47.2,24.6,88,CtrlGainStateTuned=started,46023,-10.0776,TRUE,-60,,,DPD_SCHD_MEAS_STATUS_TOR_ADC_ERR_B,lin-sv,40,FALSE,TRUE,,-10.1091,TRUE,17,-850,TRUE,DPD_STATUS_FAIL,,-15.2987,TRUE,TRUE,40,21,46304,,CtrlLinStateStarted=started,19,44.9909,BOOST,-9.9429,TRUE,TRUE,FALSE,523,PA abnormal
2703,Radio 2271 B28,EM8A320510,7/20/2024 22:34,PA abnormal,pa_issues,,supervision,761,BF,TRUE,FALSE,on,21,47.2,24.2,91,CtrlGainStateTuned=started,45937,-9.4188,TRUE,-80,,,DPD_SCHD_MEAS_STATUS_TOR_ADC_ERR_B,lin-sv,40,FALSE,TRUE,,-9.3127,TRUE,11,-850,TRUE,DPD_STATUS_FAIL,,-14.4925,FALSE,TRUE,40,20,46285,,CtrlLinStateStartLate=started,19,45.5873,BOOST,-9.4489,TRUE,TRUE,FALSE,523,PA abnormal
2704,Radio 2271 B28,EM8A320510,7/21/2024 0:14,PA abnormal,pa_issues,,supervision,156,BF,TRUE,FALSE,on,19,47.2,23.2,72,CtrlGainStateTuned=started,46058,-28.712,TRUE,-80,,,NA,lin-sv,40,FALSE,TRUE,,-28.6522,TRUE,10,-850,TRUE,DPD_STATUS_OK,,-38.7787,FALSE,TRUE,40,21,46320,,CtrlLinStateStartLate=started,19,26.2478,NORMAL,-36.3101,TRUE,TRUE,FALSE,409,PA abnormal
2705,Radio 2271 B28,EM8A320510,7/21/2024 0:26,PA abnormal,pa_issues,,supervision,800,BF,TRUE,FALSE,on,21,47.2,23.2,86,CtrlGainStateTuned=started,45957,-10.9158,TRUE,-100,,,DPD_SCHD_MEAS_STATUS_TOR_ADC_ERR_B,lin-sv,40,FALSE,TRUE,,-10.9536,TRUE,9,-850,TRUE,DPD_STATUS_FAIL,,-15.8617,FALSE,TRUE,40,20,46355,,CtrlLinStateStartLate=started,19,43.7464,BOOST,-10.9452,TRUE,TRUE,FALSE,562,PA abnormal
2706,Radio 2271 B28,EM8A320510,7/21/2024 0:37,PA abnormal,pa_issues,,supervision,803,BF,TRUE,FALSE,on,21,47.2,22.9,89,CtrlGainStateTuned=started,45902,-9.8702,TRUE,-120,,,DPD_SCHD_MEAS_STATUS_TOR_ADC_ERR_B,lin-sv,40,FALSE,TRUE,,-9.8284,TRUE,11,-850,TRUE,DPD_STATUS_FAIL,,-14.6648,FALSE,TRUE,40,20,46355,,CtrlLinStateStartLate=started,19,44.6716,BOOST,-9.6471,TRUE,TRUE,FALSE,586,PA abnormal
2707,Radio 2271 B28,EM8A320510,7/21/2024 2:59,PA abnormal,pa_issues,,supervision,799,BF,TRUE,FALSE,on,21,47.2,23.5,84,CtrlGainStateTuned=started,46078,-9.808,TRUE,0,,,DPD_SCHD_MEAS_STATUS_TOR_ADC_ERR_B,lin-sv,40,FALSE,TRUE,,-9.8349,TRUE,21,-850,TRUE,DPD_STATUS_FAIL,,-15.3503,TRUE,TRUE,40,21,46304,,CtrlLinStateStarted=started,19,45.8651,BOOST,-10.0519,TRUE,TRUE,FALSE,469,PA abnormal
2708,Radio 2271 B28,EM8A320510,7/21/2024 15:14,PA abnormal,pa_issues,,supervision,311,BF,TRUE,FALSE,on,20,47.2,37,112,CtrlGainStateTuned=started,45921,-26.1344,TRUE,0,,,NA,lin-sv,40,FALSE,TRUE,,-26.135,TRUE,22,-850,TRUE,DPD_STATUS_OK,,-29.9215,TRUE,TRUE,40,21,46320,,CtrlLinStateStarted=started,19,29.565,BOOST,-26.1575,TRUE,TRUE,FALSE,427,PA abnormal
2709,Radio 2271 B28,EM8A320510,7/21/2024 15:26,PA abnormal,pa_issues,,supervision,258,BF,TRUE,FALSE,on,16,47.2,41.3,122,CtrlGainStateTuned=started,45886,-10.8126,TRUE,-20,,,DPD_SCHD_MEAS_STATUS_TOR_ADC_ERR_B,lin-sv,40,FALSE,TRUE,,-10.8226,TRUE,10,-850,TRUE,DPD_STATUS_FAIL,,-15.612,FALSE,TRUE,40,20,46234,,CtrlLinStateStartLate=started,19,44.6774,BOOST,-10.9566,TRUE,TRUE,FALSE,430,PA abnormal
2710,Radio 2271 B28,EM8A320510,7/21/2024 15:49,PA abnormal,pa_issues,,supervision,297,BF,TRUE,FALSE,on,25,47.2,43.2,120,CtrlGainStateTuned=started,45972,-28.1324,TRUE,-40,,,NA,lin-sv,40,FALSE,TRUE,,-28.0577,TRUE,8,-850,TRUE,DPD_STATUS_OK,,-33.6353,TRUE,TRUE,40,22,46375,,CtrlLinStateStarted=started,19,27.2423,BOOST,-29.453,TRUE,TRUE,FALSE,409,PA abnormal
2711,Radio 2271 B28,EM8A320510,7/21/2024 16:25,PA abnormal,pa_issues,,supervision,377,BF,TRUE,FALSE,on,16,47.2,40.1,116,CtrlGainStateTuned=started,46023,-19.7503,TRUE,-60,,,NA,lin-sv,40,FALSE,TRUE,,-19.7496,TRUE,8,-850,TRUE,DPD_STATUS_OK,,-23.7503,FALSE,TRUE,40,21,46250,,CtrlLinStateStartLate=started,19,35.3504,BOOST,-19.9229,TRUE,TRUE,FALSE,445,PA abnormal
2712,Radio 2271 B28,EM8A320510,7/21/2024 16:26,PA abnormal,pa_issues,,supervision,514,BF,TRUE,FALSE,on,25,47.2,40.1,113,CtrlGainStateTuned=started,46023,-22.0732,TRUE,-80,,,NA,lin-sv,40,FALSE,TRUE,,-22.0089,TRUE,5,-850,TRUE,DPD_STATUS_OK,,-25.898,TRUE,TRUE,40,21,46304,,CtrlLinStateStarted=started,19,32.8911,BOOST,-22.1669,TRUE,TRUE,FALSE,451,PA abnormal
2713,Radio 2271 B28,EM8A320510,7/21/2024 18:52,PA abnormal,pa_issues,,supervision,176,BF,TRUE,FALSE,on,26,47.2,53.5,130,CtrlGainStateTuned=started,45902,-9.9106,TRUE,-60,,,DPD_SCHD_MEAS_STATUS_TOR_ADC_ERR_B,lin-sv,40,FALSE,TRUE,,-9.9365,TRUE,10,-850,TRUE,DPD_STATUS_FAIL,,-14.6288,TRUE,TRUE,40,21,46320,,CtrlLinStateStarted=started,19,45.1635,NORMAL,-9.8288,TRUE,TRUE,FALSE,343,PA abnormal
2714,Radio 2271 B28,EM8A320510,7/21/2024 19:27,PA abnormal,pa_issues,,supervision,182,BF,TRUE,FALSE,on,26,47.2,51.7,127,CtrlGainStateTuned=started,45957,-10.6555,TRUE,-80,,,DPD_SCHD_MEAS_STATUS_TOR_ADC_ERR_B,lin-sv,40,FALSE,TRUE,,-10.5995,TRUE,8,-850,TRUE,DPD_STATUS_FAIL,,-15.7068,FALSE,TRUE,40,21,46339,,CtrlLinStateStartLate=started,19,44.3005,NORMAL,-10.6844,TRUE,TRUE,FALSE,334,PA abnormal
2715,Radio 2271 B28,EM8A320510,7/21/2024 19:41,PA abnormal,pa_issues,,supervision,180,BF,TRUE,FALSE,on,21,47.2,48.5,124,CtrlGainStateTuned=started,45992,-9.9488,TRUE,-100,,,DPD_SCHD_MEAS_STATUS_TOR_ADC_ERR_B,lin-sv,40,FALSE,TRUE,,-9.965,TRUE,5,-850,TRUE,DPD_STATUS_FAIL,,-15.0945,FALSE,TRUE,40,21,46320,,CtrlLinStateStartLate=started,19,44.735,NORMAL,-10.0307,TRUE,TRUE,FALSE,397,PA abnormal
2716,Radio 2271 B28,EM8A320510,7/21/2024 20:03,PA abnormal,pa_issues,,supervision,383,BF,TRUE,FALSE,on,25,47.2,45.3,122,CtrlGainStateTuned=started,45992,-16.2665,TRUE,-120,,,NA,lin-sv,40,FALSE,TRUE,,-16.2514,TRUE,5,-850,TRUE,DPD_STATUS_OK,,-20.2138,FALSE,TRUE,40,21,46250,,CtrlLinStateStartLate=started,19,38.2486,BOOST,-15.9856,TRUE,TRUE,FALSE,448,PA abnormal
2717,Radio 2271 B28,EM8A320510,7/22/2024 20:50,PA abnormal,pa_issues,,supervision,331,BF,TRUE,FALSE,on,14,47.2,29.3,100,CtrlGainStateTuned=started,46023,-12.5786,TRUE,0,,,NA,lin-sv,40,FALSE,TRUE,,-12.5912,TRUE,20,-850,TRUE,DPD_STATUS_OK,,-17.4821,FALSE,TRUE,40,21,46355,,CtrlLinStateStartLate=started,19,43.1088,BOOST,-12.7927,TRUE,TRUE,FALSE,439,PA abnormal
2718,Radio 2271 B28,EM8A320510,7/22/2024 22:21,PA abnormal,pa_issues,,supervision,477,BF,TRUE,FALSE,on,17,47.2,40.1,116,CtrlGainStateTuned=started,45992,-11.0655,TRUE,0,,,DPD_SCHD_MEAS_STATUS_TOR_ADC_ERR_B,lin-sv,40,FALSE,TRUE,,-11.1012,TRUE,8,-850,TRUE,DPD_STATUS_FAIL,,-16.3325,TRUE,TRUE,40,21,46355,,CtrlLinStateStarted=started,19,44.5988,BOOST,-11.0926,TRUE,TRUE,FALSE,373,PA abnormal
2719,Radio 2271 B28,EM8A320510,7/23/2024 0:23,PA abnormal,pa_issues,,supervision,181,BF,TRUE,FALSE,on,25,47.2,43.6,119,CtrlGainStateTuned=started,45957,-10.1375,TRUE,0,,,DPD_SCHD_MEAS_STATUS_TOR_ADC_ERR_B,lin-sv,40,FALSE,TRUE,,-10.1209,TRUE,15,-850,TRUE,DPD_STATUS_FAIL,,-15.4654,FALSE,TRUE,40,21,46390,,CtrlLinStateStartLate=started,19,45.5791,NORMAL,-10.2449,TRUE,TRUE,FALSE,319,PA abnormal
2720,Radio 2271 B28,EM8A320510,7/23/2024 1:26,PA abnormal,pa_issues,,supervision,180,BF,TRUE,FALSE,on,24,47.2,39.5,112,CtrlGainStateTuned=started,45957,-10.6175,TRUE,0,,,DPD_SCHD_MEAS_STATUS_TOR_ADC_ERR_B,lin-sv,40,FALSE,TRUE,,-10.5541,TRUE,5,-850,TRUE,DPD_STATUS_FAIL,,-15.8185,FALSE,TRUE,40,21,46285,,CtrlLinStateStartLate=started,19,45.1459,NORMAL,-10.5136,TRUE,TRUE,FALSE,319,PA abnormal
2721,Radio 2271 B28,EM8A320510,7/23/2024 16:42,PA abnormal,pa_issues,,supervision,167,BF,TRUE,FALSE,on,22,47.2,32.6,96,CtrlGainStateTuned=started,45937,-10.8144,TRUE,0,,,DPD_SCHD_MEAS_STATUS_TOR_ADC_ERR_B,lin-sv,40,FALSE,TRUE,,-10.6573,TRUE,34,-850,TRUE,DPD_STATUS_FAIL,,-16.368,FALSE,TRUE,40,21,46339,,CtrlLinStateStartLate=started,19,45.0427,NORMAL,-10.9172,TRUE,TRUE,FALSE,319,PA abnormal
2722,Radio 2271 B28,EM8A320510,7/23/2024 19:39,PA abnormal,pa_issues,,supervision,663,BF,TRUE,FALSE,on,21,47.2,30.9,100,CtrlGainStateTuned=started,45957,-9.9763,TRUE,0,,,DPD_SCHD_MEAS_STATUS_TOR_ADC_ERR_B,lin-sv,40,FALSE,TRUE,,-9.9563,TRUE,18,-850,TRUE,DPD_STATUS_FAIL,,-15.0301,FALSE,TRUE,40,20,46304,,CtrlLinStateStartLate=started,19,45.7437,BOOST,-9.8794,TRUE,TRUE,FALSE,397,PA abnormal
2723,Radio 2271 B28,EM8A320510,7/23/2024 20:32,PA abnormal,pa_issues,,supervision,641,BF,TRUE,FALSE,on,14,47.2,30.8,96,CtrlGainStateTuned=started,45957,-10.1064,TRUE,-20,,,DPD_SCHD_MEAS_STATUS_TOR_ADC_ERR_B,lin-sv,40,FALSE,TRUE,,-9.7507,TRUE,10,-850,TRUE,DPD_STATUS_FAIL,,-15.1202,FALSE,TRUE,40,20,46375,,CtrlLinStateStartLate=started,19,45.7493,BOOST,-9.5375,TRUE,TRUE,FALSE,346,PA abnormal
2724,Radio 2271 B28,EM8A320510,7/23/2024 20:32,PA abnormal,pa_issues,,supervision,598,BF,TRUE,FALSE,on,21,47.2,30.8,97,CtrlGainStateTuned=started,46007,-29.1279,TRUE,-40,,,NA,lin-sv,40,FALSE,TRUE,,-29.0116,TRUE,5,-850,TRUE,DPD_STATUS_OK,,-37.2459,FALSE,TRUE,40,21,46304,,CtrlLinStateStartLate=started,19,26.2884,BOOST,-32.9013,TRUE,TRUE,FALSE,394,PA abnormal
2725,Radio 2271 B28,EM8A320510,7/23/2024 22:32,PA abnormal,pa_issues,,supervision,103,BF,TRUE,FALSE,on,20,47.2,28.7,92,CtrlGainStateTuned=started,45972,-10.1359,TRUE,-40,,,NA,lin-sv,40,FALSE,TRUE,,-10.1614,TRUE,18,-850,TRUE,DPD_STATUS_OK,,-14.6949,TRUE,TRUE,40,20,46285,,CtrlLinStateStarted=started,19,45.1386,NORMAL,-10.0693,TRUE,TRUE,FALSE,514,PA abnormal
2726,Radio 2271 B28,EM8A320510,7/23/2024 22:32,PA abnormal,pa_issues,,supervision,430,BF,TRUE,FALSE,on,13,47.2,28.7,90,CtrlGainStateTuned=started,45992,-17.9833,TRUE,-60,,,NA,lin-sv,40,FALSE,TRUE,,-17.9748,TRUE,5,-850,TRUE,DPD_STATUS_OK,,-22.1767,TRUE,TRUE,40,21,46285,,CtrlLinStateStarted=started,19,37.1252,BOOST,-18.167,TRUE,TRUE,FALSE,439,PA abnormal
2727,Radio 2271 B28,EM8A320510,7/23/2024 22:45,PA abnormal,pa_issues,,supervision,162,BF,TRUE,FALSE,on,21,47.2,29.5,91,CtrlGainStateTuned=started,46058,-10.6074,TRUE,-80,,,DPD_SCHD_MEAS_STATUS_TOR_ADC_ERR_B,lin-sv,40,FALSE,TRUE,,-10.6031,TRUE,7,-850,TRUE,DPD_STATUS_FAIL,,-15.8423,FALSE,TRUE,40,20,46304,,CtrlLinStateStartLate=started,19,44.2969,NORMAL,-10.3131,TRUE,TRUE,FALSE,373,PA abnormal
2728,Radio 2271 B28,EM8A320510,7/23/2024 22:45,PA abnormal,pa_issues,,supervision,174,BF,TRUE,FALSE,on,21,47.2,29.6,93,CtrlGainStateTuned=started,46007,-9.9262,TRUE,-100,,,DPD_SCHD_MEAS_STATUS_TOR_ADC_ERR_B,lin-sv,40,FALSE,TRUE,,-9.9844,TRUE,5,-850,TRUE,DPD_STATUS_FAIL,,-14.7865,TRUE,TRUE,40,20,46339,,CtrlLinStateStarted=started,19,44.7156,NORMAL,-9.9825,TRUE,TRUE,FALSE,487,PA abnormal
2729,Radio 2271 B28,EM8A320510,7/23/2024 23:44,PA abnormal,pa_issues,,supervision,691,BF,TRUE,FALSE,on,21,47.2,28.6,92,CtrlGainStateTuned=started,46042,-11.5955,TRUE,0,,,DPD_SCHD_MEAS_STATUS_TOR_ADC_ERR_B,lin-sv,40,FALSE,TRUE,,-11.6251,TRUE,12,-850,TRUE,DPD_STATUS_FAIL,,-16.6244,FALSE,TRUE,40,21,46304,,CtrlLinStateStartLate=started,19,44.0749,BOOST,-11.6281,TRUE,TRUE,FALSE,382,PA abnormal
2730,Radio 2271 B28,EM8A320510,7/23/2024 23:45,PA abnormal,pa_issues,,supervision,683,BF,TRUE,FALSE,on,20,47.2,28.8,92,CtrlGainStateTuned=started,46007,-9.784,TRUE,-20,,,DPD_SCHD_MEAS_STATUS_TOR_ADC_ERR_B,lin-sv,40,FALSE,TRUE,,-9.751,TRUE,5,-850,TRUE,DPD_STATUS_FAIL,,-15.3191,FALSE,TRUE,40,20,46250,,CtrlLinStateStartLate=started,19,45.749,BOOST,-9.976,TRUE,TRUE,FALSE,400,PA abnormal
2731,Radio 2271 B28,EM8A320510,7/23/2024 23:45,PA abnormal,pa_issues,,supervision,638,BF,TRUE,FALSE,on,20,47.2,28.9,90,CtrlGainStateTuned=started,45972,-16.3364,TRUE,-40,,,NA,lin-sv,40,FALSE,TRUE,,-16.3437,TRUE,5,-850,TRUE,DPD_STATUS_OK,,-20.5111,TRUE,TRUE,40,20,46250,,CtrlLinStateStarted=started,19,38.9563,BOOST,-16.3115,TRUE,TRUE,FALSE,421,PA abnormal
2732,Radio 2271 B28,EM8A320510,7/24/2024 0:32,PA abnormal,pa_issues,,supervision,692,BF,TRUE,FALSE,on,21,47.2,29.4,97,CtrlGainStateTuned=started,45902,-9.6347,TRUE,-60,,,DPD_SCHD_MEAS_STATUS_TOR_ADC_ERR_B,lin-sv,40,FALSE,TRUE,,-9.5109,TRUE,10,-850,TRUE,DPD_STATUS_FAIL,,-14.5043,FALSE,TRUE,40,21,46339,,CtrlLinStateStartLate=started,19,45.5891,BOOST,-9.3325,TRUE,TRUE,FALSE,439,PA abnormal
2733,Radio 2271 B28,EM8A320510,7/24/2024 0:41,PA abnormal,pa_issues,,supervision,434,BF,TRUE,FALSE,on,21,47.2,30.7,96,CtrlGainStateTuned=started,45992,-10.4078,TRUE,-80,,,DPD_SCHD_MEAS_STATUS_TOR_ADC_ERR_B,lin-sv,40,FALSE,TRUE,,-10.3613,TRUE,9,-850,TRUE,DPD_STATUS_FAIL,,-15.5391,TRUE,TRUE,40,20,46320,,CtrlLinStateStarted=started,19,44.5387,BOOST,-10.3585,TRUE,TRUE,FALSE,463,PA abnormal
2734,Radio 2271 B28,EM8A320510,7/24/2024 0:58,PA abnormal,pa_issues,,supervision,576,BF,TRUE,FALSE,on,21,47.2,28.5,89,CtrlGainStateTuned=started,45972,-20.2115,TRUE,-100,,,NA,lin-sv,40,FALSE,TRUE,,-20.1935,TRUE,11,-850,TRUE,DPD_STATUS_OK,,-23.3759,FALSE,TRUE,40,20,46355,,CtrlLinStateStartLate=started,19,34.5065,BOOST,-19.4816,TRUE,TRUE,FALSE,475,PA abnormal
2735,Radio 2271 B28,EM8A320510,7/24/2024 0:58,PA abnormal,pa_issues,,supervision,399,BF,TRUE,FALSE,on,21,47.2,28.6,90,CtrlGainStateTuned=started,46023,-16.9135,TRUE,-120,,,NA,lin-sv,40,FALSE,TRUE,,-16.8543,TRUE,5,-850,TRUE,DPD_STATUS_OK,,-20.273,TRUE,TRUE,40,20,46304,,CtrlLinStateStarted=started,19,37.6457,BOOST,-16.7152,TRUE,TRUE,FALSE,556,PA abnormal
2736,Radio 2271 B28,EM8A320510,7/11/2024 5:38,PA abnormal,pa_issues,,supervision,104,BF,TRUE,FALSE,on,28,47.2,37.4,116,CtrlGainStateTuned=started,45902,-10.291,TRUE,0,,,DPD_SCHD_MEAS_STATUS_TOR_ADC_ERR_B,lin-sv,40,FALSE,TRUE,,-10.3171,TRUE,29,-850,TRUE,DPD_STATUS_FAIL,,-15.3316,FALSE,TRUE,40,22,46234,,CtrlLinStateStartLate=started,19,45.3829,NORMAL,-10.2692,TRUE,TRUE,FALSE,448,PA abnormal
2737,Radio 2271 B28,EM8A320510,7/11/2024 12:22,PA abnormal,pa_issues,,supervision,169,BF,TRUE,FALSE,on,27,47.2,31.1,103,CtrlGainStateTuned=started,46023,-10.4995,TRUE,0,,,DPD_SCHD_MEAS_STATUS_TOR_ADC_ERR_B,lin-sv,40,FALSE,TRUE,,-10.5843,TRUE,23,-850,TRUE,DPD_STATUS_FAIL,,-15.5149,FALSE,TRUE,40,23,46375,,CtrlLinStateStartLate=started,19,45.1157,NORMAL,-10.474,TRUE,TRUE,FALSE,478,PA abnormal
2738,Radio 2271 B28,EM8A320510,7/11/2024 12:22,PA abnormal,pa_issues,,supervision,151,BF,TRUE,FALSE,on,19,47.2,31.1,104,CtrlGainStateTuned=started,46023,-10.9387,TRUE,-20,,,DPD_SCHD_MEAS_STATUS_TOR_ADC_ERR_B,lin-sv,40,FALSE,TRUE,,-10.9847,TRUE,5,-850,TRUE,DPD_STATUS_FAIL,,-15.8911,FALSE,TRUE,40,24,46304,,CtrlLinStateStartLate=started,19,44.5153,NORMAL,-11.3157,TRUE,TRUE,FALSE,526,PA abnormal
2739,Radio 2271 B28,EM8A320510,7/11/2024 13:29,PA abnormal,pa_issues,,supervision,181,BF,TRUE,FALSE,on,28,47.2,37.7,119,CtrlGainStateTuned=started,46023,-10.6399,TRUE,-20,,,DPD_SCHD_MEAS_STATUS_TOR_ADC_ERR_B,lin-sv,40,FALSE,TRUE,,-10.6448,TRUE,5,-850,TRUE,DPD_STATUS_FAIL,,-15.4401,FALSE,TRUE,40,23,46285,,CtrlLinStateStartLate=started,19,44.8552,NORMAL,-10.5248,TRUE,TRUE,FALSE,472,PA abnormal
2740,Radio 2271 B28,EM8A320510,7/11/2024 13:29,PA abnormal,pa_issues,,supervision,184,BF,TRUE,FALSE,on,29,47.2,37.7,121,CtrlGainStateTuned=started,45937,-10.7497,TRUE,-40,,,DPD_SCHD_MEAS_STATUS_TOR_ADC_ERR_B,lin-sv,40,FALSE,TRUE,,-10.7956,TRUE,5,-850,TRUE,DPD_STATUS_FAIL,,-15.8627,FALSE,TRUE,40,23,46355,,CtrlLinStateStartLate=started,19,44.5044,NORMAL,-10.9706,TRUE,TRUE,FALSE,493,PA abnormal
2741,Radio 2271 B28,EM8A320510,7/11/2024 16:46,PA abnormal,pa_issues,,supervision,525,BF,TRUE,FALSE,on,21,47.2,38.9,121,CtrlGainStateTuned=started,46023,-17.7362,TRUE,0,,,NA,lin-sv,40,FALSE,TRUE,,-17.7437,TRUE,5,-850,TRUE,DPD_STATUS_OK,,-22.0606,FALSE,TRUE,40,22,46339,,CtrlLinStateStartLate=started,19,37.9563,BOOST,-17.7363,TRUE,TRUE,FALSE,487,PA abnormal
2742,Radio 2271 B28,EM8A320510,7/11/2024 18:58,PA abnormal,pa_issues,,supervision,179,BF,TRUE,FALSE,on,28,47.2,40.2,118,CtrlGainStateTuned=started,45972,-10.1243,TRUE,0,,,DPD_SCHD_MEAS_STATUS_TOR_ADC_ERR_B,lin-sv,40,FALSE,TRUE,,-10.1035,TRUE,9,-850,TRUE,DPD_STATUS_FAIL,,-15.3209,FALSE,TRUE,40,22,46339,,CtrlLinStateStartLate=started,19,45.5965,NORMAL,-10.4497,TRUE,TRUE,FALSE,448,PA abnormal
2743,Radio 2271 B28,EM8A320510,7/11/2024 19:22,PA abnormal,pa_issues,,ramping timeout,626,BF,TRUE,FALSE,off,28,47.2,38.8,131,CtrlGainStateRamping=starting,45937,-18.9532,TRUE,-20,,,NA,lin-ramping,40,FALSE,TRUE,,-28.0098,TRUE,3,-850,TRUE,DPD_STATUS_OK,,-22.6314,FALSE,TRUE,40,23,46339,,ns=stopped,19,27.4902,BOOST,-18.6557,TRUE,TRUE,FALSE,1906,PA abnormal
2744,Radio 2271 B28,EM8A320510,7/11/2024 19:47,PA abnormal,pa_issues,,supervision,182,BF,TRUE,FALSE,on,28,47.2,39.9,124,CtrlGainStateTuned=started,45902,-9.8992,TRUE,-140,,,DPD_SCHD_MEAS_STATUS_TOR_ADC_ERR_B,lin-sv,40,FALSE,TRUE,,-9.9148,TRUE,5,-850,TRUE,DPD_STATUS_FAIL,,-14.7426,FALSE,TRUE,40,22,46355,,CtrlLinStateStartLate=started,19,44.3852,NORMAL,-9.87,TRUE,TRUE,FALSE,577,PA abnormal
2745,Radio 2271 B28,EM8A320510,7/11/2024 22:26,PA abnormal,pa_issues,,supervision,671,BF,TRUE,FALSE,on,25,47.2,29.7,110,CtrlGainStateTuned=started,46042,-9.9093,TRUE,0,,,DPD_SCHD_MEAS_STATUS_TOR_ADC_ERR_B,lin-sv,40,FALSE,TRUE,,-9.928,TRUE,24,-850,TRUE,DPD_STATUS_FAIL,,-14.4638,FALSE,TRUE,40,22,46355,,CtrlLinStateStartLate=started,19,45.772,BOOST,-9.7547,TRUE,TRUE,FALSE,541,PA abnormal
2746,Radio 2271 B28,EM8A320510,7/11/2024 22:27,PA abnormal,pa_issues,,supervision,111,BF,TRUE,FALSE,on,25,47.2,29.6,97,CtrlGainStateTuned=started,46042,-26.0032,TRUE,-20,,,NA,lin-sv,40,FALSE,TRUE,,-25.8983,TRUE,5,-850,TRUE,DPD_STATUS_OK,,-32.7205,FALSE,TRUE,40,22,46375,,CtrlLinStateStartLate=started,19,29.6017,NORMAL,-28.9291,TRUE,TRUE,FALSE,412,PA abnormal
2747,Radio 2271 B28,EM8A320510,7/11/2024 22:27,PA abnormal,pa_issues,,supervision,115,BF,TRUE,FALSE,on,25,47.2,29.5,98,CtrlGainStateTuned=started,45937,-10.8953,TRUE,-40,,,DPD_SCHD_MEAS_STATUS_TOR_ADC_ERR_B,lin-sv,40,FALSE,TRUE,,-10.9147,TRUE,5,-850,TRUE,DPD_STATUS_FAIL,,-15.6707,FALSE,TRUE,40,22,46285,,CtrlLinStateStartLate=started,19,44.3853,NORMAL,-10.7442,TRUE,TRUE,FALSE,499,PA abnormal
2748,Radio 2271 B28,EM8A320510,7/11/2024 22:44,PA abnormal,pa_issues,,supervision,166,BF,TRUE,FALSE,on,25,47.2,27.9,93,CtrlGainStateTuned=started,46058,-10.193,TRUE,-60,,,DPD_SCHD_MEAS_STATUS_TOR_ADC_ERR_B,lin-sv,40,FALSE,TRUE,,-10.245,TRUE,10,-850,TRUE,DPD_STATUS_FAIL,,-15.3306,FALSE,TRUE,40,22,46375,,CtrlLinStateStartLate=started,19,44.855,NORMAL,-9.5672,TRUE,TRUE,FALSE,469,PA abnormal
2749,Radio 2271 B28,EM8A320510,7/11/2024 22:44,PA abnormal,pa_issues,,supervision,167,BF,TRUE,FALSE,on,25,47.2,28.1,95,CtrlGainStateTuned=started,46058,-9.9332,TRUE,-80,,,DPD_SCHD_MEAS_STATUS_TOR_ADC_ERR_B,lin-sv,40,FALSE,TRUE,,-9.82,TRUE,5,-850,TRUE,DPD_STATUS_FAIL,,-15.2986,FALSE,TRUE,40,22,46269,,CtrlLinStateStartLate=started,19,45.08,NORMAL,-9.9724,TRUE,TRUE,FALSE,487,PA abnormal
2750,Radio 2271 B28,EM8A320510,7/11/2024 22:44,PA abnormal,pa_issues,,supervision,168,BF,TRUE,FALSE,on,25,47.2,28.2,95,CtrlGainStateTuned=started,46023,-10.2757,TRUE,-100,,,DPD_SCHD_MEAS_STATUS_TOR_ADC_ERR_B,lin-sv,40,FALSE,TRUE,,-10.2491,TRUE,5,-850,TRUE,DPD_STATUS_FAIL,,-15.5654,FALSE,TRUE,40,22,46355,,CtrlLinStateStartLate=started,19,44.4509,NORMAL,-10.4249,TRUE,TRUE,FALSE,523,PA abnormal
2751,Radio 2271 B28,EM8A320510,7/11/2024 23:38,PA abnormal,pa_issues,,supervision,174,BF,TRUE,FALSE,on,25,47.2,29.3,102,CtrlGainStateTuned=started,45957,-9.7253,TRUE,-120,,,DPD_SCHD_MEAS_STATUS_TOR_ADC_ERR_B,lin-sv,40,FALSE,TRUE,,-9.7203,TRUE,14,-850,TRUE,DPD_STATUS_FAIL,,-14.7599,FALSE,TRUE,40,22,46355,,CtrlLinStateStartLate=started,19,44.7797,NORMAL,-9.8892,TRUE,TRUE,FALSE,577,PA abnormal
2752,Radio 2271 B28,EM8A320510,7/11/2024 23:39,PA abnormal,pa_issues,,supervision,166,BF,TRUE,FALSE,on,21,47.2,29.5,104,CtrlGainStateTuned=started,45921,-10.6215,TRUE,-140,,,DPD_SCHD_MEAS_STATUS_TOR_ADC_ERR_B,lin-sv,40,FALSE,TRUE,,-10.6045,TRUE,5,-850,TRUE,DPD_STATUS_FAIL,,-15.7116,FALSE,TRUE,40,22,46304,,CtrlLinStateStartLate=started,19,43.6955,NORMAL,-10.7549,TRUE,TRUE,FALSE,589,PA abnormal
2753,Radio 2271 B28,EM8A320510,7/12/2024 1:48,PA abnormal,pa_issues,,supervision,178,BF,TRUE,FALSE,on,25,47.2,29.6,108,CtrlGainStateTuned=started,45902,-9.2779,TRUE,-120,,,DPD_SCHD_MEAS_STATUS_TOR_ADC_ERR_B,lin-sv,40,FALSE,TRUE,,-9.3172,TRUE,5,-850,TRUE,DPD_STATUS_FAIL,,-14.0903,FALSE,TRUE,40,22,46339,,CtrlLinStateStartLate=started,19,45.1828,NORMAL,-9.1892,TRUE,TRUE,FALSE,589,PA abnormal
2754,Radio 2271 B28,EM8A320510,7/12/2024 2:16,PA abnormal,pa_issues,,supervision,226,BF,TRUE,FALSE,on,21,47.2,25.8,105,CtrlGainStateTuned=started,45972,-22.2706,TRUE,-140,,,NA,lin-sv,40,FALSE,TRUE,,-22.2685,TRUE,10,-850,TRUE,DPD_STATUS_OK,,-26.3089,TRUE,TRUE,40,22,46285,,CtrlLinStateStarted=started,19,32.0315,BOOST,-22.6727,TRUE,TRUE,FALSE,676,PA abnormal
2755,Radio 2271 B28,EM8A320510,7/15/2024 2:17,PA abnormal,pa_issues,,supervision,239,BF,TRUE,FALSE,on,8,47.2,42.2,123,CtrlGainStateTuned=started,46042,-14.4679,TRUE,-80,,,NA,lin-sv,40,FALSE,TRUE,,-14.4482,TRUE,5,-850,TRUE,DPD_STATUS_OK,,-19.1578,FALSE,TRUE,40,22,46304,,CtrlLinStateStartLate=started,19,40.4518,BOOST,-14.4824,TRUE,TRUE,FALSE,469,PA abnormal
2756,Radio 2271 B28,EM8A320510,7/15/2024 17:36,PA abnormal,pa_issues,,supervision,413,BF,TRUE,FALSE,on,25,47.2,31.6,109,CtrlGainStateTuned=started,46058,-10.0606,TRUE,0,,,DPD_SCHD_MEAS_STATUS_TOR_ADC_ERR_B,lin-sv,40,FALSE,TRUE,,-10.0956,TRUE,21,-850,TRUE,DPD_STATUS_FAIL,,-15.0869,FALSE,TRUE,40,22,46285,,CtrlLinStateStartLate=started,19,45.6044,BOOST,-10.2262,TRUE,TRUE,FALSE,493,PA abnormal
2757,Radio 2271 B28,EM8A320510,7/16/2024 21:17,PA abnormal,pa_issues,,supervision,164,BF,TRUE,FALSE,on,23,47.2,24.2,87,CtrlGainStateTuned=started,46023,-9.8348,TRUE,0,,,DPD_SCHD_MEAS_STATUS_TOR_ADC_ERR_B,lin-sv,40,FALSE,TRUE,,-9.8655,TRUE,5,-850,TRUE,DPD_STATUS_FAIL,,-14.4897,TRUE,TRUE,40,22,46355,,CtrlLinStateStarted=started,19,45.8345,NORMAL,-9.8343,TRUE,TRUE,FALSE,541,PA abnormal
2758,Radio 2271 B28,EM8A320510,7/17/2024 0:51,PA abnormal,pa_issues,,supervision,666,BF,TRUE,FALSE,on,23,47.2,30.7,104,CtrlGainStateTuned=started,45957,-24.2179,TRUE,0,,,NA,lin-sv,40,FALSE,TRUE,,-24.124,TRUE,23,-850,TRUE,DPD_STATUS_OK,,-28.0095,TRUE,TRUE,40,22,46234,,CtrlLinStateStarted=started,19,31.576,BOOST,-24.6339,TRUE,TRUE,FALSE,469,PA abnormal
2759,Radio 2271 B28,EM8A320510,7/17/2024 0:52,PA abnormal,pa_issues,,supervision,539,BF,TRUE,FALSE,on,14,47.2,30.5,102,CtrlGainStateTuned=started,46058,-9.8788,TRUE,-20,,,DPD_SCHD_MEAS_STATUS_TOR_ADC_ERR_B,lin-sv,40,FALSE,TRUE,,-9.9422,TRUE,5,-850,TRUE,DPD_STATUS_FAIL,,-14.986,TRUE,TRUE,40,22,46269,,CtrlLinStateStarted=started,19,45.5578,BOOST,-9.9239,TRUE,TRUE,FALSE,499,PA abnormal
2760,Radio 2271 B28,EM8A320510,7/17/2024 1:55,PA abnormal,pa_issues,,supervision,160,BF,TRUE,FALSE,on,25,47.2,34,109,CtrlGainStateTuned=started,46023,-13.9166,TRUE,-20,,,NA,lin-sv,40,FALSE,TRUE,,-13.9555,TRUE,5,-850,TRUE,DPD_STATUS_OK,,-19.3988,FALSE,TRUE,40,21,46269,,CtrlLinStateStartLate=started,19,41.5445,NORMAL,-14.2566,TRUE,TRUE,FALSE,382,PA abnormal
2761,Radio 2271 B28,EM8A320510,7/17/2024 1:55,PA abnormal,pa_issues,,supervision,600,BF,TRUE,FALSE,on,25,47.2,34.3,113,CtrlGainStateTuned=started,45972,-17.7502,TRUE,-40,,,NA,lin-sv,40,FALSE,TRUE,,-17.8367,TRUE,5,-850,TRUE,DPD_STATUS_OK,,-22.5229,FALSE,TRUE,40,22,46304,,CtrlLinStateStartLate=started,19,37.4633,BOOST,-18.3974,TRUE,TRUE,FALSE,478,PA abnormal
2762,Radio 2271 B28,EM8A320510,7/17/2024 2:17,PA abnormal,pa_issues,,supervision,579,BF,TRUE,FALSE,on,17,47.2,36.4,121,CtrlGainStateTuned=started,45972,-9.9455,TRUE,-60,,,DPD_SCHD_MEAS_STATUS_TOR_ADC_ERR_B,lin-sv,40,FALSE,TRUE,,-9.9531,TRUE,7,-850,TRUE,DPD_STATUS_FAIL,,-14.4706,FALSE,TRUE,40,22,46355,,CtrlLinStateStartLate=started,19,45.1469,BOOST,-9.9619,TRUE,TRUE,FALSE,544,PA abnormal
2763,Radio 2271 B28,EM8A320510,7/17/2024 2:18,PA abnormal,pa_issues,,supervision,181,BF,TRUE,FALSE,on,26,47.2,36.4,112,CtrlGainStateTuned=started,46058,-9.873,TRUE,-80,,,DPD_SCHD_MEAS_STATUS_TOR_ADC_ERR_B,lin-sv,40,FALSE,TRUE,,-9.8508,TRUE,5,-850,TRUE,DPD_STATUS_FAIL,,-15.0104,FALSE,TRUE,40,21,46304,,CtrlLinStateStartLate=started,19,45.0492,NORMAL,-9.6341,TRUE,TRUE,FALSE,451,PA abnormal
2764,Radio 2271 B28,EM8A320510,7/17/2024 13:23,PA abnormal,pa_issues,,supervision,171,BF,TRUE,FALSE,on,25,47.2,36.4,110,CtrlGainStateTuned=started,46042,-10.6667,TRUE,-20,,,DPD_SCHD_MEAS_STATUS_TOR_ADC_ERR_B,lin-sv,40,FALSE,TRUE,,-10.6534,TRUE,10,-850,TRUE,DPD_STATUS_FAIL,,-15.8148,FALSE,TRUE,40,22,46390,,CtrlLinStateStartLate=started,19,44.8466,NORMAL,-10.896,TRUE,TRUE,FALSE,439,PA abnormal
2765,Radio 2271 B28,EM8A320510,7/17/2024 19:45,PA abnormal,pa_issues,,supervision,362,BF,TRUE,FALSE,on,19,47.2,44.2,126,CtrlGainStateTuned=started,46007,-19.5093,TRUE,0,,,NA,lin-sv,40,FALSE,TRUE,,-19.4848,TRUE,35,-850,TRUE,DPD_STATUS_OK,,-23.4914,FALSE,TRUE,40,21,46234,,CtrlLinStateStartLate=started,19,36.2152,BOOST,-19.7335,TRUE,TRUE,FALSE,388,PA abnormal
2766,Radio 2271 B28,EM8A320510,7/17/2024 20:54,PA abnormal,pa_issues,,supervision,177,BF,TRUE,FALSE,on,25,47.2,37.9,112,CtrlGainStateTuned=started,45957,-10.213,TRUE,0,,,DPD_SCHD_MEAS_STATUS_TOR_ADC_ERR_B,lin-sv,40,FALSE,TRUE,,-10.0748,TRUE,5,-850,TRUE,DPD_STATUS_FAIL,,-15.2711,FALSE,TRUE,40,22,46320,,CtrlLinStateStartLate=started,19,45.6252,NORMAL,-10.1634,TRUE,TRUE,FALSE,370,PA abnormal
2767,Radio 2271 B28,EM8A320510,7/18/2024 15:31,PA abnormal,pa_issues,,supervision,500,BF,TRUE,FALSE,on,26,47.2,40.2,118,CtrlGainStateTuned=started,46042,-9.9256,TRUE,0,,,DPD_SCHD_MEAS_STATUS_TOR_ADC_ERR_B,lin-sv,40,FALSE,TRUE,,-9.9891,TRUE,20,-850,TRUE,DPD_STATUS_FAIL,,-14.9136,FALSE,TRUE,40,21,46234,,CtrlLinStateStartLate=started,19,45.7109,BOOST,-9.8008,TRUE,TRUE,FALSE,418,PA abnormal
2768,Radio 2271 B28,EM8A320510,7/18/2024 17:50,PA abnormal,pa_issues,,supervision,557,BF,TRUE,FALSE,on,22,47.2,32.9,105,CtrlGainStateTuned=started,45921,-10.1002,TRUE,0,,,DPD_SCHD_MEAS_STATUS_TOR_ADC_ERR_B,lin-sv,40,FALSE,TRUE,,-10.0912,TRUE,11,-850,TRUE,DPD_STATUS_FAIL,,-15.2971,TRUE,TRUE,40,21,46234,,CtrlLinStateStarted=started,19,45.6088,BOOST,-10.2034,TRUE,TRUE,FALSE,418,PA abnormal
2769,Radio 2271 B28,EM8A320510,7/18/2024 18:02,PA abnormal,pa_issues,,supervision,358,BF,TRUE,FALSE,on,15,47.2,30.9,103,CtrlGainStateTuned=started,45902,-23.9146,TRUE,-20,,,NA,lin-sv,40,FALSE,TRUE,,-23.9243,TRUE,9,-850,TRUE,DPD_STATUS_OK,,-27.6806,FALSE,TRUE,40,21,46285,,CtrlLinStateStartLate=started,19,31.5757,BOOST,-24.1996,TRUE,TRUE,FALSE,451,PA abnormal
2770,Radio 2271 B28,EM8A320510,7/18/2024 18:41,PA abnormal,pa_issues,,supervision,159,BF,TRUE,FALSE,on,15,47.2,27.4,87,CtrlGainStateTuned=started,45957,-10.5567,TRUE,-40,,,DPD_SCHD_MEAS_STATUS_TOR_ADC_ERR_B,lin-sv,40,FALSE,TRUE,,-10.4115,TRUE,13,-850,TRUE,DPD_STATUS_FAIL,,-15.5364,FALSE,TRUE,40,21,46320,,CtrlLinStateStartLate=started,19,44.8885,NORMAL,-10.1674,TRUE,TRUE,FALSE,400,PA abnormal
2771,Radio 2271 B28,EM8A320510,7/18/2024 20:56,PA abnormal,pa_issues,,supervision,441,BF,TRUE,FALSE,on,7,47.2,24.6,87,CtrlGainStateTuned=started,46023,-10.3744,TRUE,-40,,,DPD_SCHD_MEAS_STATUS_TOR_ADC_ERR_B,lin-sv,40,FALSE,TRUE,,-10.505,TRUE,8,-850,TRUE,DPD_STATUS_FAIL,,-15.9035,FALSE,TRUE,40,20,46285,,CtrlLinStateStartLate=started,19,44.795,BOOST,-10.47,TRUE,TRUE,FALSE,499,PA abnormal
2772,Radio 2271 B28,EM8A320510,7/18/2024 22:45,PA abnormal,pa_issues,,supervision,674,BF,TRUE,FALSE,on,22,47.2,28.5,103,CtrlGainStateTuned=started,45957,-10.3067,TRUE,-40,,,DPD_SCHD_MEAS_STATUS_TOR_ADC_ERR_B,lin-sv,40,FALSE,TRUE,,-10.3158,TRUE,17,-850,TRUE,DPD_STATUS_FAIL,,-15.2445,FALSE,TRUE,40,21,46269,,CtrlLinStateStartLate=started,19,44.9842,BOOST,-10.3475,TRUE,TRUE,FALSE,484,PA abnormal
2773,Radio 2271 B28,EM8A320510,7/18/2024 23:43,PA abnormal,pa_issues,,supervision,406,BF,TRUE,FALSE,on,14,47.2,25.4,89,CtrlGainStateTuned=started,46058,-9.8753,TRUE,-60,,,DPD_SCHD_MEAS_STATUS_TOR_ADC_ERR_B,lin-sv,40,FALSE,TRUE,,-9.9054,TRUE,13,-850,TRUE,DPD_STATUS_FAIL,,-15.1733,TRUE,TRUE,40,20,46304,,CtrlLinStateStarted=started,19,45.1946,BOOST,-10.0147,TRUE,TRUE,FALSE,505,PA abnormal
2774,Radio 2271 B28,EM8A320510,7/19/2024 0:44,PA abnormal,pa_issues,,supervision,366,BF,TRUE,FALSE,on,22,47.2,24.7,88,CtrlGainStateTuned=started,45957,-24.4735,TRUE,-60,,,NA,lin-sv,40,FALSE,TRUE,,-24.4732,TRUE,5,-850,TRUE,DPD_STATUS_OK,,-27.2922,TRUE,TRUE,40,21,46320,,CtrlLinStateStarted=started,19,30.6268,BOOST,-23.5022,TRUE,TRUE,FALSE,529,PA abnormal
2775,Radio 2271 B28,EM8A320510,7/19/2024 1:24,PA abnormal,pa_issues,,supervision,759,BF,TRUE,FALSE,on,22,47.2,25.3,90,CtrlGainStateTuned=started,46042,-9.8889,TRUE,-80,,,DPD_SCHD_MEAS_STATUS_TOR_ADC_ERR_B,lin-sv,40,FALSE,TRUE,,-9.8573,TRUE,13,-850,TRUE,DPD_STATUS_FAIL,,-14.837,FALSE,TRUE,40,21,46269,,CtrlLinStateStartLate=started,19,45.0427,BOOST,-9.751,TRUE,TRUE,FALSE,523,PA abnormal
2776,Radio 2271 B28,EM8A320510,7/19/2024 1:24,PA abnormal,pa_issues,,supervision,721,BF,TRUE,FALSE,on,22,47.2,25.5,90,CtrlGainStateTuned=started,46007,-9.1321,TRUE,-100,,,DPD_SCHD_MEAS_STATUS_TOR_ADC_ERR_B,lin-sv,40,FALSE,TRUE,,-9.1554,TRUE,5,-850,TRUE,DPD_STATUS_FAIL,,-14.1293,FALSE,TRUE,40,20,46355,,CtrlLinStateStartLate=started,19,45.5446,BOOST,-8.9177,TRUE,TRUE,FALSE,544,PA abnormal
2777,Radio 2271 B28,EM8A320510,7/19/2024 23:56,PA abnormal,pa_issues,,supervision,471,BF,TRUE,FALSE,on,22,47.2,29.9,95,CtrlGainStateTuned=started,46023,-10.8416,TRUE,0,,,DPD_SCHD_MEAS_STATUS_TOR_ADC_ERR_B,lin-sv,40,FALSE,TRUE,,-10.8965,TRUE,17,-850,TRUE,DPD_STATUS_FAIL,,-15.6899,FALSE,TRUE,40,20,46406,,CtrlLinStateStartLate=started,19,44.8035,BOOST,-10.5676,TRUE,TRUE,FALSE,421,PA abnormal
2778,Radio 2271 B28,EM8A320510,7/19/2024 23:57,PA abnormal,pa_issues,,supervision,603,BF,TRUE,FALSE,on,20,47.2,29.9,96,CtrlGainStateTuned=started,45972,-28.367,TRUE,-20,,,NA,lin-sv,40,FALSE,TRUE,,-28.3579,TRUE,5,-850,TRUE,DPD_STATUS_OK,,-30.4155,FALSE,TRUE,40,21,46250,,CtrlLinStateStartLate=started,19,27.1421,BOOST,-26.6025,TRUE,TRUE,FALSE,418,PA abnormal
2779,Radio 2271 B28,EM8A320510,7/19/2024 23:57,PA abnormal,pa_issues,,supervision,365,BF,TRUE,FALSE,on,20,47.2,30,99,CtrlGainStateTuned=started,45902,-10.1332,TRUE,-40,,,DPD_SCHD_MEAS_STATUS_TOR_ADC_ERR_B,lin-sv,40,FALSE,TRUE,,-10.0297,TRUE,5,-850,TRUE,DPD_STATUS_FAIL,,-15.0306,FALSE,TRUE,40,21,46390,,CtrlLinStateStartLate=started,19,45.2703,BOOST,-10.011,TRUE,TRUE,FALSE,454,PA abnormal
2780,Radio 2271 B28,EM8A320510,7/19/2024 23:58,PA abnormal,pa_issues,,supervision,107,BF,TRUE,FALSE,on,22,47.2,30.1,87,CtrlGainStateTuned=started,45902,-23.7406,TRUE,-60,,,NA,lin-sv,40,FALSE,TRUE,,-23.7335,TRUE,5,-850,TRUE,DPD_STATUS_OK,,-26.3078,TRUE,TRUE,40,21,46339,,CtrlLinStateStarted=started,19,31.3665,NORMAL,-22.9562,TRUE,TRUE,FALSE,382,PA abnormal
2781,Radio 2271 B28,EM8A320510,7/20/2024 0:09,PA abnormal,pa_issues,,supervision,576,BF,TRUE,FALSE,on,15,47.2,31.7,103,CtrlGainStateTuned=started,45937,-9.9189,TRUE,-80,,,DPD_SCHD_MEAS_STATUS_TOR_ADC_ERR_B,lin-sv,40,FALSE,TRUE,,-9.9515,TRUE,8,-850,TRUE,DPD_STATUS_FAIL,,-15.1095,FALSE,TRUE,40,21,46390,,CtrlLinStateStartLate=started,19,44.9485,BOOST,-10.0052,TRUE,TRUE,FALSE,496,PA abnormal
2782,Radio 2271 B28,EM8A320510,7/20/2024 1:44,PA abnormal,pa_issues,,supervision,221,BF,TRUE,FALSE,on,17,47.2,28.2,92,CtrlGainStateTuned=started,46078,-28.4481,TRUE,-80,,,NA,lin-sv,40,FALSE,TRUE,,-28.4175,TRUE,12,-850,TRUE,DPD_STATUS_OK,,-31.7726,TRUE,TRUE,40,21,46304,,CtrlLinStateStarted=started,19,26.4825,BOOST,-27.7781,TRUE,TRUE,FALSE,502,PA abnormal
2783,Radio 2271 B28,EM8A320510,7/20/2024 2:28,PA abnormal,pa_issues,,supervision,756,BF,TRUE,FALSE,on,21,47.2,24.6,87,CtrlGainStateTuned=started,45937,-10.9629,TRUE,-100,,,DPD_SCHD_MEAS_STATUS_TOR_ADC_ERR_B,lin-sv,40,FALSE,TRUE,,-11.0134,TRUE,20,-850,TRUE,DPD_STATUS_FAIL,,-16.2719,TRUE,TRUE,40,20,46355,,CtrlLinStateStarted=started,19,43.6866,BOOST,-10.9731,TRUE,TRUE,FALSE,514,PA abnormal
2784,Radio 2271 B28,EM8A320510,7/20/2024 2:29,PA abnormal,pa_issues,,supervision,321,BF,TRUE,FALSE,on,14,47.2,24.7,88,CtrlGainStateTuned=started,45921,-9.423,TRUE,-120,,,DPD_SCHD_MEAS_STATUS_TOR_ADC_ERR_B,lin-sv,40,FALSE,TRUE,,-9.334,TRUE,5,-850,TRUE,DPD_STATUS_FAIL,,-14.6079,FALSE,TRUE,40,20,46304,,CtrlLinStateStartLate=started,19,45.166,BOOST,-9.6873,TRUE,TRUE,FALSE,562,PA abnormal
2785,Radio 2271 B28,EM8A320510,7/20/2024 2:29,PA abnormal,pa_issues,,supervision,682,BF,TRUE,FALSE,on,19,47.2,24.6,91,CtrlGainStateTuned=started,46023,-10.4194,TRUE,-140,,,DPD_SCHD_MEAS_STATUS_TOR_ADC_ERR_B,lin-sv,40,FALSE,TRUE,,-10.4393,TRUE,5,-850,TRUE,DPD_STATUS_FAIL,,-15.5967,TRUE,TRUE,40,20,46375,,CtrlLinStateStarted=started,19,43.8607,BOOST,-10.9002,TRUE,TRUE,FALSE,616,PA abnormal
2786,Radio 2271 B28,EM8A320510,7/20/2024 2:30,PA abnormal,pa_issues,,supervision,670,BF,TRUE,FALSE,on,14,47.2,24.6,93,CtrlGainStateTuned=started,45902,-10.3238,TRUE,-160,,,DPD_SCHD_MEAS_STATUS_TOR_ADC_ERR_B,lin-sv,40,FALSE,TRUE,,-10.3303,TRUE,5,-850,TRUE,DPD_STATUS_FAIL,,-14.9944,FALSE,TRUE,40,21,46355,,CtrlLinStateStartLate=started,19,43.7697,BOOST,-10.2481,TRUE,TRUE,FALSE,616,PA abnormal
2787,Radio 2271 B28,EM8A320510,7/20/2024 17:25,PA abnormal,pa_issues,,supervision,543,BF,TRUE,FALSE,on,23,47.2,35.2,109,CtrlGainStateTuned=started,46007,-10.8449,TRUE,0,,,DPD_SCHD_MEAS_STATUS_TOR_ADC_ERR_B,lin-sv,40,FALSE,TRUE,,-10.8166,TRUE,15,-850,TRUE,DPD_STATUS_FAIL,,-15.6016,FALSE,TRUE,40,21,46304,,CtrlLinStateStartLate=started,19,44.8834,BOOST,-10.7217,TRUE,TRUE,FALSE,415,PA abnormal
2788,Radio 2271 B28,EM8A320510,7/20/2024 20:02,PA abnormal,pa_issues,,supervision,688,BF,TRUE,FALSE,on,22,47.2,28.2,97,CtrlGainStateTuned=started,45902,-9.8207,TRUE,0,,,DPD_SCHD_MEAS_STATUS_TOR_ADC_ERR_B,lin-sv,40,FALSE,TRUE,,-9.7766,TRUE,14,-850,TRUE,DPD_STATUS_FAIL,,-15.113,FALSE,TRUE,40,21,46234,,CtrlLinStateStartLate=started,19,45.9234,BOOST,-9.8636,TRUE,TRUE,FALSE,418,PA abnormal
2789,Radio 2271 B28,EM8A320510,7/20/2024 21:11,PA abnormal,pa_issues,,supervision,470,BF,TRUE,FALSE,on,22,47.2,22.8,82,CtrlGainStateTuned=started,46078,-10.5634,TRUE,0,,,DPD_SCHD_MEAS_STATUS_TOR_ADC_ERR_B,lin-sv,40,FALSE,TRUE,,-10.6531,TRUE,5,-850,TRUE,DPD_STATUS_FAIL,,-15.5179,TRUE,TRUE,40,20,46285,,CtrlLinStateStarted=started,19,45.0469,BOOST,-10.4432,TRUE,TRUE,FALSE,475,PA abnormal
2790,Radio 2271 B28,EM8A320510,7/20/2024 21:11,PA abnormal,pa_issues,,supervision,791,BF,TRUE,FALSE,on,21,47.2,22.8,82,CtrlGainStateTuned=started,45957,-10.7853,TRUE,-20,,,DPD_SCHD_MEAS_STATUS_TOR_ADC_ERR_B,lin-sv,40,FALSE,TRUE,,-10.8605,TRUE,5,-850,TRUE,DPD_STATUS_FAIL,,-15.8851,FALSE,TRUE,40,21,46285,,CtrlLinStateStartLate=started,19,44.6395,BOOST,-10.7353,TRUE,TRUE,FALSE,490,PA abnormal
2791,Radio 2271 B28,EM8A320510,7/20/2024 21:12,PA abnormal,pa_issues,,supervision,748,BF,TRUE,FALSE,on,21,47.2,22.9,83,CtrlGainStateTuned=started,45957,-10.4476,TRUE,-40,,,DPD_SCHD_MEAS_STATUS_TOR_ADC_ERR_B,lin-sv,40,FALSE,TRUE,,-10.4577,TRUE,5,-850,TRUE,DPD_STATUS_FAIL,,-15.9087,TRUE,TRUE,40,21,46285,,CtrlLinStateStarted=started,19,44.8423,BOOST,-10.98,TRUE,TRUE,FALSE,496,PA abnormal
2792,Radio 2271 B28,EM8A320510,7/20/2024 22:05,PA abnormal,pa_issues,,supervision,611,BF,TRUE,FALSE,on,21,47.2,24.6,88,CtrlGainStateTuned=started,46023,-10.0776,TRUE,-60,,,DPD_SCHD_MEAS_STATUS_TOR_ADC_ERR_B,lin-sv,40,FALSE,TRUE,,-10.1091,TRUE,17,-850,TRUE,DPD_STATUS_FAIL,,-15.2987,TRUE,TRUE,40,21,46304,,CtrlLinStateStarted=started,19,44.9909,BOOST,-9.9429,TRUE,TRUE,FALSE,523,PA abnormal
2793,Radio 2271 B28,EM8A320510,7/20/2024 22:34,PA abnormal,pa_issues,,supervision,761,BF,TRUE,FALSE,on,21,47.2,24.2,91,CtrlGainStateTuned=started,45937,-9.4188,TRUE,-80,,,DPD_SCHD_MEAS_STATUS_TOR_ADC_ERR_B,lin-sv,40,FALSE,TRUE,,-9.3127,TRUE,11,-850,TRUE,DPD_STATUS_FAIL,,-14.4925,FALSE,TRUE,40,20,46285,,CtrlLinStateStartLate=started,19,45.5873,BOOST,-9.4489,TRUE,TRUE,FALSE,523,PA abnormal
2794,Radio 2271 B28,EM8A320510,7/21/2024 0:14,PA abnormal,pa_issues,,supervision,156,BF,TRUE,FALSE,on,19,47.2,23.2,72,CtrlGainStateTuned=started,46058,-28.712,TRUE,-80,,,NA,lin-sv,40,FALSE,TRUE,,-28.6522,TRUE,10,-850,TRUE,DPD_STATUS_OK,,-38.7787,FALSE,TRUE,40,21,46320,,CtrlLinStateStartLate=started,19,26.2478,NORMAL,-36.3101,TRUE,TRUE,FALSE,409,PA abnormal
2795,Radio 2271 B28,EM8A320510,7/21/2024 0:26,PA abnormal,pa_issues,,supervision,800,BF,TRUE,FALSE,on,21,47.2,23.2,86,CtrlGainStateTuned=started,45957,-10.9158,TRUE,-100,,,DPD_SCHD_MEAS_STATUS_TOR_ADC_ERR_B,lin-sv,40,FALSE,TRUE,,-10.9536,TRUE,9,-850,TRUE,DPD_STATUS_FAIL,,-15.8617,FALSE,TRUE,40,20,46355,,CtrlLinStateStartLate=started,19,43.7464,BOOST,-10.9452,TRUE,TRUE,FALSE,562,PA abnormal
2796,Radio 2271 B28,EM8A320510,7/21/2024 0:37,PA abnormal,pa_issues,,supervision,803,BF,TRUE,FALSE,on,21,47.2,22.9,89,CtrlGainStateTuned=started,45902,-9.8702,TRUE,-120,,,DPD_SCHD_MEAS_STATUS_TOR_ADC_ERR_B,lin-sv,40,FALSE,TRUE,,-9.8284,TRUE,11,-850,TRUE,DPD_STATUS_FAIL,,-14.6648,FALSE,TRUE,40,20,46355,,CtrlLinStateStartLate=started,19,44.6716,BOOST,-9.6471,TRUE,TRUE,FALSE,586,PA abnormal
2797,Radio 2271 B28,EM8A320510,7/21/2024 2:59,PA abnormal,pa_issues,,supervision,799,BF,TRUE,FALSE,on,21,47.2,23.5,84,CtrlGainStateTuned=started,46078,-9.808,TRUE,0,,,DPD_SCHD_MEAS_STATUS_TOR_ADC_ERR_B,lin-sv,40,FALSE,TRUE,,-9.8349,TRUE,21,-850,TRUE,DPD_STATUS_FAIL,,-15.3503,TRUE,TRUE,40,21,46304,,CtrlLinStateStarted=started,19,45.8651,BOOST,-10.0519,TRUE,TRUE,FALSE,469,PA abnormal
2798,Radio 2271 B28,EM8A320510,7/21/2024 15:14,PA abnormal,pa_issues,,supervision,311,BF,TRUE,FALSE,on,20,47.2,37,112,CtrlGainStateTuned=started,45921,-26.1344,TRUE,0,,,NA,lin-sv,40,FALSE,TRUE,,-26.135,TRUE,22,-850,TRUE,DPD_STATUS_OK,,-29.9215,TRUE,TRUE,40,21,46320,,CtrlLinStateStarted=started,19,29.565,BOOST,-26.1575,TRUE,TRUE,FALSE,427,PA abnormal
2799,Radio 2271 B28,EM8A320510,7/21/2024 15:26,PA abnormal,pa_issues,,supervision,258,BF,TRUE,FALSE,on,16,47.2,41.3,122,CtrlGainStateTuned=started,45886,-10.8126,TRUE,-20,,,DPD_SCHD_MEAS_STATUS_TOR_ADC_ERR_B,lin-sv,40,FALSE,TRUE,,-10.8226,TRUE,10,-850,TRUE,DPD_STATUS_FAIL,,-15.612,FALSE,TRUE,40,20,46234,,CtrlLinStateStartLate=started,19,44.6774,BOOST,-10.9566,TRUE,TRUE,FALSE,430,PA abnormal
2800,Radio 2271 B28,EM8A320510,7/21/2024 15:49,PA abnormal,pa_issues,,supervision,297,BF,TRUE,FALSE,on,25,47.2,43.2,120,CtrlGainStateTuned=started,45972,-28.1324,TRUE,-40,,,NA,lin-sv,40,FALSE,TRUE,,-28.0577,TRUE,8,-850,TRUE,DPD_STATUS_OK,,-33.6353,TRUE,TRUE,40,22,46375,,CtrlLinStateStarted=started,19,27.2423,BOOST,-29.453,TRUE,TRUE,FALSE,409,PA abnormal
2801,Radio 2271 B28,EM8A320510,7/21/2024 16:25,PA abnormal,pa_issues,,supervision,377,BF,TRUE,FALSE,on,16,47.2,40.1,116,CtrlGainStateTuned=started,46023,-19.7503,TRUE,-60,,,NA,lin-sv,40,FALSE,TRUE,,-19.7496,TRUE,8,-850,TRUE,DPD_STATUS_OK,,-23.7503,FALSE,TRUE,40,21,46250,,CtrlLinStateStartLate=started,19,35.3504,BOOST,-19.9229,TRUE,TRUE,FALSE,445,PA abnormal
2802,Radio 2271 B28,EM8A320510,7/21/2024 16:26,PA abnormal,pa_issues,,supervision,514,BF,TRUE,FALSE,on,25,47.2,40.1,113,CtrlGainStateTuned=started,46023,-22.0732,TRUE,-80,,,NA,lin-sv,40,FALSE,TRUE,,-22.0089,TRUE,5,-850,TRUE,DPD_STATUS_OK,,-25.898,TRUE,TRUE,40,21,46304,,CtrlLinStateStarted=started,19,32.8911,BOOST,-22.1669,TRUE,TRUE,FALSE,451,PA abnormal
2803,Radio 2271 B28,EM8A320510,7/21/2024 18:52,PA abnormal,pa_issues,,supervision,176,BF,TRUE,FALSE,on,26,47.2,53.5,130,CtrlGainStateTuned=started,45902,-9.9106,TRUE,-60,,,DPD_SCHD_MEAS_STATUS_TOR_ADC_ERR_B,lin-sv,40,FALSE,TRUE,,-9.9365,TRUE,10,-850,TRUE,DPD_STATUS_FAIL,,-14.6288,TRUE,TRUE,40,21,46320,,CtrlLinStateStarted=started,19,45.1635,NORMAL,-9.8288,TRUE,TRUE,FALSE,343,PA abnormal
2804,Radio 2271 B28,EM8A320510,7/21/2024 19:27,PA abnormal,pa_issues,,supervision,182,BF,TRUE,FALSE,on,26,47.2,51.7,127,CtrlGainStateTuned=started,45957,-10.6555,TRUE,-80,,,DPD_SCHD_MEAS_STATUS_TOR_ADC_ERR_B,lin-sv,40,FALSE,TRUE,,-10.5995,TRUE,8,-850,TRUE,DPD_STATUS_FAIL,,-15.7068,FALSE,TRUE,40,21,46339,,CtrlLinStateStartLate=started,19,44.3005,NORMAL,-10.6844,TRUE,TRUE,FALSE,334,PA abnormal
2805,Radio 2271 B28,EM8A320510,7/21/2024 19:41,PA abnormal,pa_issues,,supervision,180,BF,TRUE,FALSE,on,21,47.2,48.5,124,CtrlGainStateTuned=started,45992,-9.9488,TRUE,-100,,,DPD_SCHD_MEAS_STATUS_TOR_ADC_ERR_B,lin-sv,40,FALSE,TRUE,,-9.965,TRUE,5,-850,TRUE,DPD_STATUS_FAIL,,-15.0945,FALSE,TRUE,40,21,46320,,CtrlLinStateStartLate=started,19,44.735,NORMAL,-10.0307,TRUE,TRUE,FALSE,397,PA abnormal
2806,Radio 2271 B28,EM8A320510,7/21/2024 20:03,PA abnormal,pa_issues,,supervision,383,BF,TRUE,FALSE,on,25,47.2,45.3,122,CtrlGainStateTuned=started,45992,-16.2665,TRUE,-120,,,NA,lin-sv,40,FALSE,TRUE,,-16.2514,TRUE,5,-850,TRUE,DPD_STATUS_OK,,-20.2138,FALSE,TRUE,40,21,46250,,CtrlLinStateStartLate=started,19,38.2486,BOOST,-15.9856,TRUE,TRUE,FALSE,448,PA abnormal
2807,Radio 2271 B28,EM8A320510,7/22/2024 20:50,PA abnormal,pa_issues,,supervision,331,BF,TRUE,FALSE,on,14,47.2,29.3,100,CtrlGainStateTuned=started,46023,-12.5786,TRUE,0,,,NA,lin-sv,40,FALSE,TRUE,,-12.5912,TRUE,20,-850,TRUE,DPD_STATUS_OK,,-17.4821,FALSE,TRUE,40,21,46355,,CtrlLinStateStartLate=started,19,43.1088,BOOST,-12.7927,TRUE,TRUE,FALSE,439,PA abnormal
2808,Radio 2271 B28,EM8A320510,7/22/2024 22:21,PA abnormal,pa_issues,,supervision,477,BF,TRUE,FALSE,on,17,47.2,40.1,116,CtrlGainStateTuned=started,45992,-11.0655,TRUE,0,,,DPD_SCHD_MEAS_STATUS_TOR_ADC_ERR_B,lin-sv,40,FALSE,TRUE,,-11.1012,TRUE,8,-850,TRUE,DPD_STATUS_FAIL,,-16.3325,TRUE,TRUE,40,21,46355,,CtrlLinStateStarted=started,19,44.5988,BOOST,-11.0926,TRUE,TRUE,FALSE,373,PA abnormal
2809,Radio 2271 B28,EM8A320510,7/23/2024 0:23,PA abnormal,pa_issues,,supervision,181,BF,TRUE,FALSE,on,25,47.2,43.6,119,CtrlGainStateTuned=started,45957,-10.1375,TRUE,0,,,DPD_SCHD_MEAS_STATUS_TOR_ADC_ERR_B,lin-sv,40,FALSE,TRUE,,-10.1209,TRUE,15,-850,TRUE,DPD_STATUS_FAIL,,-15.4654,FALSE,TRUE,40,21,46390,,CtrlLinStateStartLate=started,19,45.5791,NORMAL,-10.2449,TRUE,TRUE,FALSE,319,PA abnormal
2810,Radio 2271 B28,EM8A320510,7/23/2024 1:26,PA abnormal,pa_issues,,supervision,180,BF,TRUE,FALSE,on,24,47.2,39.5,112,CtrlGainStateTuned=started,45957,-10.6175,TRUE,0,,,DPD_SCHD_MEAS_STATUS_TOR_ADC_ERR_B,lin-sv,40,FALSE,TRUE,,-10.5541,TRUE,5,-850,TRUE,DPD_STATUS_FAIL,,-15.8185,FALSE,TRUE,40,21,46285,,CtrlLinStateStartLate=started,19,45.1459,NORMAL,-10.5136,TRUE,TRUE,FALSE,319,PA abnormal
2811,Radio 2271 B28,EM8A320510,7/23/2024 16:42,PA abnormal,pa_issues,,supervision,167,BF,TRUE,FALSE,on,22,47.2,32.6,96,CtrlGainStateTuned=started,45937,-10.8144,TRUE,0,,,DPD_SCHD_MEAS_STATUS_TOR_ADC_ERR_B,lin-sv,40,FALSE,TRUE,,-10.6573,TRUE,34,-850,TRUE,DPD_STATUS_FAIL,,-16.368,FALSE,TRUE,40,21,46339,,CtrlLinStateStartLate=started,19,45.0427,NORMAL,-10.9172,TRUE,TRUE,FALSE,319,PA abnormal
2812,Radio 2271 B28,EM8A320510,7/23/2024 19:39,PA abnormal,pa_issues,,supervision,663,BF,TRUE,FALSE,on,21,47.2,30.9,100,CtrlGainStateTuned=started,45957,-9.9763,TRUE,0,,,DPD_SCHD_MEAS_STATUS_TOR_ADC_ERR_B,lin-sv,40,FALSE,TRUE,,-9.9563,TRUE,18,-850,TRUE,DPD_STATUS_FAIL,,-15.0301,FALSE,TRUE,40,20,46304,,CtrlLinStateStartLate=started,19,45.7437,BOOST,-9.8794,TRUE,TRUE,FALSE,397,PA abnormal
2813,Radio 2271 B28,EM8A320510,7/23/2024 20:32,PA abnormal,pa_issues,,supervision,641,BF,TRUE,FALSE,on,14,47.2,30.8,96,CtrlGainStateTuned=started,45957,-10.1064,TRUE,-20,,,DPD_SCHD_MEAS_STATUS_TOR_ADC_ERR_B,lin-sv,40,FALSE,TRUE,,-9.7507,TRUE,10,-850,TRUE,DPD_STATUS_FAIL,,-15.1202,FALSE,TRUE,40,20,46375,,CtrlLinStateStartLate=started,19,45.7493,BOOST,-9.5375,TRUE,TRUE,FALSE,346,PA abnormal
2814,Radio 2271 B28,EM8A320510,7/23/2024 20:32,PA abnormal,pa_issues,,supervision,598,BF,TRUE,FALSE,on,21,47.2,30.8,97,CtrlGainStateTuned=started,46007,-29.1279,TRUE,-40,,,NA,lin-sv,40,FALSE,TRUE,,-29.0116,TRUE,5,-850,TRUE,DPD_STATUS_OK,,-37.2459,FALSE,TRUE,40,21,46304,,CtrlLinStateStartLate=started,19,26.2884,BOOST,-32.9013,TRUE,TRUE,FALSE,394,PA abnormal
2815,Radio 2271 B28,EM8A320510,7/23/2024 22:32,PA abnormal,pa_issues,,supervision,103,BF,TRUE,FALSE,on,20,47.2,28.7,92,CtrlGainStateTuned=started,45972,-10.1359,TRUE,-40,,,NA,lin-sv,40,FALSE,TRUE,,-10.1614,TRUE,18,-850,TRUE,DPD_STATUS_OK,,-14.6949,TRUE,TRUE,40,20,46285,,CtrlLinStateStarted=started,19,45.1386,NORMAL,-10.0693,TRUE,TRUE,FALSE,514,PA abnormal
2816,Radio 2271 B28,EM8A320510,7/23/2024 22:32,PA abnormal,pa_issues,,supervision,430,BF,TRUE,FALSE,on,13,47.2,28.7,90,CtrlGainStateTuned=started,45992,-17.9833,TRUE,-60,,,NA,lin-sv,40,FALSE,TRUE,,-17.9748,TRUE,5,-850,TRUE,DPD_STATUS_OK,,-22.1767,TRUE,TRUE,40,21,46285,,CtrlLinStateStarted=started,19,37.1252,BOOST,-18.167,TRUE,TRUE,FALSE,439,PA abnormal
2817,Radio 2271 B28,EM8A320510,7/23/2024 22:45,PA abnormal,pa_issues,,supervision,162,BF,TRUE,FALSE,on,21,47.2,29.5,91,CtrlGainStateTuned=started,46058,-10.6074,TRUE,-80,,,DPD_SCHD_MEAS_STATUS_TOR_ADC_ERR_B,lin-sv,40,FALSE,TRUE,,-10.6031,TRUE,7,-850,TRUE,DPD_STATUS_FAIL,,-15.8423,FALSE,TRUE,40,20,46304,,CtrlLinStateStartLate=started,19,44.2969,NORMAL,-10.3131,TRUE,TRUE,FALSE,373,PA abnormal
2818,Radio 2271 B28,EM8A320510,7/23/2024 22:45,PA abnormal,pa_issues,,supervision,174,BF,TRUE,FALSE,on,21,47.2,29.6,93,CtrlGainStateTuned=started,46007,-9.9262,TRUE,-100,,,DPD_SCHD_MEAS_STATUS_TOR_ADC_ERR_B,lin-sv,40,FALSE,TRUE,,-9.9844,TRUE,5,-850,TRUE,DPD_STATUS_FAIL,,-14.7865,TRUE,TRUE,40,20,46339,,CtrlLinStateStarted=started,19,44.7156,NORMAL,-9.9825,TRUE,TRUE,FALSE,487,PA abnormal
2819,Radio 2271 B28,EM8A320510,7/23/2024 23:44,PA abnormal,pa_issues,,supervision,691,BF,TRUE,FALSE,on,21,47.2,28.6,92,CtrlGainStateTuned=started,46042,-11.5955,TRUE,0,,,DPD_SCHD_MEAS_STATUS_TOR_ADC_ERR_B,lin-sv,40,FALSE,TRUE,,-11.6251,TRUE,12,-850,TRUE,DPD_STATUS_FAIL,,-16.6244,FALSE,TRUE,40,21,46304,,CtrlLinStateStartLate=started,19,44.0749,BOOST,-11.6281,TRUE,TRUE,FALSE,382,PA abnormal
2820,Radio 2271 B28,EM8A320510,7/23/2024 23:45,PA abnormal,pa_issues,,supervision,683,BF,TRUE,FALSE,on,20,47.2,28.8,92,CtrlGainStateTuned=started,46007,-9.784,TRUE,-20,,,DPD_SCHD_MEAS_STATUS_TOR_ADC_ERR_B,lin-sv,40,FALSE,TRUE,,-9.751,TRUE,5,-850,TRUE,DPD_STATUS_FAIL,,-15.3191,FALSE,TRUE,40,20,46250,,CtrlLinStateStartLate=started,19,45.749,BOOST,-9.976,TRUE,TRUE,FALSE,400,PA abnormal
2821,Radio 2271 B28,EM8A320510,7/23/2024 23:45,PA abnormal,pa_issues,,supervision,638,BF,TRUE,FALSE,on,20,47.2,28.9,90,CtrlGainStateTuned=started,45972,-16.3364,TRUE,-40,,,NA,lin-sv,40,FALSE,TRUE,,-16.3437,TRUE,5,-850,TRUE,DPD_STATUS_OK,,-20.5111,TRUE,TRUE,40,20,46250,,CtrlLinStateStarted=started,19,38.9563,BOOST,-16.3115,TRUE,TRUE,FALSE,421,PA abnormal
2822,Radio 2271 B28,EM8A320510,7/24/2024 0:32,PA abnormal,pa_issues,,supervision,692,BF,TRUE,FALSE,on,21,47.2,29.4,97,CtrlGainStateTuned=started,45902,-9.6347,TRUE,-60,,,DPD_SCHD_MEAS_STATUS_TOR_ADC_ERR_B,lin-sv,40,FALSE,TRUE,,-9.5109,TRUE,10,-850,TRUE,DPD_STATUS_FAIL,,-14.5043,FALSE,TRUE,40,21,46339,,CtrlLinStateStartLate=started,19,45.5891,BOOST,-9.3325,TRUE,TRUE,FALSE,439,PA abnormal
2823,Radio 2271 B28,EM8A320510,7/24/2024 0:41,PA abnormal,pa_issues,,supervision,434,BF,TRUE,FALSE,on,21,47.2,30.7,96,CtrlGainStateTuned=started,45992,-10.4078,TRUE,-80,,,DPD_SCHD_MEAS_STATUS_TOR_ADC_ERR_B,lin-sv,40,FALSE,TRUE,,-10.3613,TRUE,9,-850,TRUE,DPD_STATUS_FAIL,,-15.5391,TRUE,TRUE,40,20,46320,,CtrlLinStateStarted=started,19,44.5387,BOOST,-10.3585,TRUE,TRUE,FALSE,463,PA abnormal
2824,Radio 2271 B28,EM8A320510,7/24/2024 0:58,PA abnormal,pa_issues,,supervision,576,BF,TRUE,FALSE,on,21,47.2,28.5,89,CtrlGainStateTuned=started,45972,-20.2115,TRUE,-100,,,NA,lin-sv,40,FALSE,TRUE,,-20.1935,TRUE,11,-850,TRUE,DPD_STATUS_OK,,-23.3759,FALSE,TRUE,40,20,46355,,CtrlLinStateStartLate=started,19,34.5065,BOOST,-19.4816,TRUE,TRUE,FALSE,475,PA abnormal
2825,Radio 2271 B28,EM8A320510,7/24/2024 0:58,PA abnormal,pa_issues,,supervision,399,BF,TRUE,FALSE,on,21,47.2,28.6,90,CtrlGainStateTuned=started,46023,-16.9135,TRUE,-120,,,NA,lin-sv,40,FALSE,TRUE,,-16.8543,TRUE,5,-850,TRUE,DPD_STATUS_OK,,-20.273,TRUE,TRUE,40,20,46304,,CtrlLinStateStarted=started,19,37.6457,BOOST,-16.7152,TRUE,TRUE,FALSE,556,PA abnormal
2826,Radio 2271 B28,EM8A320510,7/24/2024 1:51,PA abnormal,pa_issues,,supervision,537,BF,TRUE,FALSE,on,20,47.2,28.1,91,CtrlGainStateTuned=started,46042,-10.2693,TRUE,-140,,,DPD_SCHD_MEAS_STATUS_TOR_ADC_ERR_B,lin-sv,40,FALSE,TRUE,,-10.3043,TRUE,18,-850,TRUE,DPD_STATUS_FAIL,,-15.3226,TRUE,TRUE,40,20,46269,,CtrlLinStateStarted=started,19,43.9957,BOOST,-10.4928,TRUE,TRUE,FALSE,550,PA abnormal
2827,Radio 2271 B28,EM8A320510,7/24/2024 1:51,PA abnormal,pa_issues,,supervision,109,BF,TRUE,FALSE,on,13,47.2,28.2,86,CtrlGainStateTuned=started,45937,-10.9852,TRUE,-160,,,NA,lin-sv,40,FALSE,TRUE,,-10.9829,TRUE,5,-850,TRUE,DPD_STATUS_OK,,-15.662,TRUE,TRUE,40,21,46355,,CtrlLinStateStarted=started,19,43.1171,NORMAL,-10.9075,TRUE,TRUE,FALSE,568,PA abnormal
2828,Radio 2271 B28,EM8A320510,7/24/2024 12:39,PA abnormal,pa_issues,,supervision,673,BF,TRUE,FALSE,on,21,47.2,30.8,102,CtrlGainStateTuned=started,46023,-26.2637,TRUE,-120,,,NA,lin-sv,40,FALSE,TRUE,,-26.2591,TRUE,7,-850,TRUE,DPD_STATUS_OK,,-28.7158,TRUE,TRUE,40,21,46269,,CtrlLinStateStarted=started,19,28.2409,BOOST,-25.2607,TRUE,TRUE,FALSE,520,PA abnormal
2829,Radio 2271 B28,EM8A320510,7/25/2024 0:31,PA abnormal,pa_issues,,supervision,477,BF,TRUE,FALSE,on,14,47.2,34.8,102,CtrlGainStateTuned=started,46023,-9.9661,TRUE,0,,,DPD_SCHD_MEAS_STATUS_TOR_ADC_ERR_B,lin-sv,40,FALSE,TRUE,,-9.9556,TRUE,5,-850,TRUE,DPD_STATUS_FAIL,,-15.66,FALSE,TRUE,40,20,46339,,CtrlLinStateStartLate=started,19,45.7444,BOOST,-9.8988,TRUE,TRUE,FALSE,319,PA abnormal
2830,Radio 2271 B28,EM8A320510,7/25/2024 0:31,PA abnormal,pa_issues,,supervision,452,BF,TRUE,FALSE,on,22,47.2,34.9,105,CtrlGainStateTuned=started,46023,-9.8463,TRUE,-20,,,DPD_SCHD_MEAS_STATUS_TOR_ADC_ERR_B,lin-sv,40,FALSE,TRUE,,-9.8428,TRUE,5,-850,TRUE,DPD_STATUS_FAIL,,-15.0143,TRUE,TRUE,40,21,46304,,CtrlLinStateStarted=started,19,45.6572,BOOST,-9.7701,TRUE,TRUE,FALSE,379,PA abnormal
2831,Radio 2271 B28,EM8A320510,7/25/2024 0:32,PA abnormal,pa_issues,,supervision,555,BF,TRUE,FALSE,on,16,47.2,35.2,108,CtrlGainStateTuned=started,45921,-23.7615,TRUE,-40,,,NA,lin-sv,40,FALSE,TRUE,,-23.7565,TRUE,5,-850,TRUE,DPD_STATUS_OK,,-27.0146,FALSE,TRUE,40,20,46285,,CtrlLinStateStartLate=started,19,31.5435,BOOST,-23.4062,TRUE,TRUE,FALSE,394,PA abnormal
2832,Radio 2271 B28,EM8A320510,7/25/2024 0:32,PA abnormal,pa_issues,,supervision,398,BF,TRUE,FALSE,on,22,47.2,35.2,106,CtrlGainStateTuned=started,45921,-9.765,TRUE,-60,,,DPD_SCHD_MEAS_STATUS_TOR_ADC_ERR_B,lin-sv,40,FALSE,TRUE,,-9.8347,TRUE,5,-850,TRUE,DPD_STATUS_FAIL,,-14.8642,TRUE,TRUE,40,21,46285,,CtrlLinStateStarted=started,19,45.2653,BOOST,-9.7242,TRUE,TRUE,FALSE,427,PA abnormal
2833,Radio 2271 B28,EM8A320510,7/25/2024 0:32,PA abnormal,pa_issues,,supervision,619,BF,TRUE,FALSE,on,22,47.2,35.4,107,CtrlGainStateTuned=started,45957,-18.4613,TRUE,-80,,,NA,lin-sv,40,FALSE,TRUE,,-18.4188,TRUE,5,-850,TRUE,DPD_STATUS_OK,,-22.177,TRUE,TRUE,40,20,46339,,CtrlLinStateStarted=started,19,36.4812,BOOST,-18.1419,TRUE,TRUE,FALSE,415,PA abnormal
2834,Radio 2271 B28,EM8A320510,7/25/2024 0:33,PA abnormal,pa_issues,,supervision,386,BF,TRUE,FALSE,on,16,47.2,35.6,107,CtrlGainStateTuned=started,45957,-28.2083,TRUE,-100,,,NA,lin-sv,40,FALSE,TRUE,,-28.1453,TRUE,5,-850,TRUE,DPD_STATUS_OK,,-33.8754,TRUE,TRUE,40,20,46269,,CtrlLinStateStarted=started,19,26.5547,BOOST,-30.1516,TRUE,TRUE,FALSE,469,PA abnormal
2835,Radio 2271 B28,EM8A320510,7/25/2024 0:33,PA abnormal,pa_issues,,supervision,421,BF,TRUE,FALSE,on,20,47.2,35.8,107,CtrlGainStateTuned=started,45902,-18.6959,TRUE,-120,,,NA,lin-sv,40,FALSE,TRUE,,-18.4849,TRUE,5,-850,TRUE,DPD_STATUS_OK,,-22.1338,TRUE,TRUE,40,20,46285,,CtrlLinStateStarted=started,19,36.0151,BOOST,-18.7255,TRUE,TRUE,FALSE,478,PA abnormal
2836,Radio 2271 B28,EM8A320510,7/25/2024 0:34,PA abnormal,pa_issues,,supervision,176,BF,TRUE,FALSE,on,22,47.2,36,107,CtrlGainStateTuned=started,45937,-10.003,TRUE,-140,,,DPD_SCHD_MEAS_STATUS_TOR_ADC_ERR_B,lin-sv,40,FALSE,TRUE,,-9.7685,TRUE,5,-850,TRUE,DPD_STATUS_FAIL,,-15.6481,FALSE,TRUE,40,20,46250,,CtrlLinStateStartLate=started,19,44.5315,NORMAL,-10.2557,TRUE,TRUE,FALSE,400,PA abnormal
2837,Radio 2271 B28,EM8A320510,7/25/2024 0:34,PA abnormal,pa_issues,,supervision,582,BF,TRUE,FALSE,on,18,47.2,36.2,110,CtrlGainStateTuned=started,45957,-22.5347,TRUE,-160,,,NA,lin-sv,40,FALSE,TRUE,,-22.5346,TRUE,5,-850,TRUE,DPD_STATUS_OK,,-26.4951,FALSE,TRUE,40,20,46269,,CtrlLinStateStartLate=started,19,31.5654,BOOST,-22.2933,TRUE,TRUE,FALSE,454,PA abnormal
2838,Radio 2271 B28,EM8A320510,7/25/2024 0:34,PA abnormal,pa_issues,,supervision,475,BF,TRUE,FALSE,on,22,47.2,36.3,112,CtrlGainStateTuned=started,45972,-21.7822,TRUE,-180,,,NA,lin-sv,40,FALSE,TRUE,,-21.834,TRUE,5,-850,TRUE,DPD_STATUS_OK,,-26.6672,FALSE,TRUE,40,20,46269,,CtrlLinStateStartLate=started,19,32.066,BOOST,-22.7185,TRUE,TRUE,FALSE,508,PA abnormal
2839,Radio 2271 B28,EM8A320510,7/25/2024 21:03,PA abnormal,pa_issues,,supervision,618,BF,TRUE,FALSE,on,22,47.2,34.9,106,CtrlGainStateTuned=started,45902,-24.3735,TRUE,0,,,NA,lin-sv,40,FALSE,TRUE,,-24.3697,TRUE,31,-850,TRUE,DPD_STATUS_OK,,-29.4595,FALSE,TRUE,40,21,46250,,CtrlLinStateStartLate=started,19,31.3303,BOOST,-25.6149,TRUE,TRUE,FALSE,349,PA abnormal
2840,Radio 2271 B28,EM8A320510,7/25/2024 21:03,PA abnormal,pa_issues,,supervision,610,BF,TRUE,FALSE,on,14,47.2,35,105,CtrlGainStateTuned=started,45992,-10.1517,TRUE,-20,,,DPD_SCHD_MEAS_STATUS_TOR_ADC_ERR_B,lin-sv,40,FALSE,TRUE,,-10.1254,TRUE,5,-850,TRUE,DPD_STATUS_FAIL,,-15.4243,TRUE,TRUE,40,21,46355,,CtrlLinStateStarted=started,19,45.3746,BOOST,-10.1518,TRUE,TRUE,FALSE,367,PA abnormal
2841,Radio 2271 B28,EM8A320510,7/25/2024 21:04,PA abnormal,pa_issues,,supervision,173,BF,TRUE,FALSE,on,17,47.2,35.1,100,CtrlGainStateTuned=started,45957,-23.9629,TRUE,-40,,,NA,lin-sv,40,FALSE,TRUE,,-23.9336,TRUE,5,-850,TRUE,DPD_STATUS_OK,,-27.7678,FALSE,TRUE,40,21,46339,,CtrlLinStateStartLate=started,19,31.3664,NORMAL,-24.5255,TRUE,TRUE,FALSE,307,PA abnormal
2842,Radio 2271 B28,EM8A320510,7/25/2024 21:04,PA abnormal,pa_issues,,supervision,621,BF,TRUE,FALSE,on,22,47.2,35.1,107,CtrlGainStateTuned=started,46023,-9.8321,TRUE,-60,,,DPD_SCHD_MEAS_STATUS_TOR_ADC_ERR_B,lin-sv,40,FALSE,TRUE,,-9.7933,TRUE,5,-850,TRUE,DPD_STATUS_FAIL,,-15.0487,FALSE,TRUE,40,21,46250,,CtrlLinStateStartLate=started,19,45.3067,BOOST,-9.7042,TRUE,TRUE,FALSE,415,PA abnormal
2843,Radio 2271 B28,EM8A320510,7/25/2024 21:18,PA abnormal,pa_issues,,supervision,394,BF,TRUE,FALSE,on,23,47.2,37,111,CtrlGainStateTuned=started,46007,-10.12,TRUE,-80,,,DPD_SCHD_MEAS_STATUS_TOR_ADC_ERR_B,lin-sv,40,FALSE,TRUE,,-10.1483,TRUE,10,-850,TRUE,DPD_STATUS_FAIL,,-14.9198,TRUE,TRUE,40,21,46214,,CtrlLinStateStarted=started,19,44.7517,BOOST,-10.037,TRUE,TRUE,FALSE,466,PA abnormal
2844,Radio 2271 B28,EM8A320510,7/25/2024 21:19,PA abnormal,pa_issues,,supervision,584,BF,TRUE,FALSE,on,22,47.2,37.1,111,CtrlGainStateTuned=started,46023,-9.9744,TRUE,-100,,,DPD_SCHD_MEAS_STATUS_TOR_ADC_ERR_B,lin-sv,40,FALSE,TRUE,,-9.9143,TRUE,5,-850,TRUE,DPD_STATUS_FAIL,,-14.9053,FALSE,TRUE,40,20,46234,,CtrlLinStateStartLate=started,19,44.7857,BOOST,-9.7742,TRUE,TRUE,FALSE,454,PA abnormal
2845,Radio 2271 B28,EM8A320510,7/25/2024 21:19,PA abnormal,pa_issues,,supervision,579,BF,TRUE,FALSE,on,23,47.2,37.1,113,CtrlGainStateTuned=started,46023,-9.9085,TRUE,-120,,,DPD_SCHD_MEAS_STATUS_TOR_ADC_ERR_B,lin-sv,40,FALSE,TRUE,,-9.938,TRUE,5,-850,TRUE,DPD_STATUS_FAIL,,-14.8338,FALSE,TRUE,40,20,46269,,CtrlLinStateStartLate=started,19,44.562,BOOST,-9.614,TRUE,TRUE,FALSE,472,PA abnormal
2846,Radio 2271 B28,EM8A320510,7/25/2024 22:41,PA abnormal,pa_issues,,supervision,556,BF,TRUE,FALSE,on,23,47.2,38.2,112,CtrlGainStateTuned=started,45937,-9.7926,TRUE,0,,,DPD_SCHD_MEAS_STATUS_TOR_ADC_ERR_B,lin-sv,40,FALSE,TRUE,,-9.8008,TRUE,15,-850,TRUE,DPD_STATUS_FAIL,,-14.9156,TRUE,TRUE,40,21,46285,,CtrlLinStateStarted=started,19,45.8992,BOOST,-9.7676,TRUE,TRUE,FALSE,370,PA abnormal
2847,Radio 2271 B28,EM8A320510,7/25/2024 22:57,PA abnormal,pa_issues,,supervision,173,BF,TRUE,FALSE,on,23,47.2,37.7,104,CtrlGainStateTuned=started,45902,-11.2077,TRUE,-20,,,DPD_SCHD_MEAS_STATUS_TOR_ADC_ERR_B,lin-sv,40,FALSE,TRUE,,-11.2232,TRUE,11,-850,TRUE,DPD_STATUS_FAIL,,-16.9442,FALSE,TRUE,40,20,46250,,CtrlLinStateStartLate=started,19,44.2768,NORMAL,-11.6476,TRUE,TRUE,FALSE,316,PA abnormal
2848,Radio 2271 B28,EM8A320510,7/25/2024 23:23,PA abnormal,pa_issues,,supervision,539,BF,TRUE,FALSE,on,23,47.2,39.1,113,CtrlGainStateTuned=started,46023,-9.4409,TRUE,-40,,,DPD_SCHD_MEAS_STATUS_TOR_ADC_ERR_B,lin-sv,40,FALSE,TRUE,,-9.4003,TRUE,5,-850,TRUE,DPD_STATUS_FAIL,,-14.5621,FALSE,TRUE,40,21,46269,,CtrlLinStateStartLate=started,19,45.8997,BOOST,-9.4484,TRUE,TRUE,FALSE,397,PA abnormal
2849,Radio 2271 B28,EM8A320510,7/26/2024 0:09,PA abnormal,pa_issues,,supervision,124,BF,TRUE,FALSE,on,23,47.2,41.8,114,CtrlGainStateTuned=started,46007,-9.4128,TRUE,-60,,,DPD_SCHD_MEAS_STATUS_TOR_ADC_ERR_B,lin-sv,40,FALSE,TRUE,,-9.3178,TRUE,14,-850,TRUE,DPD_STATUS_FAIL,,-14.9035,FALSE,TRUE,40,21,46355,,CtrlLinStateStartLate=started,19,45.7822,NORMAL,-9.5094,TRUE,TRUE,FALSE,340,PA abnormal
2850,Radio 2271 B28,EM8A320510,7/26/2024 0:09,PA abnormal,pa_issues,,supervision,462,BF,TRUE,FALSE,on,19,47.2,41.9,118,CtrlGainStateTuned=started,46023,-18.6534,TRUE,-80,,,DPD_SCHD_MEAS_STATUS_TOR_ADC_ERR_B,lin-sv,40,FALSE,TRUE,,-18.6993,TRUE,5,-850,TRUE,DPD_STATUS_FAIL,,-23.456,TRUE,TRUE,40,21,46285,,CtrlLinStateStarted=started,19,36.2007,BOOST,-19.5047,TRUE,TRUE,FALSE,412,PA abnormal
2851,Radio 2271 B28,EM8A320510,7/26/2024 0:09,PA abnormal,pa_issues,,supervision,369,BF,TRUE,FALSE,on,15,47.2,42.1,118,CtrlGainStateTuned=started,45972,-10.8,TRUE,-100,,,DPD_SCHD_MEAS_STATUS_TOR_ADC_ERR_B,lin-sv,40,FALSE,TRUE,,-10.8041,TRUE,5,-850,TRUE,DPD_STATUS_FAIL,,-15.4596,FALSE,TRUE,40,20,46269,,CtrlLinStateStartLate=started,19,43.8959,BOOST,-10.5136,TRUE,TRUE,FALSE,421,PA abnormal
2852,Radio 2271 B28,EM8A320510,7/26/2024 0:10,PA abnormal,pa_issues,,supervision,419,BF,TRUE,FALSE,on,18,47.2,42.3,119,CtrlGainStateTuned=started,45886,-9.6773,TRUE,-120,,,DPD_SCHD_MEAS_STATUS_TOR_ADC_ERR_B,lin-sv,40,FALSE,TRUE,,-9.604,TRUE,5,-850,TRUE,DPD_STATUS_FAIL,,-14.6186,FALSE,TRUE,40,20,46339,,CtrlLinStateStartLate=started,19,44.896,BOOST,-9.5588,TRUE,TRUE,FALSE,433,PA abnormal
2853,Radio 2271 B28,EM8A320510,7/26/2024 0:10,PA abnormal,pa_issues,,supervision,306,BF,TRUE,FALSE,on,18,47.2,42.3,120,CtrlGainStateTuned=started,45921,-14.2059,TRUE,-140,,,NA,lin-sv,40,FALSE,TRUE,,-14.2311,TRUE,5,-850,TRUE,DPD_STATUS_OK,,-18.5289,FALSE,TRUE,40,21,46304,,CtrlLinStateStartLate=started,19,40.0689,BOOST,-14.2104,TRUE,TRUE,FALSE,472,PA abnormal
2854,Radio 2271 B28,EM8A320510,7/26/2024 0:10,PA abnormal,pa_issues,,supervision,338,BF,TRUE,FALSE,on,16,47.2,42.5,120,CtrlGainStateTuned=started,45937,-9.9238,TRUE,-160,,,DPD_SCHD_MEAS_STATUS_TOR_ADC_ERR_B,lin-sv,40,FALSE,TRUE,,-9.9198,TRUE,5,-850,TRUE,DPD_STATUS_FAIL,,-14.6271,TRUE,TRUE,40,21,46269,,CtrlLinStateStarted=started,19,44.1802,BOOST,-9.7661,TRUE,TRUE,FALSE,493,PA abnormal
2855,Radio 2271 B28,EM8A320510,7/26/2024 0:11,PA abnormal,pa_issues,,supervision,195,BF,TRUE,FALSE,on,19,47.2,42.6,118,CtrlGainStateTuned=started,46007,-9.9969,TRUE,-180,,,DPD_SCHD_MEAS_STATUS_TOR_ADC_ERR_B,lin-sv,40,FALSE,TRUE,,-10.0013,TRUE,5,-850,TRUE,DPD_STATUS_FAIL,,-15.249,TRUE,TRUE,40,21,46339,,CtrlLinStateStarted=started,19,43.8987,BOOST,-10.108,TRUE,TRUE,FALSE,484,PA abnormal
2856,Radio 2271 B28,EM8A320510,7/26/2024 19:29,PA abnormal,pa_issues,,supervision,333,BF,TRUE,FALSE,on,14,49,44,118,CtrlGainStateTuned=started,47992,-15.4424,TRUE,0,,,NA,lin-sv,40,FALSE,TRUE,,-15.4105,TRUE,16,-850,TRUE,DPD_STATUS_OK,,-19.9415,TRUE,TRUE,80,18,48476,,CtrlLinStateStarted=started,19,42.0895,BOOST,-15.4852,TRUE,TRUE,FALSE,325,PA abnormal
2857,Radio 2271 B28,EM8A320510,7/26/2024 19:29,PA abnormal,pa_issues,,supervision,338,BF,TRUE,FALSE,on,15,49,44.2,119,CtrlGainStateTuned=started,48007,-8.8916,TRUE,-20,,,DPD_SCHD_MEAS_STATUS_TOR_ADC_ERR_B,lin-sv,40,FALSE,TRUE,,-8.7822,TRUE,5,-850,TRUE,DPD_STATUS_FAIL,,-14.7418,FALSE,TRUE,80,19,48304,,CtrlLinStateStartLate=started,19,48.5178,BOOST,-9.037,TRUE,TRUE,FALSE,337,PA abnormal
2858,Radio 2271 B28,EM8A320510,7/26/2024 19:30,PA abnormal,pa_issues,,supervision,412,BF,TRUE,FALSE,on,14,49,43.9,126,CtrlGainStateTuned=started,48007,-8.9273,TRUE,-40,,,DPD_SCHD_MEAS_STATUS_TOR_ADC_ERR_B,lin-sv,40,FALSE,TRUE,,-8.9558,TRUE,5,-850,TRUE,DPD_STATUS_FAIL,,-15.0318,TRUE,TRUE,80,19,48425,,CtrlLinStateStarted=started,19,48.1442,BOOST,-8.8699,TRUE,TRUE,FALSE,382,PA abnormal
2859,Radio 2271 B28,EM8A320510,7/26/2024 19:30,PA abnormal,pa_issues,,supervision,321,BF,TRUE,FALSE,on,14,49,43.9,116,CtrlGainStateTuned=started,47937,-9.7642,TRUE,-60,,,DPD_SCHD_MEAS_STATUS_TOR_ADC_ERR_B,lin-sv,40,FALSE,TRUE,,-9.5855,TRUE,5,-850,TRUE,DPD_STATUS_FAIL,,-14.9774,FALSE,TRUE,80,18,48304,,CtrlLinStateStartLate=started,19,47.3145,BOOST,-9.661,TRUE,TRUE,FALSE,376,PA abnormal
2860,Radio 2271 B28,EM8A320510,7/26/2024 19:30,PA abnormal,pa_issues,,supervision,213,BF,TRUE,FALSE,on,7,49,43.7,114,CtrlGainStateTuned=started,48058,-25.6062,TRUE,-80,,,NA,lin-sv,40,FALSE,TRUE,,-25.5934,TRUE,5,-850,TRUE,DPD_STATUS_OK,,-29.4462,TRUE,TRUE,80,18,48410,,CtrlLinStateStarted=started,19,31.1066,BOOST,-25.9539,TRUE,TRUE,FALSE,418,PA abnormal
2861,Radio 2271 B28,EM8A320510,7/26/2024 19:31,PA abnormal,pa_issues,,supervision,410,BF,TRUE,FALSE,on,14,49,43.5,114,CtrlGainStateTuned=started,47957,-16.9611,TRUE,-100,,,NA,lin-sv,40,FALSE,TRUE,,-16.9631,TRUE,5,-850,TRUE,DPD_STATUS_OK,,-21.3482,FALSE,TRUE,80,18,48355,,CtrlLinStateStartLate=started,19,39.5369,BOOST,-17.3761,TRUE,TRUE,FALSE,421,PA abnormal
2862,Radio 2271 B28,EM8A320510,7/26/2024 19:31,PA abnormal,pa_issues,,supervision,391,BF,TRUE,FALSE,on,14,49,43.4,115,CtrlGainStateTuned=started,48058,-8.9655,TRUE,-120,,,DPD_SCHD_MEAS_STATUS_TOR_ADC_ERR_B,lin-sv,40,FALSE,TRUE,,-8.7437,TRUE,5,-850,TRUE,DPD_STATUS_FAIL,,-14.3285,FALSE,TRUE,80,19,48355,,CtrlLinStateStartLate=started,19,47.5563,BOOST,-9.0315,TRUE,TRUE,FALSE,439,PA abnormal
2863,Radio 2271 B28,EM8A320510,7/26/2024 20:20,PA abnormal,pa_issues,,supervision,359,BF,TRUE,FALSE,on,16,49,35.4,105,CtrlGainStateTuned=started,47992,-8.9043,TRUE,0,,,DPD_SCHD_MEAS_STATUS_TOR_ADC_ERR_B,lin-sv,40,FALSE,TRUE,,-8.8689,TRUE,11,-850,TRUE,DPD_STATUS_FAIL,,-14.4109,FALSE,TRUE,80,18,48375,,CtrlLinStateStartLate=started,19,48.6311,BOOST,-8.8558,TRUE,TRUE,FALSE,388,PA abnormal
2864,Radio 2271 B28,EM8A320510,7/26/2024 20:20,PA abnormal,pa_issues,,supervision,124,BF,TRUE,FALSE,on,13,49,35.6,94,CtrlGainStateTuned=started,48027,-16.2585,TRUE,-20,,,NA,lin-sv,40,FALSE,TRUE,,-16.2406,TRUE,5,-850,TRUE,DPD_STATUS_OK,,-20.8612,TRUE,TRUE,80,19,48390,,CtrlLinStateStarted=started,19,41.0594,NORMAL,-16.4512,TRUE,TRUE,FALSE,322,PA abnormal
2865,Radio 2271 B28,EM8A320510,7/26/2024 20:21,PA abnormal,pa_issues,,supervision,584,BF,TRUE,FALSE,on,20,49,35.8,102,CtrlGainStateTuned=started,48058,-9.5653,TRUE,-40,,,DPD_SCHD_MEAS_STATUS_TOR_ADC_ERR_B,lin-sv,40,FALSE,TRUE,,-9.3539,TRUE,5,-850,TRUE,DPD_STATUS_FAIL,,-14.6332,FALSE,TRUE,80,19,48304,,CtrlLinStateStartLate=started,19,47.7461,BOOST,-9.3959,TRUE,TRUE,FALSE,406,PA abnormal
2866,Radio 2271 B28,EM8A320510,7/26/2024 20:21,PA abnormal,pa_issues,,supervision,470,BF,TRUE,FALSE,on,13,49,36,100,CtrlGainStateTuned=started,48148,-19.3567,TRUE,-60,,,NA,lin-sv,40,FALSE,TRUE,,-19.4008,TRUE,5,-850,TRUE,DPD_STATUS_OK,,-24.5403,FALSE,TRUE,80,18,48375,,CtrlLinStateStartLate=started,19,37.4992,BOOST,-20.2781,TRUE,TRUE,FALSE,421,PA abnormal
2867,Radio 2271 B28,EM8A320510,7/26/2024 20:21,PA abnormal,pa_issues,,supervision,332,BF,TRUE,FALSE,on,11,49,36.1,101,CtrlGainStateTuned=started,47972,-16.9427,TRUE,-80,,,NA,lin-sv,40,FALSE,TRUE,,-16.872,TRUE,5,-850,TRUE,DPD_STATUS_OK,,-21.4524,TRUE,TRUE,80,18,48355,,CtrlLinStateStarted=started,19,39.828,BOOST,-17.6545,TRUE,TRUE,FALSE,448,PA abnormal
2868,Radio 2271 B28,EM8A320510,7/26/2024 22:03,PA abnormal,pa_issues,,supervision,127,BF,TRUE,FALSE,on,17,49,38.8,112,CtrlGainStateTuned=started,48113,-18.049,TRUE,0,,,NA,lin-sv,40,FALSE,TRUE,,-17.9508,TRUE,12,-850,TRUE,DPD_STATUS_OK,,-21.6193,TRUE,TRUE,80,19,48339,,CtrlLinStateStarted=started,19,39.5492,NORMAL,-18.5492,TRUE,TRUE,FALSE,376,PA abnormal
2869,Radio 2271 B28,EM8A320510,7/26/2024 22:03,PA abnormal,pa_issues,,supervision,191,BF,TRUE,FALSE,on,13,49,38.9,107,CtrlGainStateTuned=started,48058,-18.2767,TRUE,-20,,,NA,lin-sv,40,FALSE,TRUE,,-18.2785,TRUE,5,-850,TRUE,DPD_STATUS_OK,,-22.2641,TRUE,TRUE,80,19,48375,,CtrlLinStateStarted=started,19,39.0215,BOOST,-18.0773,TRUE,TRUE,FALSE,382,PA abnormal
2870,Radio 2271 B28,EM8A320510,7/26/2024 22:03,PA abnormal,pa_issues,,supervision,512,BF,TRUE,FALSE,on,20,49,38.9,107,CtrlGainStateTuned=started,47972,-9.7091,TRUE,-40,,,DPD_SCHD_MEAS_STATUS_TOR_ADC_ERR_B,lin-sv,40,FALSE,TRUE,,-9.6274,TRUE,5,-850,TRUE,DPD_STATUS_FAIL,,-15.0258,TRUE,TRUE,80,19,48375,,CtrlLinStateStarted=started,19,47.4726,BOOST,-9.5593,TRUE,TRUE,FALSE,400,PA abnormal
2871,Radio 2271 B28,EM8A320510,7/26/2024 22:04,PA abnormal,pa_issues,,supervision,511,BF,TRUE,FALSE,on,20,49,39,106,CtrlGainStateTuned=started,48078,-8.7919,TRUE,-60,,,DPD_SCHD_MEAS_STATUS_TOR_ADC_ERR_B,lin-sv,40,FALSE,TRUE,,-8.7867,TRUE,5,-850,TRUE,DPD_STATUS_FAIL,,-14.4738,TRUE,TRUE,80,19,48375,,CtrlLinStateStarted=started,19,48.1133,BOOST,-8.8819,TRUE,TRUE,FALSE,415,PA abnormal
2872,Radio 2271 B28,EM8A320510,7/26/2024 22:04,PA abnormal,pa_issues,,supervision,545,BF,TRUE,FALSE,on,21,49,39,110,CtrlGainStateTuned=started,48148,-27.5062,TRUE,-80,,,NA,lin-sv,40,FALSE,TRUE,,-27.452,TRUE,5,-850,TRUE,DPD_STATUS_OK,,-35.7605,FALSE,TRUE,80,19,48425,,CtrlLinStateStartLate=started,19,29.248,BOOST,-31.477,TRUE,TRUE,FALSE,430,PA abnormal
2873,Radio 2271 B28,EM8A320510,7/26/2024 22:05,PA abnormal,pa_issues,,supervision,238,BF,TRUE,FALSE,on,12,49,39.1,107,CtrlGainStateTuned=started,47957,-16.178,TRUE,-100,,,NA,lin-sv,40,FALSE,TRUE,,-16.1439,TRUE,5,-850,TRUE,DPD_STATUS_OK,,-20.5503,TRUE,TRUE,80,19,48355,,CtrlLinStateStarted=started,19,40.3561,BOOST,-16.171,TRUE,TRUE,FALSE,451,PA abnormal
2874,Radio 2271 B28,EM8A320510,7/26/2024 22:05,PA abnormal,pa_issues,,supervision,160,BF,TRUE,FALSE,on,20,49,39,106,CtrlGainStateTuned=started,48007,-17.7824,TRUE,-120,,,NA,lin-sv,40,FALSE,TRUE,,-17.7606,TRUE,5,-850,TRUE,DPD_STATUS_OK,,-21.9672,TRUE,TRUE,80,18,48390,,CtrlLinStateStarted=started,19,38.5394,BOOST,-17.85,TRUE,TRUE,FALSE,493,PA abnormal
2875,Radio 2271 B28,EM8A320510,7/26/2024 23:02,PA abnormal,pa_issues,,supervision,469,BF,TRUE,FALSE,on,21,49,40.3,109,CtrlGainStateTuned=started,48078,-23.8011,TRUE,0,,,NA,lin-sv,40,FALSE,TRUE,,-23.8518,TRUE,10,-850,TRUE,DPD_STATUS_OK,,-28.9009,FALSE,TRUE,80,19,48304,,CtrlLinStateStartLate=started,19,33.6482,BOOST,-25.2176,TRUE,TRUE,FALSE,352,PA abnormal
2876,Radio 2271 B28,EM8A320510,7/26/2024 23:02,PA abnormal,pa_issues,,supervision,138,BF,TRUE,FALSE,on,19,49,40.3,106,CtrlGainStateTuned=started,48093,-18.0875,TRUE,-20,,,NA,lin-sv,40,FALSE,TRUE,,-18.0348,TRUE,5,-850,TRUE,DPD_STATUS_OK,,-23.4483,FALSE,TRUE,80,19,48375,,CtrlLinStateStartLate=started,19,39.2652,NORMAL,-18.2822,TRUE,TRUE,FALSE,280,PA abnormal
2877,Radio 2271 B28,EM8A320510,7/26/2024 23:17,PA abnormal,pa_issues,,supervision,279,BF,TRUE,FALSE,on,15,49,39.7,111,CtrlGainStateTuned=started,48042,-13.9975,TRUE,-40,,,NA,lin-sv,40,FALSE,TRUE,,-14.0252,TRUE,9,-850,TRUE,DPD_STATUS_OK,,-18.4491,TRUE,TRUE,80,19,48425,,CtrlLinStateStarted=started,19,43.0748,BOOST,-13.8831,TRUE,TRUE,FALSE,418,PA abnormal
2878,Radio 2271 B28,EM8A320510,7/26/2024 23:17,PA abnormal,pa_issues,,supervision,519,BF,TRUE,FALSE,on,20,49,39.6,108,CtrlGainStateTuned=started,47921,-18.6123,TRUE,-60,,,NA,lin-sv,40,FALSE,TRUE,,-18.7119,TRUE,5,-850,TRUE,DPD_STATUS_OK,,-24.3185,TRUE,TRUE,80,19,48390,,CtrlLinStateStarted=started,19,38.1881,BOOST,-19.4223,TRUE,TRUE,FALSE,415,PA abnormal
2879,Radio 2271 B28,EM8A320510,7/26/2024 23:17,PA abnormal,pa_issues,,supervision,517,BF,TRUE,FALSE,on,20,49,39.7,112,CtrlGainStateTuned=started,47937,-9.5476,TRUE,-80,,,DPD_SCHD_MEAS_STATUS_TOR_ADC_ERR_B,lin-sv,40,FALSE,TRUE,,-9.4315,TRUE,5,-850,TRUE,DPD_STATUS_FAIL,,-14.1297,TRUE,TRUE,80,19,48339,,CtrlLinStateStarted=started,19,47.2685,BOOST,-9.0912,TRUE,TRUE,FALSE,460,PA abnormal
2880,Radio 2271 B28,EM8A320510,7/26/2024 23:18,PA abnormal,pa_issues,,supervision,252,BF,TRUE,FALSE,on,20,49,39.4,105,CtrlGainStateTuned=started,48058,-14.2421,TRUE,-100,,,NA,lin-sv,40,FALSE,TRUE,,-14.2927,TRUE,5,-850,TRUE,DPD_STATUS_OK,,-22.5583,TRUE,TRUE,80,18,48375,,CtrlLinStateStarted=started,19,42.2073,BOOST,-17.7418,TRUE,TRUE,FALSE,469,PA abnormal
2881,Radio 2271 B28,EM8A320510,7/26/2024 23:19,PA abnormal,pa_issues,,supervision,515,BF,TRUE,FALSE,on,20,49,39.4,110,CtrlGainStateTuned=started,48058,-9.6433,TRUE,-120,,,DPD_SCHD_MEAS_STATUS_TOR_ADC_ERR_B,lin-sv,40,FALSE,TRUE,,-9.4919,TRUE,5,-850,TRUE,DPD_STATUS_FAIL,,-14.8838,TRUE,TRUE,80,19,48355,,CtrlLinStateStarted=started,19,46.8081,BOOST,-9.7007,TRUE,TRUE,FALSE,475,PA abnormal
2882,Radio 2271 B28,EM8A320510,7/26/2024 23:19,PA abnormal,pa_issues,,supervision,470,BF,TRUE,FALSE,on,18,49,39,107,CtrlGainStateTuned=started,48007,-8.6909,TRUE,-140,,,DPD_SCHD_MEAS_STATUS_TOR_ADC_ERR_B,lin-sv,40,FALSE,TRUE,,-8.7658,TRUE,5,-850,TRUE,DPD_STATUS_FAIL,,-14.1082,TRUE,TRUE,80,19,48355,,CtrlLinStateStarted=started,19,47.3342,BOOST,-8.6583,TRUE,TRUE,FALSE,499,PA abnormal
2883,Radio 2271 B28,EM8A320510,7/26/2024 23:39,PA abnormal,pa_issues,,supervision,512,BF,TRUE,FALSE,on,19,49,38,113,CtrlGainStateTuned=started,48007,-18.2932,TRUE,-160,,,NA,lin-sv,40,FALSE,TRUE,,-18.2099,TRUE,9,-850,TRUE,DPD_STATUS_OK,,-21.5712,FALSE,TRUE,80,19,48375,,CtrlLinStateStartLate=started,19,37.6901,BOOST,-17.5537,TRUE,TRUE,FALSE,478,PA abnormal
2884,Radio 2271 B28,EM8A320510,7/26/2024 23:39,PA abnormal,pa_issues,,supervision,478,BF,TRUE,FALSE,on,15,49,38.1,110,CtrlGainStateTuned=started,48007,-25.9972,TRUE,-180,,,NA,lin-sv,40,FALSE,TRUE,,-25.9779,TRUE,5,-850,TRUE,DPD_STATUS_OK,,-29.6481,FALSE,TRUE,80,18,48460,,CtrlLinStateStartLate=started,19,29.7221,BOOST,-25.5949,TRUE,TRUE,FALSE,523,PA abnormal
2885,Radio 2271 B28,EM8A320510,7/27/2024 13:24,PA abnormal,pa_issues,,supervision,477,BF,TRUE,FALSE,on,21,49,39.1,107,CtrlGainStateTuned=started,48078,-14.4265,TRUE,0,,,DPD_SCHD_MEAS_STATUS_TOR_ADC_ERR_B,lin-sv,40,FALSE,TRUE,,-14.1966,TRUE,14,-850,TRUE,DPD_STATUS_FAIL,,-20.196,FALSE,TRUE,80,19,48320,,CtrlLinStateStartLate=started,19,43.3034,BOOST,-15.8299,TRUE,TRUE,FALSE,367,PA abnormal
2886,Radio 2271 B28,EM8A320510,7/27/2024 13:51,PA abnormal,pa_issues,,supervision,284,BF,TRUE,FALSE,on,13,49,42.8,120,CtrlGainStateTuned=started,47992,-18.5478,TRUE,-20,,,NA,lin-sv,40,FALSE,TRUE,,-18.552,TRUE,9,-850,TRUE,DPD_STATUS_OK,,-22.3625,TRUE,TRUE,80,19,48285,,CtrlLinStateStarted=started,19,38.748,BOOST,-18.0651,TRUE,TRUE,FALSE,367,PA abnormal
2887,Radio 2271 B28,EM8A320510,7/27/2024 14:09,PA abnormal,pa_issues,,supervision,472,BF,TRUE,FALSE,on,21,49,39.9,110,CtrlGainStateTuned=started,47972,-9.0497,TRUE,-40,,,DPD_SCHD_MEAS_STATUS_TOR_ADC_ERR_B,lin-sv,40,FALSE,TRUE,,-8.7101,TRUE,8,-850,TRUE,DPD_STATUS_FAIL,,-14.3282,FALSE,TRUE,80,19,48339,,CtrlLinStateStartLate=started,19,48.3899,BOOST,-9.0446,TRUE,TRUE,FALSE,415,PA abnormal
2888,Radio 2271 B28,EM8A320510,7/27/2024 14:33,PA abnormal,pa_issues,,supervision,539,BF,TRUE,FALSE,on,20,49,38.8,108,CtrlGainStateTuned=started,47972,-22.6105,TRUE,-60,,,NA,lin-sv,40,FALSE,TRUE,,-22.6441,TRUE,8,-850,TRUE,DPD_STATUS_OK,,-26.2264,TRUE,TRUE,80,20,48339,,CtrlLinStateStarted=started,19,34.2559,BOOST,-22.5232,TRUE,TRUE,FALSE,439,PA abnormal
2889,Radio 2271 B28,EM8A320510,7/27/2024 14:34,PA abnormal,pa_issues,,supervision,353,BF,TRUE,FALSE,on,19,49,39.2,109,CtrlGainStateTuned=started,48128,-8.8816,TRUE,-80,,,DPD_SCHD_MEAS_STATUS_TOR_ADC_ERR_B,lin-sv,40,FALSE,TRUE,,-8.7423,TRUE,5,-850,TRUE,DPD_STATUS_FAIL,,-14.0806,FALSE,TRUE,80,19,48425,,CtrlLinStateStartLate=started,19,47.9577,BOOST,-8.7901,TRUE,TRUE,FALSE,445,PA abnormal
2890,Radio 2271 B28,EM8A320510,7/27/2024 14:34,PA abnormal,pa_issues,,supervision,518,BF,TRUE,FALSE,on,20,49,39.4,114,CtrlGainStateTuned=started,47972,-8.7626,TRUE,-100,,,DPD_SCHD_MEAS_STATUS_TOR_ADC_ERR_B,lin-sv,40,FALSE,TRUE,,-8.2772,TRUE,5,-850,TRUE,DPD_STATUS_FAIL,,-13.844,FALSE,TRUE,80,20,48375,,CtrlLinStateStartLate=started,19,48.2228,BOOST,-8.6632,TRUE,TRUE,FALSE,448,PA abnormal
2891,Radio 2271 B28,EM8A320510,7/27/2024 14:34,PA abnormal,pa_issues,,supervision,382,BF,TRUE,FALSE,on,21,49,39.6,109,CtrlGainStateTuned=started,47937,-14.5152,TRUE,-120,,,NA,lin-sv,40,FALSE,TRUE,,-14.5455,TRUE,5,-850,TRUE,DPD_STATUS_OK,,-18.7991,TRUE,TRUE,80,19,48441,,CtrlLinStateStarted=started,19,41.7545,BOOST,-14.4757,TRUE,TRUE,FALSE,502,PA abnormal
2892,Radio 2271 B28,EM8A320510,7/27/2024 14:54,PA abnormal,pa_issues,,supervision,328,BF,TRUE,FALSE,on,17,49,43.4,115,CtrlGainStateTuned=started,47937,-27.7249,TRUE,0,,,NA,lin-sv,40,FALSE,TRUE,,-27.6213,TRUE,5,-850,TRUE,DPD_STATUS_OK,,-29.2667,TRUE,TRUE,80,20,48375,,CtrlLinStateStarted=started,19,29.8787,BOOST,-25.658,TRUE,TRUE,FALSE,334,PA abnormal
2893,Radio 2271 B28,EM8A320510,7/27/2024 14:55,PA abnormal,pa_issues,,supervision,407,BF,TRUE,FALSE,on,21,49,43.7,114,CtrlGainStateTuned=started,48007,-9.5853,TRUE,-20,,,DPD_SCHD_MEAS_STATUS_TOR_ADC_ERR_B,lin-sv,40,FALSE,TRUE,,-9.5872,TRUE,5,-850,TRUE,DPD_STATUS_FAIL,,-15.3787,FALSE,TRUE,80,20,48339,,CtrlLinStateStartLate=started,19,47.7128,BOOST,-9.6435,TRUE,TRUE,FALSE,331,PA abnormal
2894,Radio 2271 B28,EM8A320510,7/27/2024 14:55,PA abnormal,pa_issues,,supervision,247,BF,TRUE,FALSE,on,21,49,44,115,CtrlGainStateTuned=started,48027,-9.6148,TRUE,-40,,,DPD_SCHD_MEAS_STATUS_TOR_ADC_ERR_B,lin-sv,40,FALSE,TRUE,,-9.5012,TRUE,5,-850,TRUE,DPD_STATUS_FAIL,,-14.9316,FALSE,TRUE,80,19,48339,,CtrlLinStateStartLate=started,19,47.5988,BOOST,-9.6474,TRUE,TRUE,FALSE,364,PA abnormal
2895,Radio 2271 B28,EM8A320510,7/27/2024 15:14,PA abnormal,pa_issues,,supervision,173,BF,TRUE,FALSE,on,20,49,38.8,105,CtrlGainStateTuned=started,48078,-11.0861,TRUE,-60,,,DPD_SCHD_MEAS_STATUS_TOR_ADC_ERR_B,lin-sv,40,FALSE,TRUE,,-11.0489,TRUE,11,-850,TRUE,DPD_STATUS_FAIL,,-16.3029,FALSE,TRUE,80,19,48339,,CtrlLinStateStartLate=started,19,45.8511,NORMAL,-10.8922,TRUE,TRUE,FALSE,367,PA abnormal
2896,Radio 2271 B28,EM8A320510,7/27/2024 15:14,PA abnormal,pa_issues,,supervision,151,BF,TRUE,FALSE,on,20,49,38.8,106,CtrlGainStateTuned=started,47992,-9.4253,TRUE,-80,,,DPD_SCHD_MEAS_STATUS_TOR_ADC_ERR_B,lin-sv,40,FALSE,TRUE,,-9.0572,TRUE,5,-850,TRUE,DPD_STATUS_FAIL,,-14.8971,FALSE,TRUE,80,19,48390,,CtrlLinStateStartLate=started,19,47.6428,NORMAL,-9.411,TRUE,TRUE,FALSE,382,PA abnormal
2897,Radio 2271 B28,EM8A320510,7/27/2024 15:15,PA abnormal,pa_issues,,supervision,170,BF,TRUE,FALSE,on,20,49,38.8,107,CtrlGainStateTuned=started,48027,-9.6327,TRUE,-100,,,DPD_SCHD_MEAS_STATUS_TOR_ADC_ERR_B,lin-sv,40,FALSE,TRUE,,-9.2007,TRUE,5,-850,TRUE,DPD_STATUS_FAIL,,-15.0592,FALSE,TRUE,80,20,48390,,CtrlLinStateStartLate=started,19,47.2993,NORMAL,-9.7763,TRUE,TRUE,FALSE,388,PA abnormal
2898,Radio 2271 B28,EM8A320510,7/27/2024 15:15,PA abnormal,pa_issues,,supervision,171,BF,TRUE,FALSE,on,20,49,39,107,CtrlGainStateTuned=started,48007,-10.4998,TRUE,-120,,,DPD_SCHD_MEAS_STATUS_TOR_ADC_ERR_B,lin-sv,40,FALSE,TRUE,,-10.1302,TRUE,5,-850,TRUE,DPD_STATUS_FAIL,,-15.6427,FALSE,TRUE,80,19,48375,,CtrlLinStateStartLate=started,19,46.1698,NORMAL,-10.3657,TRUE,TRUE,FALSE,403,PA abnormal
2899,Radio 2271 B28,EM8A320510,7/27/2024 15:15,PA abnormal,pa_issues,,supervision,173,BF,TRUE,FALSE,on,21,49,39.2,110,CtrlGainStateTuned=started,47937,-9.1141,TRUE,-140,,,DPD_SCHD_MEAS_STATUS_TOR_ADC_ERR_B,lin-sv,40,FALSE,TRUE,,-8.5164,TRUE,5,-850,TRUE,DPD_STATUS_FAIL,,-14.444,FALSE,TRUE,80,19,48339,,CtrlLinStateStartLate=started,19,47.5836,NORMAL,-9.0882,TRUE,TRUE,FALSE,427,PA abnormal
2900,Radio 2271 B28,EM8A320510,7/27/2024 17:08,PA abnormal,pa_issues,,supervision,359,BF,TRUE,FALSE,on,21,49,43.4,116,CtrlGainStateTuned=started,48058,-8.7424,TRUE,-140,,,DPD_SCHD_MEAS_STATUS_TOR_ADC_ERR_B,lin-sv,40,FALSE,TRUE,,-8.6028,TRUE,15,-850,TRUE,DPD_STATUS_FAIL,,-14.209,FALSE,TRUE,80,19,48425,,CtrlLinStateStartLate=started,19,47.4972,BOOST,-8.8299,TRUE,TRUE,FALSE,463,PA abnormal
2901,Radio 2271 B28,EM8A320510,7/27/2024 17:08,PA abnormal,pa_issues,,supervision,417,BF,TRUE,FALSE,on,21,49,43.5,117,CtrlGainStateTuned=started,47957,-9.2364,TRUE,-160,,,DPD_SCHD_MEAS_STATUS_TOR_ADC_ERR_B,lin-sv,40,FALSE,TRUE,,-9.0834,TRUE,5,-850,TRUE,DPD_STATUS_FAIL,,-14.7166,FALSE,TRUE,80,19,48410,,CtrlLinStateStartLate=started,19,46.8166,BOOST,-9.2318,TRUE,TRUE,FALSE,448,PA abnormal
2902,Radio 2271 B28,EM8A320510,7/28/2024 22:25,PA abnormal,pa_issues,,supervision,506,BF,TRUE,FALSE,on,21,49,37.3,108,CtrlGainStateTuned=started,48078,-17.6607,TRUE,0,,,NA,lin-sv,40,FALSE,TRUE,,-17.5625,TRUE,11,-850,TRUE,DPD_STATUS_OK,,-21.3313,TRUE,TRUE,80,21,48375,,CtrlLinStateStarted=started,19,39.9375,BOOST,-17.3054,TRUE,TRUE,FALSE,412,PA abnormal
2903,Radio 2271 B28,EM8A320510,7/28/2024 22:25,PA abnormal,pa_issues,,supervision,536,BF,TRUE,FALSE,on,20,49,37.6,106,CtrlGainStateTuned=started,47972,-9.7399,TRUE,-20,,,DPD_SCHD_MEAS_STATUS_TOR_ADC_ERR_B,lin-sv,40,FALSE,TRUE,,-9.693,TRUE,5,-850,TRUE,DPD_STATUS_FAIL,,-14.9979,FALSE,TRUE,80,20,48425,,CtrlLinStateStartLate=started,19,47.607,BOOST,-9.6135,TRUE,TRUE,FALSE,403,PA abnormal
2904,Radio 2271 B28,EM8A320510,7/28/2024 22:26,PA abnormal,pa_issues,,supervision,287,BF,TRUE,FALSE,on,14,49,37.6,104,CtrlGainStateTuned=started,47972,-18.7775,TRUE,-40,,,NA,lin-sv,40,FALSE,TRUE,,-18.7319,TRUE,5,-850,TRUE,DPD_STATUS_OK,,-22.4944,TRUE,TRUE,80,20,48320,,CtrlLinStateStarted=started,19,38.3681,BOOST,-18.8694,TRUE,TRUE,FALSE,448,PA abnormal
2905,Radio 2271 B28,EM8A320510,7/28/2024 22:26,PA abnormal,pa_issues,,supervision,177,BF,TRUE,FALSE,on,20,49,37.6,103,CtrlGainStateTuned=started,48058,-16.8817,TRUE,-60,,,NA,lin-sv,40,FALSE,TRUE,,-16.8362,TRUE,5,-850,TRUE,DPD_STATUS_OK,,-20.8846,TRUE,TRUE,80,20,48339,,CtrlLinStateStarted=started,19,40.0638,NORMAL,-16.9208,TRUE,TRUE,FALSE,409,PA abnormal
2906,Radio 2271 B28,EM8A320510,7/28/2024 22:27,PA abnormal,pa_issues,,supervision,534,BF,TRUE,FALSE,on,21,49,37.7,104,CtrlGainStateTuned=started,47957,-22.232,TRUE,-80,,,NA,lin-sv,40,FALSE,TRUE,,-22.2154,TRUE,5,-850,TRUE,DPD_STATUS_OK,,-25.2456,FALSE,TRUE,80,20,48425,,CtrlLinStateStartLate=started,19,34.4846,BOOST,-21.9394,TRUE,TRUE,FALSE,475,PA abnormal
2907,Radio 2271 B28,EM8A320510,7/28/2024 22:27,PA abnormal,pa_issues,,supervision,508,BF,TRUE,FALSE,on,13,49,37.7,105,CtrlGainStateTuned=started,47957,-24.2549,TRUE,-100,,,NA,lin-sv,40,FALSE,TRUE,,-24.2914,TRUE,5,-850,TRUE,DPD_STATUS_OK,,-28.2294,TRUE,TRUE,80,20,48375,,CtrlLinStateStarted=started,19,32.2086,BOOST,-24.5526,TRUE,TRUE,FALSE,484,PA abnormal
2908,Radio 2271 B28,EM8A320510,7/28/2024 22:27,PA abnormal,pa_issues,,supervision,518,BF,TRUE,FALSE,on,21,49,37.9,108,CtrlGainStateTuned=started,48078,-8.6511,TRUE,-120,,,DPD_SCHD_MEAS_STATUS_TOR_ADC_ERR_B,lin-sv,40,FALSE,TRUE,,-8.5803,TRUE,5,-850,TRUE,DPD_STATUS_FAIL,,-13.9694,FALSE,TRUE,80,20,48425,,CtrlLinStateStartLate=started,19,47.7197,BOOST,-8.5826,TRUE,TRUE,FALSE,496,PA abnormal
2909,Radio 2271 B28,EM8A320510,7/28/2024 23:06,PA abnormal,pa_issues,,supervision,604,BF,TRUE,FALSE,on,14,49,34.6,102,CtrlGainStateTuned=started,48027,-9.4724,TRUE,0,,,DPD_SCHD_MEAS_STATUS_TOR_ADC_ERR_B,lin-sv,40,FALSE,TRUE,,-9.3773,TRUE,7,-850,TRUE,DPD_STATUS_FAIL,,-14.4941,FALSE,TRUE,80,20,48375,,CtrlLinStateStartLate=started,19,48.1227,BOOST,-9.2096,TRUE,TRUE,FALSE,424,PA abnormal
2910,Radio 2271 B28,EM8A320510,7/28/2024 23:07,PA abnormal,pa_issues,,supervision,572,BF,TRUE,FALSE,on,14,49,34.7,101,CtrlGainStateTuned=started,48093,-17.3726,TRUE,-20,,,NA,lin-sv,40,FALSE,TRUE,,-17.389,TRUE,5,-850,TRUE,DPD_STATUS_OK,,-20.907,FALSE,TRUE,80,21,48375,,CtrlLinStateStartLate=started,19,39.911,BOOST,-16.9477,TRUE,TRUE,FALSE,445,PA abnormal
2911,Radio 2271 B28,EM8A320510,7/28/2024 23:08,PA abnormal,pa_issues,,supervision,384,BF,TRUE,FALSE,on,18,49,35,99,CtrlGainStateTuned=started,48007,-8.8483,TRUE,-40,,,DPD_SCHD_MEAS_STATUS_TOR_ADC_ERR_B,lin-sv,40,FALSE,TRUE,,-8.87,TRUE,5,-850,TRUE,DPD_STATUS_FAIL,,-14.507,TRUE,TRUE,80,21,48304,,CtrlLinStateStarted=started,19,48.23,BOOST,-8.9016,TRUE,TRUE,FALSE,463,PA abnormal
2912,Radio 2271 B28,EM8A320510,7/28/2024 23:20,PA abnormal,pa_issues,,supervision,176,BF,TRUE,FALSE,on,21,49,40.4,111,CtrlGainStateTuned=started,47972,-10.0506,TRUE,-60,,,DPD_SCHD_MEAS_STATUS_TOR_ADC_ERR_B,lin-sv,40,FALSE,TRUE,,-9.82,TRUE,5,-850,TRUE,DPD_STATUS_FAIL,,-15.569,FALSE,TRUE,80,19,48304,,CtrlLinStateStartLate=started,19,47.08,NORMAL,-10.1416,TRUE,TRUE,FALSE,358,PA abnormal
2913,Radio 2271 B28,EM8A320510,7/28/2024 23:20,PA abnormal,pa_issues,,supervision,475,BF,TRUE,FALSE,on,19,49,40.2,111,CtrlGainStateTuned=started,48058,-17.138,TRUE,-80,,,NA,lin-sv,40,FALSE,TRUE,,-17.0492,TRUE,5,-850,TRUE,DPD_STATUS_OK,,-20.8852,TRUE,TRUE,80,20,48441,,CtrlLinStateStarted=started,19,39.6508,BOOST,-16.9301,TRUE,TRUE,FALSE,448,PA abnormal
2914,Radio 2271 B28,EM8A320510,7/28/2024 23:21,PA abnormal,pa_issues,,supervision,446,BF,TRUE,FALSE,on,21,49,40.1,108,CtrlGainStateTuned=started,48007,-8.9357,TRUE,-100,,,DPD_SCHD_MEAS_STATUS_TOR_ADC_ERR_B,lin-sv,40,FALSE,TRUE,,-8.9502,TRUE,5,-850,TRUE,DPD_STATUS_FAIL,,-14.4427,TRUE,TRUE,80,21,48375,,CtrlLinStateStarted=started,19,47.5498,BOOST,-8.7782,TRUE,TRUE,FALSE,466,PA abnormal
2915,Radio 2271 B28,EM8A320510,7/28/2024 23:21,PA abnormal,pa_issues,,supervision,485,BF,TRUE,FALSE,on,21,49,40,110,CtrlGainStateTuned=started,48093,-9.3984,TRUE,-120,,,DPD_SCHD_MEAS_STATUS_TOR_ADC_ERR_B,lin-sv,40,FALSE,TRUE,,-9.2158,TRUE,5,-850,TRUE,DPD_STATUS_FAIL,,-14.5821,TRUE,TRUE,80,20,48375,,CtrlLinStateStarted=started,19,47.0842,BOOST,-9.4646,TRUE,TRUE,FALSE,490,PA abnormal
2916,Radio 2271 B28,EM8A320510,7/28/2024 23:21,PA abnormal,pa_issues,,supervision,292,BF,TRUE,FALSE,on,17,49,40.1,109,CtrlGainStateTuned=started,48058,-27.8681,TRUE,-140,,,NA,lin-sv,40,FALSE,TRUE,,-27.7486,TRUE,5,-850,TRUE,DPD_STATUS_OK,,-34.3326,FALSE,TRUE,80,20,48355,,CtrlLinStateStartLate=started,19,28.3514,BOOST,-29.7567,TRUE,TRUE,FALSE,478,PA abnormal
2917,Radio 2271 B28,EM8A320510,7/28/2024 23:22,PA abnormal,pa_issues,,supervision,400,BF,TRUE,FALSE,on,14,49,40.1,110,CtrlGainStateTuned=started,47972,-18.2314,TRUE,-160,,,NA,lin-sv,40,FALSE,TRUE,,-18.1609,TRUE,5,-850,TRUE,DPD_STATUS_OK,,-22.2397,FALSE,TRUE,80,20,48375,,CtrlLinStateStartLate=started,19,37.7391,BOOST,-18.7669,TRUE,TRUE,FALSE,529,PA abnormal
2918,Radio 2271 B28,EM8A320510,7/28/2024 23:22,PA abnormal,pa_issues,,supervision,458,BF,TRUE,FALSE,on,21,49,40.1,113,CtrlGainStateTuned=started,48058,-9.2677,TRUE,-180,,,DPD_SCHD_MEAS_STATUS_TOR_ADC_ERR_B,lin-sv,40,FALSE,TRUE,,-8.78,TRUE,5,-850,TRUE,DPD_STATUS_FAIL,,-14.565,FALSE,TRUE,80,20,48375,,CtrlLinStateStartLate=started,19,46.92,BOOST,-9.336,TRUE,TRUE,FALSE,514,PA abnormal
2919,Radio 2271 B28,EM8A320510,7/29/2024 12:28,PA abnormal,pa_issues,,supervision,394,BF,TRUE,FALSE,on,9,49,30.7,91,CtrlGainStateTuned=started,48058,-25.4633,TRUE,0,,,NA,lin-sv,40,FALSE,TRUE,,-25.3853,TRUE,10,-850,TRUE,DPD_STATUS_OK,,-29.0891,TRUE,TRUE,80,22,48410,,CtrlLinStateStarted=started,19,32.1147,BOOST,-25.4704,TRUE,TRUE,FALSE,427,PA abnormal
2920,Radio 2271 B28,EM8A320510,7/29/2024 13:06,PA abnormal,pa_issues,,supervision,579,BF,TRUE,FALSE,on,18,49,31.9,96,CtrlGainStateTuned=started,48027,-19.9423,TRUE,-20,,,NA,lin-sv,40,FALSE,TRUE,,-19.862,TRUE,12,-850,TRUE,DPD_STATUS_OK,,-22.7569,FALSE,TRUE,80,21,48425,,CtrlLinStateStartLate=started,19,37.438,BOOST,-19.2125,TRUE,TRUE,FALSE,433,PA abnormal
2921,Radio 2271 B28,EM8A320510,7/29/2024 13:07,PA abnormal,pa_issues,,supervision,441,BF,TRUE,FALSE,on,9,49,32.1,96,CtrlGainStateTuned=started,47992,-20.1038,TRUE,-40,,,NA,lin-sv,40,FALSE,TRUE,,-19.9592,TRUE,5,-850,TRUE,DPD_STATUS_OK,,-23.2897,TRUE,TRUE,80,21,48460,,CtrlLinStateStarted=started,19,37.1408,BOOST,-19.9466,TRUE,TRUE,FALSE,469,PA abnormal
2922,Radio 2271 B28,EM8A320510,7/29/2024 13:08,PA abnormal,pa_issues,,supervision,619,BF,TRUE,FALSE,on,20,49,32.4,100,CtrlGainStateTuned=started,48042,-16.927,TRUE,-60,,,NA,lin-sv,40,FALSE,TRUE,,-16.9048,TRUE,5,-850,TRUE,DPD_STATUS_OK,,-21.6825,TRUE,TRUE,80,21,48339,,CtrlLinStateStarted=started,19,39.9952,BOOST,-16.8759,TRUE,TRUE,FALSE,472,PA abnormal
2923,Radio 2271 B28,EM8A320510,7/29/2024 13:08,PA abnormal,pa_issues,,supervision,605,BF,TRUE,FALSE,on,20,49,32.7,102,CtrlGainStateTuned=started,48058,-9.1926,TRUE,-80,,,DPD_SCHD_MEAS_STATUS_TOR_ADC_ERR_B,lin-sv,40,FALSE,TRUE,,-8.9103,TRUE,5,-850,TRUE,DPD_STATUS_FAIL,,-14.5034,FALSE,TRUE,80,20,48320,,CtrlLinStateStartLate=started,19,47.7897,BOOST,-9.0776,TRUE,TRUE,FALSE,463,PA abnormal
2924,Radio 2271 B28,EM8A320510,7/29/2024 13:08,PA abnormal,pa_issues,,supervision,588,BF,TRUE,FALSE,on,20,49,32.8,102,CtrlGainStateTuned=started,47937,-8.951,TRUE,-100,,,DPD_SCHD_MEAS_STATUS_TOR_ADC_ERR_B,lin-sv,40,FALSE,TRUE,,-8.7169,TRUE,5,-850,TRUE,DPD_STATUS_FAIL,,-14.2712,FALSE,TRUE,80,21,48304,,CtrlLinStateStartLate=started,19,47.7831,BOOST,-8.9594,TRUE,TRUE,FALSE,505,PA abnormal
2925,Radio 2271 B28,EM8A320510,7/29/2024 13:09,PA abnormal,pa_issues,,supervision,594,BF,TRUE,FALSE,on,20,49,33,104,CtrlGainStateTuned=started,47937,-9.7251,TRUE,-120,,,DPD_SCHD_MEAS_STATUS_TOR_ADC_ERR_B,lin-sv,40,FALSE,TRUE,,-9.004,TRUE,5,-850,TRUE,DPD_STATUS_FAIL,,-14.8191,FALSE,TRUE,80,21,48410,,CtrlLinStateStartLate=started,19,47.296,BOOST,-9.8108,TRUE,TRUE,FALSE,499,PA abnormal
2926,Radio 2271 B28,EM8A320510,7/29/2024 13:34,PA abnormal,pa_issues,,supervision,530,BF,TRUE,FALSE,on,21,49,36.3,105,CtrlGainStateTuned=started,47972,-22.5199,TRUE,0,,,NA,lin-sv,40,FALSE,TRUE,,-22.5768,TRUE,8,-850,TRUE,DPD_STATUS_OK,,-25.7763,FALSE,TRUE,80,21,48425,,CtrlLinStateStartLate=started,19,34.9232,BOOST,-22.5646,TRUE,TRUE,FALSE,400,PA abnormal
2927,Radio 2271 B28,EM8A320510,7/29/2024 14:39,PA abnormal,pa_issues,,supervision,279,BF,TRUE,FALSE,on,8,47.2,34.3,103,CtrlGainStateTuned=started,45886,-18.3762,TRUE,-20,,,NA,lin-sv,40,FALSE,TRUE,,-18.3577,TRUE,8,-850,TRUE,DPD_STATUS_OK,,-22.7602,TRUE,TRUE,40,24,46234,,CtrlLinStateStarted=started,19,37.1423,BOOST,-18.7466,TRUE,TRUE,FALSE,430,PA abnormal
2928,Radio 2271 B28,EM8A320510,7/29/2024 16:55,PA abnormal,pa_issues,,supervision,154,BF,TRUE,FALSE,on,22,47.2,29.9,88,CtrlGainStateTuned=started,45937,-9.9022,TRUE,0,,,DPD_SCHD_MEAS_STATUS_TOR_ADC_ERR_B,lin-sv,40,FALSE,TRUE,,-9.766,TRUE,5,-850,TRUE,DPD_STATUS_FAIL,,-15.3012,FALSE,TRUE,40,24,46304,,CtrlLinStateStartLate=started,19,45.934,NORMAL,-9.6922,TRUE,TRUE,FALSE,331,PA abnormal
2929,Radio 2271 B28,EM8A320510,7/29/2024 18:13,PA abnormal,pa_issues,,supervision,445,BF,TRUE,FALSE,on,21,47.2,27.8,90,CtrlGainStateTuned=started,45902,-19.8816,TRUE,0,,,NA,lin-sv,40,FALSE,TRUE,,-19.7907,TRUE,11,-850,TRUE,DPD_STATUS_OK,,-23.4562,TRUE,TRUE,40,24,46339,,CtrlLinStateStarted=started,19,35.9093,BOOST,-19.7653,TRUE,TRUE,FALSE,442,PA abnormal
2930,Radio 2271 B28,EM8A320510,7/29/2024 18:25,PA abnormal,pa_issues,,supervision,165,BF,TRUE,FALSE,on,13,47.2,27.6,87,CtrlGainStateTuned=started,46007,-9.8851,TRUE,-20,,,DPD_SCHD_MEAS_STATUS_TOR_ADC_ERR_B,lin-sv,40,FALSE,TRUE,,-9.9435,TRUE,5,-850,TRUE,DPD_STATUS_FAIL,,-15.3914,TRUE,TRUE,40,24,46339,,CtrlLinStateStarted=started,19,45.5565,NORMAL,-10.0245,TRUE,TRUE,FALSE,415,PA abnormal
2931,Radio 2271 B28,EM8A320510,7/29/2024 20:10,PA abnormal,pa_issues,,supervision,707,BF,TRUE,FALSE,on,14,47.2,26.1,87,CtrlGainStateTuned=started,46058,-23.3665,TRUE,-20,,,NA,lin-sv,40,FALSE,TRUE,,-23.3709,TRUE,15,-850,TRUE,DPD_STATUS_OK,,-26.5932,TRUE,TRUE,40,24,46269,,CtrlLinStateStarted=started,19,32.1291,BOOST,-22.7007,TRUE,TRUE,FALSE,421,PA abnormal
2932,Radio 2271 B28,EM8A320510,7/29/2024 20:36,PA abnormal,pa_issues,,supervision,619,BF,TRUE,FALSE,on,21,47.2,27.7,95,CtrlGainStateTuned=started,45921,-10.0829,TRUE,-40,,,DPD_SCHD_MEAS_STATUS_TOR_ADC_ERR_B,lin-sv,40,FALSE,TRUE,,-10.0982,TRUE,15,-850,TRUE,DPD_STATUS_FAIL,,-15.3483,FALSE,TRUE,40,24,46250,,CtrlLinStateStartLate=started,19,45.2018,BOOST,-10.1853,TRUE,TRUE,FALSE,451,PA abnormal
2933,Radio 2271 B28,EM8A320510,7/29/2024 20:36,PA abnormal,pa_issues,,supervision,692,BF,TRUE,FALSE,on,21,47.2,27.9,93,CtrlGainStateTuned=started,46058,-10.0731,TRUE,-60,,,DPD_SCHD_MEAS_STATUS_TOR_ADC_ERR_B,lin-sv,40,FALSE,TRUE,,-10.0631,TRUE,5,-850,TRUE,DPD_STATUS_FAIL,,-15.6054,FALSE,TRUE,40,24,46375,,CtrlLinStateStartLate=started,19,45.0369,BOOST,-10.2526,TRUE,TRUE,FALSE,451,PA abnormal
2934,Radio 2271 B28,EM8A320510,7/29/2024 20:36,PA abnormal,pa_issues,,supervision,438,BF,TRUE,FALSE,on,9,47.2,28,96,CtrlGainStateTuned=started,45937,-19.3669,TRUE,-80,,,NA,lin-sv,40,FALSE,TRUE,,-19.33,TRUE,5,-850,TRUE,DPD_STATUS_OK,,-22.9073,FALSE,TRUE,40,24,46269,,CtrlLinStateStartLate=started,19,35.57,BOOST,-18.9946,TRUE,TRUE,FALSE,466,PA abnormal
2935,Radio 2271 B28,EM8A320510,7/29/2024 20:37,PA abnormal,pa_issues,,supervision,58,BF,TRUE,FALSE,on,11,47.2,27.8,97,CtrlGainStateTuned=started,46078,-11.3248,TRUE,-100,,,DPD_SCHD_MEAS_STATUS_TOR_ADC_ERR_B,lin-sv,40,FALSE,TRUE,,-11.3235,TRUE,5,-850,TRUE,DPD_STATUS_FAIL,,-15.7771,TRUE,TRUE,40,24,46285,,CtrlLinStateStarted=started,19,43.3765,NORMAL,-11.3647,TRUE,TRUE,FALSE,544,PA abnormal
2936,Radio 2271 B28,EM8A320510,7/30/2024 23:22,PA abnormal,pa_issues,,supervision,107,BF,TRUE,FALSE,on,20,47.2,23,60,CtrlGainStateTuned=started,46023,-10.4004,TRUE,0,,,DPD_SCHD_MEAS_STATUS_TOR_ADC_ERR_B,lin-sv,40,FALSE,TRUE,,-10.066,TRUE,8,-850,TRUE,DPD_STATUS_FAIL,,-16.2163,FALSE,TRUE,40,24,46269,,CtrlLinStateStartLate=started,19,45.634,NORMAL,-10.211,TRUE,TRUE,FALSE,286,PA abnormal
2937,Radio 2271 B28,EM8A320510,7/30/2024 23:58,PA abnormal,pa_issues,,supervision,784,BF,TRUE,FALSE,on,21,47.2,23.4,82,CtrlGainStateTuned=started,45937,-19.3748,TRUE,-20,,,NA,lin-sv,40,FALSE,TRUE,,-19.281,TRUE,14,-850,TRUE,DPD_STATUS_OK,,-23.3316,FALSE,TRUE,40,24,46285,,CtrlLinStateStartLate=started,19,36.219,BOOST,-19.9088,TRUE,TRUE,FALSE,475,PA abnormal
2938,Radio 2271 B28,EM8A320510,7/30/2024 23:58,PA abnormal,pa_issues,,supervision,794,BF,TRUE,FALSE,on,21,47.2,23.5,80,CtrlGainStateTuned=started,46042,-10.1076,TRUE,-40,,,DPD_SCHD_MEAS_STATUS_TOR_ADC_ERR_B,lin-sv,40,FALSE,TRUE,,-10.2071,TRUE,5,-850,TRUE,DPD_STATUS_FAIL,,-15.3343,FALSE,TRUE,40,24,46355,,CtrlLinStateStartLate=started,19,45.0929,BOOST,-10.0748,TRUE,TRUE,FALSE,502,PA abnormal
2939,Radio 2271 B28,EM8A320510,7/30/2024 23:58,PA abnormal,pa_issues,,supervision,771,BF,TRUE,FALSE,on,18,47.2,23.8,81,CtrlGainStateTuned=started,46058,-12.9988,TRUE,-60,,,NA,lin-sv,40,FALSE,TRUE,,-13.0364,TRUE,5,-850,TRUE,DPD_STATUS_OK,,-17.8123,FALSE,TRUE,40,25,46339,,CtrlLinStateStartLate=started,19,42.0636,BOOST,-13.1997,TRUE,TRUE,FALSE,541,PA abnormal
2940,Radio 2271 B28,EM8A320510,7/30/2024 23:59,PA abnormal,pa_issues,,supervision,754,BF,TRUE,FALSE,on,21,47.2,24.1,83,CtrlGainStateTuned=started,45957,-10.0302,TRUE,-80,,,DPD_SCHD_MEAS_STATUS_TOR_ADC_ERR_B,lin-sv,40,FALSE,TRUE,,-10.0209,TRUE,5,-850,TRUE,DPD_STATUS_FAIL,,-14.9722,FALSE,TRUE,40,24,46304,,CtrlLinStateStartLate=started,19,44.8791,BOOST,-9.932,TRUE,TRUE,FALSE,538,PA abnormal
2941,Radio 2271 B28,EM8A320510,7/30/2024 23:59,PA abnormal,pa_issues,,supervision,758,BF,TRUE,FALSE,on,20,47.2,24.3,87,CtrlGainStateTuned=started,46007,-10.5953,TRUE,-100,,,DPD_SCHD_MEAS_STATUS_TOR_ADC_ERR_B,lin-sv,40,FALSE,TRUE,,-10.5497,TRUE,5,-850,TRUE,DPD_STATUS_FAIL,,-15.6653,FALSE,TRUE,40,24,46285,,CtrlLinStateStartLate=started,19,44.1503,BOOST,-10.742,TRUE,TRUE,FALSE,541,PA abnormal
2942,Radio 2271 B28,EM8A320510,7/31/2024 0:14,PA abnormal,pa_issues,,supervision,774,BF,TRUE,FALSE,on,21,47.2,23.9,88,CtrlGainStateTuned=started,46042,-10.0314,TRUE,-120,,,DPD_SCHD_MEAS_STATUS_TOR_ADC_ERR_B,lin-sv,40,FALSE,TRUE,,-10.0646,TRUE,10,-850,TRUE,DPD_STATUS_FAIL,,-15.2116,FALSE,TRUE,40,24,46320,,CtrlLinStateStartLate=started,19,44.4354,BOOST,-10.2164,TRUE,TRUE,FALSE,571,PA abnormal
2943,Radio 2271 B28,EM8A320510,7/31/2024 1:40,PA abnormal,pa_issues,,supervision,766,BF,TRUE,FALSE,on,21,47.2,24,82,CtrlGainStateTuned=started,45937,-18.7526,TRUE,0,,,NA,lin-sv,40,FALSE,TRUE,,-18.7196,TRUE,19,-850,TRUE,DPD_STATUS_OK,,-22.4576,FALSE,TRUE,40,24,46304,,CtrlLinStateStartLate=started,19,36.9804,BOOST,-19.1112,TRUE,TRUE,FALSE,463,PA abnormal
2944,Radio 2271 B28,EM8A320510,7/31/2024 1:40,PA abnormal,pa_issues,,supervision,585,BF,TRUE,FALSE,on,18,47.2,24.1,77,CtrlGainStateTuned=started,46058,-11.4777,TRUE,-20,,,DPD_SCHD_MEAS_STATUS_TOR_ADC_ERR_B,lin-sv,40,FALSE,TRUE,,-11.5016,TRUE,5,-850,TRUE,DPD_STATUS_FAIL,,-16.6968,FALSE,TRUE,40,24,46390,,CtrlLinStateStartLate=started,19,43.9984,BOOST,-11.3968,TRUE,TRUE,FALSE,460,PA abnormal
2945,Radio 2271 B28,EM8A320510,7/31/2024 13:58,PA abnormal,pa_issues,,supervision,368,BF,TRUE,FALSE,on,18,47.2,28.9,86,CtrlGainStateTuned=started,45972,-27.3187,TRUE,0,,,NA,lin-sv,40,FALSE,TRUE,,-27.3208,TRUE,26,-850,TRUE,DPD_STATUS_OK,,-30.6996,TRUE,TRUE,40,25,46320,,CtrlLinStateStarted=started,19,28.3792,BOOST,-27.2359,TRUE,TRUE,FALSE,421,PA abnormal
2946,Radio 2271 B28,EM8A320510,7/31/2024 14:24,PA abnormal,pa_issues,,supervision,602,BF,TRUE,FALSE,on,13,47.2,28.6,90,CtrlGainStateTuned=started,46023,-22.3405,TRUE,-20,,,NA,lin-sv,40,FALSE,TRUE,,-22.2194,TRUE,7,-850,TRUE,DPD_STATUS_OK,,-25.7635,TRUE,TRUE,40,25,46406,,CtrlLinStateStarted=started,19,33.2806,BOOST,-22.2631,TRUE,TRUE,FALSE,412,PA abnormal
2947,Radio 2271 B28,EM8A320510,7/31/2024 14:25,PA abnormal,pa_issues,,supervision,677,BF,TRUE,FALSE,on,21,47.2,29,90,CtrlGainStateTuned=started,45957,-10.172,TRUE,-40,,,DPD_SCHD_MEAS_STATUS_TOR_ADC_ERR_B,lin-sv,40,FALSE,TRUE,,-10.2119,TRUE,5,-850,TRUE,DPD_STATUS_FAIL,,-16.0553,TRUE,TRUE,40,24,46320,,CtrlLinStateStarted=started,19,45.0881,BOOST,-10.2837,TRUE,TRUE,FALSE,400,PA abnormal
2948,Radio 2271 B28,EM8A320510,7/31/2024 14:25,PA abnormal,pa_issues,,supervision,554,BF,TRUE,FALSE,on,21,47.2,29.2,91,CtrlGainStateTuned=started,45902,-9.9071,TRUE,-60,,,DPD_SCHD_MEAS_STATUS_TOR_ADC_ERR_B,lin-sv,40,FALSE,TRUE,,-9.955,TRUE,5,-850,TRUE,DPD_STATUS_FAIL,,-15.2065,TRUE,TRUE,40,25,46269,,CtrlLinStateStarted=started,19,45.145,BOOST,-10.0176,TRUE,TRUE,FALSE,475,PA abnormal
2949,Radio 2271 B28,EM8A320510,7/31/2024 14:26,PA abnormal,pa_issues,,supervision,293,BF,TRUE,FALSE,on,9,47.2,28.8,88,CtrlGainStateTuned=started,46007,-25.7507,TRUE,-80,,,NA,lin-sv,40,FALSE,TRUE,,-25.788,TRUE,5,-850,TRUE,DPD_STATUS_OK,,-29.363,TRUE,TRUE,40,24,46339,,CtrlLinStateStarted=started,19,29.112,BOOST,-25.5713,TRUE,TRUE,FALSE,508,PA abnormal
2950,Radio 2271 B28,EM8A320510,7/31/2024 14:26,PA abnormal,pa_issues,,supervision,702,BF,TRUE,FALSE,on,21,47.2,28.8,93,CtrlGainStateTuned=started,45902,-28.3677,TRUE,-100,,,NA,lin-sv,40,FALSE,TRUE,,-28.2837,TRUE,5,-850,TRUE,DPD_STATUS_OK,,-35.2179,TRUE,TRUE,40,24,46250,,CtrlLinStateStarted=started,19,26.4163,BOOST,-30.8347,TRUE,TRUE,FALSE,511,PA abnormal
2951,Radio 2271 B28,EM8A320510,7/31/2024 14:57,PA abnormal,pa_issues,,supervision,739,BF,TRUE,FALSE,on,21,47.2,27.4,92,CtrlGainStateTuned=started,45992,-9.8764,TRUE,-120,,,DPD_SCHD_MEAS_STATUS_TOR_ADC_ERR_B,lin-sv,40,FALSE,TRUE,,-9.8695,TRUE,9,-850,TRUE,DPD_STATUS_FAIL,,-14.7922,TRUE,TRUE,40,25,46355,,CtrlLinStateStarted=started,19,44.6305,BOOST,-9.8802,TRUE,TRUE,FALSE,568,PA abnormal
2952,Radio 2271 B28,EM8A320510,7/31/2024 15:16,PA abnormal,pa_issues,,supervision,686,BF,TRUE,FALSE,on,21,47.2,28.3,95,CtrlGainStateTuned=started,45902,-9.7791,TRUE,-140,,,DPD_SCHD_MEAS_STATUS_TOR_ADC_ERR_B,lin-sv,40,FALSE,TRUE,,-9.8001,TRUE,5,-850,TRUE,DPD_STATUS_FAIL,,-14.8879,TRUE,TRUE,40,25,46320,,CtrlLinStateStarted=started,19,44.4999,BOOST,-9.6364,TRUE,TRUE,FALSE,538,PA abnormal
2954,Radio 2271 B28,EM8A343071,8/3/2024 3:44,PA abnormal,pa_issues,,ramping timeout,209,BF,TRUE,FALSE,off,75,47.2,38.8,141,CtrlGainStateRamping=starting,45937,-14.661,TRUE,0,,,NA,lin-ramping,40,FALSE,TRUE,,-21.788,TRUE,1,-850,TRUE,DPD_STATUS_OK,,-19.0181,FALSE,TRUE,40,48,46148,,ns=stopped,5,33.912,NORMAL,-15.0507,TRUE,TRUE,FALSE,1905,PA abnormal
2955,Radio 2271 B28,EM8A343071,8/4/2024 10:01,PA abnormal,pa_issues,,supervision,78,BF,TRUE,FALSE,on,28,47.2,33.3,109,CtrlGainStateTuned=started,45957,-24.2995,TRUE,0,,,NA,lin-sv,40,FALSE,TRUE,,-24.3435,TRUE,100,-850,TRUE,DPD_STATUS_OK,,-26.4778,FALSE,TRUE,40,23,46199,,CtrlLinStateStartLate=started,5,31.3565,NORMAL,-23.4072,TRUE,TRUE,FALSE,433,PA abnormal
2956,Radio 2271 B28,EM8A343071,8/4/2024 12:19,PA abnormal,pa_issues,,supervision,418,BF,TRUE,FALSE,on,29,47.2,39,123,CtrlGainStateTuned=started,46007,-10.228,TRUE,0,,,DPD_SCHD_MEAS_STATUS_TOR_ADC_ERR_B,lin-sv,40,FALSE,TRUE,,-10.2791,TRUE,13,-850,TRUE,DPD_STATUS_FAIL,,-14.7717,TRUE,TRUE,40,23,46128,,CtrlLinStateStarted=started,5,45.4209,BOOST,-10.1167,TRUE,TRUE,FALSE,460,PA abnormal
2957,Radio 2271 B28,EM8A343071,8/4/2024 15:37,PA abnormal,pa_issues,,supervision,142,BF,TRUE,FALSE,on,28,47.2,35.8,116,CtrlGainStateTuned=started,46042,-9.8833,TRUE,0,,,DPD_SCHD_MEAS_STATUS_TOR_ADC_ERR_B,lin-sv,40,FALSE,TRUE,,-9.9365,TRUE,13,-850,TRUE,DPD_STATUS_FAIL,,-15.1287,FALSE,TRUE,40,22,46113,,CtrlLinStateStartLate=started,5,45.7635,NORMAL,-9.9948,TRUE,TRUE,FALSE,388,PA abnormal
2958,Radio 2271 B28,EM8A343071,8/4/2024 16:51,PA abnormal,pa_issues,,supervision,138,BF,TRUE,FALSE,on,28,47.2,38.7,121,CtrlGainStateTuned=started,45902,-18.6806,TRUE,0,,,NA,lin-sv,40,FALSE,TRUE,,-18.5103,TRUE,5,-850,TRUE,DPD_STATUS_OK,,-22.0875,FALSE,TRUE,40,22,46199,,CtrlLinStateStartLate=started,5,37.1897,NORMAL,-18.9611,TRUE,TRUE,FALSE,394,PA abnormal
2959,Radio 2271 B28,EM8A343071,8/4/2024 19:07,PA abnormal,pa_issues,,supervision,171,BF,TRUE,FALSE,on,30,47.2,46.8,130,CtrlGainStateTuned=started,45957,-10.5253,TRUE,0,,,DPD_SCHD_MEAS_STATUS_TOR_ADC_ERR_B,lin-sv,40,FALSE,TRUE,,-10.5796,TRUE,7,-850,TRUE,DPD_STATUS_FAIL,,-14.7647,FALSE,TRUE,40,22,46214,,CtrlLinStateStartLate=started,5,45.1204,NORMAL,-10.3741,TRUE,TRUE,FALSE,385,PA abnormal
2960,Radio 2271 B28,EM8A343071,8/4/2024 19:42,PA abnormal,pa_issues,,supervision,166,BF,TRUE,FALSE,on,30,47.2,44.6,127,CtrlGainStateTuned=started,45867,-10.1654,TRUE,-20,,,DPD_SCHD_MEAS_STATUS_TOR_ADC_ERR_B,lin-sv,40,FALSE,TRUE,,-10.1731,TRUE,5,-850,TRUE,DPD_STATUS_FAIL,,-14.7766,FALSE,TRUE,40,22,46199,,CtrlLinStateStartLate=started,5,45.3269,NORMAL,-10.0426,TRUE,TRUE,FALSE,388,PA abnormal
2961,Radio 2271 B28,EM8A343071,8/4/2024 19:42,PA abnormal,pa_issues,,supervision,169,BF,TRUE,FALSE,on,29,47.2,44.8,129,CtrlGainStateTuned=started,45992,-10.4807,TRUE,-40,,,DPD_SCHD_MEAS_STATUS_TOR_ADC_ERR_B,lin-sv,40,FALSE,TRUE,,-10.4865,TRUE,5,-850,TRUE,DPD_STATUS_FAIL,,-14.8163,FALSE,TRUE,40,22,46078,,CtrlLinStateStartLate=started,5,44.8135,NORMAL,-10.4283,TRUE,TRUE,FALSE,442,PA abnormal
2962,Radio 2271 B28,EM8A343071,8/4/2024 19:42,PA abnormal,pa_issues,,supervision,170,BF,TRUE,FALSE,on,29,47.2,45,129,CtrlGainStateTuned=started,46023,-9.7502,TRUE,-60,,,DPD_SCHD_MEAS_STATUS_TOR_ADC_ERR_B,lin-sv,40,FALSE,TRUE,,-9.7625,TRUE,5,-850,TRUE,DPD_STATUS_FAIL,,-14.15,FALSE,TRUE,40,22,46128,,CtrlLinStateStartLate=started,5,45.3375,NORMAL,-9.6646,TRUE,TRUE,FALSE,451,PA abnormal
2963,Radio 2271 B28,EM8A343071,8/4/2024 20:29,PA abnormal,pa_issues,,supervision,166,BF,TRUE,FALSE,on,29,47.2,43.1,129,CtrlGainStateTuned=started,46007,-9.3165,TRUE,-80,,,DPD_SCHD_MEAS_STATUS_TOR_ADC_ERR_B,lin-sv,40,FALSE,TRUE,,-9.3179,TRUE,10,-850,TRUE,DPD_STATUS_FAIL,,-14.3151,FALSE,TRUE,40,22,46078,,CtrlLinStateStartLate=started,5,45.5821,NORMAL,-9.5465,TRUE,TRUE,FALSE,460,PA abnormal
2964,Radio 2271 B28,EM8A343071,8/5/2024 1:01,PA abnormal,pa_issues,,supervision,170,BF,TRUE,FALSE,on,25,47.2,47.4,128,CtrlGainStateTuned=started,45902,-10.1611,TRUE,-20,,,DPD_SCHD_MEAS_STATUS_TOR_ADC_ERR_B,lin-sv,40,FALSE,TRUE,,-10.1721,TRUE,5,-850,TRUE,DPD_STATUS_FAIL,,-14.596,FALSE,TRUE,40,21,46148,,CtrlLinStateStartLate=started,5,45.3279,NORMAL,-10.2664,TRUE,TRUE,FALSE,376,PA abnormal
2965,Radio 2271 B28,EM8A343071,8/5/2024 4:44,PA abnormal,pa_issues,,supervision,174,BF,TRUE,FALSE,on,28,47.2,48.1,127,CtrlGainStateTuned=started,45937,-9.8943,TRUE,0,,,DPD_SCHD_MEAS_STATUS_TOR_ADC_ERR_B,lin-sv,40,FALSE,TRUE,,-9.8859,TRUE,5,-850,TRUE,DPD_STATUS_FAIL,,-14.9429,FALSE,TRUE,40,21,46148,,CtrlLinStateStartLate=started,5,45.8141,NORMAL,-9.7717,TRUE,TRUE,FALSE,244,PA abnormal
2966,Radio 2271 B28,EM8A343071,8/5/2024 5:01,PA abnormal,pa_issues,,supervision,271,BF,TRUE,FALSE,on,26,47.2,50.7,128,CtrlGainStateTuned=started,46007,-17.6277,TRUE,-20,,,NA,lin-sv,40,FALSE,TRUE,,-17.7013,TRUE,10,-850,TRUE,DPD_STATUS_OK,,-22.6929,TRUE,TRUE,40,22,46199,,CtrlLinStateStarted=started,5,37.7987,BOOST,-18.1738,TRUE,TRUE,FALSE,262,PA abnormal
2967,Radio 2271 B28,EM8A343071,8/5/2024 5:23,PA abnormal,pa_issues,,supervision,170,BF,TRUE,FALSE,on,28,47.2,45.9,128,CtrlGainStateTuned=started,46023,-10.0304,TRUE,-40,,,NA,lin-sv,40,FALSE,TRUE,,-10.0316,TRUE,7,-850,TRUE,DPD_STATUS_OK,,-14.9042,FALSE,TRUE,40,21,46093,,CtrlLinStateStartLate=started,5,45.2684,NORMAL,-9.9872,TRUE,TRUE,FALSE,361,PA abnormal
2968,Radio 2271 B28,EM8A343071,8/5/2024 5:23,PA abnormal,pa_issues,,supervision,167,BF,TRUE,FALSE,on,28,47.2,46,123,CtrlGainStateTuned=started,45992,-9.7421,TRUE,-60,,,DPD_SCHD_MEAS_STATUS_TOR_ADC_ERR_B,lin-sv,40,FALSE,TRUE,,-9.7284,TRUE,5,-850,TRUE,DPD_STATUS_FAIL,,-15.0159,FALSE,TRUE,40,21,46148,,CtrlLinStateStartLate=started,5,45.3716,NORMAL,-9.8516,TRUE,TRUE,FALSE,319,PA abnormal
2969,Radio 2271 B28,EM8A343071,8/5/2024 5:23,PA abnormal,pa_issues,,supervision,357,BF,TRUE,FALSE,on,28,47.2,46.2,127,CtrlGainStateTuned=started,45902,-11.581,TRUE,-80,,,DPD_SCHD_MEAS_STATUS_TOR_ADC_ERR_B,lin-sv,40,FALSE,TRUE,,-11.5641,TRUE,5,-850,TRUE,DPD_STATUS_FAIL,,-16.2541,FALSE,TRUE,40,21,46113,,CtrlLinStateStartLate=started,5,43.3359,BOOST,-11.5089,TRUE,TRUE,FALSE,370,PA abnormal
2970,Radio 2271 B28,EM8A343071,8/5/2024 5:24,PA abnormal,pa_issues,,supervision,169,BF,TRUE,FALSE,on,27,47.2,46.4,123,CtrlGainStateTuned=started,45992,-10.6764,TRUE,-100,,,DPD_SCHD_MEAS_STATUS_TOR_ADC_ERR_B,lin-sv,40,FALSE,TRUE,,-10.6719,TRUE,5,-850,TRUE,DPD_STATUS_FAIL,,-15.5143,FALSE,TRUE,40,21,46164,,CtrlLinStateStartLate=started,5,44.0281,NORMAL,-10.6363,TRUE,TRUE,FALSE,364,PA abnormal
2971,Radio 2271 B28,EM8A343071,8/5/2024 5:24,PA abnormal,pa_issues,,supervision,168,BF,TRUE,FALSE,on,28,47.2,46.6,130,CtrlGainStateTuned=started,46023,-9.8695,TRUE,-120,,,NA,lin-sv,40,FALSE,TRUE,,-9.868,TRUE,5,-850,TRUE,DPD_STATUS_OK,,-14.0529,FALSE,TRUE,40,21,46214,,CtrlLinStateStartLate=started,5,44.632,NORMAL,-9.8887,TRUE,TRUE,FALSE,463,PA abnormal
2972,Radio 2271 B28,EM8A343071,8/5/2024 5:24,PA abnormal,pa_issues,,supervision,171,BF,TRUE,FALSE,on,28,47.2,46.8,128,CtrlGainStateTuned=started,45867,-13.2666,TRUE,-140,,,NA,lin-sv,40,FALSE,TRUE,,-13.2554,TRUE,5,-850,TRUE,DPD_STATUS_OK,,-17.0503,FALSE,TRUE,40,21,46078,,CtrlLinStateStartLate=started,5,41.0446,NORMAL,-12.9722,TRUE,TRUE,FALSE,430,PA abnormal
2973,Radio 2271 B28,EM8A343071,8/5/2024 5:25,PA abnormal,pa_issues,,supervision,174,BF,TRUE,FALSE,on,28,47.2,47,130,CtrlGainStateTuned=started,45851,-11.0406,TRUE,-160,,,NA,lin-sv,40,FALSE,TRUE,,-11.089,TRUE,5,-850,TRUE,DPD_STATUS_OK,,-15.6793,FALSE,TRUE,40,21,46113,,CtrlLinStateStartLate=started,5,43.011,NORMAL,-11.3586,TRUE,TRUE,FALSE,472,PA abnormal
2974,Radio 2271 B28,EM8A343071,8/5/2024 5:25,PA abnormal,pa_issues,,supervision,172,BF,TRUE,FALSE,on,28,47.2,47.2,130,CtrlGainStateTuned=started,46007,-10.2936,TRUE,-180,,,DPD_SCHD_MEAS_STATUS_TOR_ADC_ERR_B,lin-sv,40,FALSE,TRUE,,-10.2909,TRUE,5,-850,TRUE,DPD_STATUS_FAIL,,-14.4038,FALSE,TRUE,40,21,46113,,CtrlLinStateStartLate=started,5,43.6091,NORMAL,-10.1083,TRUE,TRUE,FALSE,499,PA abnormal
2975,Radio 2271 B28,EM8A343071,8/5/2024 15:39,PA abnormal,pa_issues,,supervision,165,BF,TRUE,FALSE,on,27,47.2,45.6,124,CtrlGainStateTuned=started,45957,-10.7794,TRUE,0,,,DPD_SCHD_MEAS_STATUS_TOR_ADC_ERR_B,lin-sv,40,FALSE,TRUE,,-10.8241,TRUE,11,-850,TRUE,DPD_STATUS_FAIL,,-15.5004,FALSE,TRUE,40,21,46148,,CtrlLinStateStartLate=started,5,44.8759,NORMAL,-10.7955,TRUE,TRUE,FALSE,322,PA abnormal
2976,Radio 2271 B28,EM8A343071,8/5/2024 15:39,PA abnormal,pa_issues,,supervision,164,BF,TRUE,FALSE,on,27,47.2,45.6,123,CtrlGainStateTuned=started,45832,-9.9435,TRUE,-20,,,DPD_SCHD_MEAS_STATUS_TOR_ADC_ERR_B,lin-sv,40,FALSE,TRUE,,-9.9826,TRUE,5,-850,TRUE,DPD_STATUS_FAIL,,-15.0354,FALSE,TRUE,40,21,46042,,CtrlLinStateStartLate=started,5,45.5174,NORMAL,-10.009,TRUE,TRUE,FALSE,310,PA abnormal
2977,Radio 2271 B28,EM8A343071,8/5/2024 15:40,PA abnormal,pa_issues,,supervision,164,BF,TRUE,FALSE,on,27,47.2,45.7,121,CtrlGainStateTuned=started,45972,-10.8722,TRUE,-40,,,DPD_SCHD_MEAS_STATUS_TOR_ADC_ERR_B,lin-sv,40,FALSE,TRUE,,-10.8835,TRUE,5,-850,TRUE,DPD_STATUS_FAIL,,-16.0887,FALSE,TRUE,40,21,46113,,CtrlLinStateStartLate=started,5,44.4165,NORMAL,-11.1131,TRUE,TRUE,FALSE,307,PA abnormal
2978,Radio 2271 B28,EM8A343071,8/5/2024 15:40,PA abnormal,pa_issues,,supervision,163,BF,TRUE,FALSE,on,27,47.2,45.9,120,CtrlGainStateTuned=started,45851,-10.3856,TRUE,-60,,,DPD_SCHD_MEAS_STATUS_TOR_ADC_ERR_B,lin-sv,40,FALSE,TRUE,,-10.3809,TRUE,5,-850,TRUE,DPD_STATUS_FAIL,,-15.7333,FALSE,TRUE,40,21,46199,,CtrlLinStateStartLate=started,5,44.7191,NORMAL,-10.6138,TRUE,TRUE,FALSE,322,PA abnormal
2979,Radio 2271 B28,EM8A343071,8/5/2024 15:40,PA abnormal,pa_issues,,supervision,164,BF,TRUE,FALSE,on,27,47.2,45.9,121,CtrlGainStateTuned=started,46023,-9.7581,TRUE,-80,,,DPD_SCHD_MEAS_STATUS_TOR_ADC_ERR_B,lin-sv,40,FALSE,TRUE,,-9.7637,TRUE,5,-850,TRUE,DPD_STATUS_FAIL,,-14.9418,FALSE,TRUE,40,21,46148,,CtrlLinStateStartLate=started,5,45.1363,NORMAL,-9.8464,TRUE,TRUE,FALSE,349,PA abnormal
2980,Radio 2271 B28,EM8A343071,8/5/2024 15:41,PA abnormal,pa_issues,,supervision,388,BF,TRUE,FALSE,on,27,47.2,45.9,129,CtrlGainStateTuned=started,45832,-10.4084,TRUE,-100,,,DPD_SCHD_MEAS_STATUS_TOR_ADC_ERR_B,lin-sv,40,FALSE,TRUE,,-10.4153,TRUE,5,-850,TRUE,DPD_STATUS_FAIL,,-14.5778,FALSE,TRUE,40,21,46078,,CtrlLinStateStartLate=started,5,44.2847,BOOST,-10.4462,TRUE,TRUE,FALSE,475,PA abnormal
2981,Radio 2271 B28,EM8A343071,8/5/2024 15:41,PA abnormal,pa_issues,,supervision,170,BF,TRUE,FALSE,on,27,47.2,45.9,125,CtrlGainStateTuned=started,46023,-26.2739,TRUE,-120,,,NA,lin-sv,40,FALSE,TRUE,,-26.0905,TRUE,5,-850,TRUE,DPD_STATUS_OK,,-30.3973,FALSE,TRUE,40,22,46164,,CtrlLinStateStartLate=started,5,28.4095,NORMAL,-27.4034,TRUE,TRUE,FALSE,397,PA abnormal
2982,Radio 2271 B28,EM8A343071,8/5/2024 16:08,PA abnormal,pa_issues,,supervision,149,BF,TRUE,FALSE,on,26,47.2,40,117,CtrlGainStateTuned=started,45921,-17.4381,TRUE,0,,,DPD_SCHD_MEAS_STATUS_TOR_ADC_ERR_B,lin-sv,40,FALSE,TRUE,,-17.2923,TRUE,5,-850,TRUE,DPD_STATUS_FAIL,,-21.705,FALSE,TRUE,40,21,46164,,CtrlLinStateStartLate=started,5,38.4077,NORMAL,-18.6359,TRUE,TRUE,FALSE,331,PA abnormal
2983,Radio 2271 B28,EM8A343071,8/5/2024 22:29,PA abnormal,pa_issues,,supervision,164,BF,TRUE,FALSE,on,26,47.2,48.3,125,CtrlGainStateTuned=started,45992,-10.7479,TRUE,0,,,DPD_SCHD_MEAS_STATUS_TOR_ADC_ERR_B,lin-sv,40,FALSE,TRUE,,-10.757,TRUE,26,-850,TRUE,DPD_STATUS_FAIL,,-15.3852,FALSE,TRUE,40,20,46164,,CtrlLinStateStartLate=started,5,44.943,NORMAL,-10.5632,TRUE,TRUE,FALSE,250,PA abnormal
2984,Radio 2271 B28,EM8A343071,8/5/2024 22:29,PA abnormal,pa_issues,,supervision,163,BF,TRUE,FALSE,on,18,47.2,48.3,124,CtrlGainStateTuned=started,45957,-10.3429,TRUE,-20,,,DPD_SCHD_MEAS_STATUS_TOR_ADC_ERR_B,lin-sv,40,FALSE,TRUE,,-10.3691,TRUE,5,-850,TRUE,DPD_STATUS_FAIL,,-15.5398,FALSE,TRUE,40,20,46093,,CtrlLinStateStartLate=started,5,45.1309,NORMAL,-10.3791,TRUE,TRUE,FALSE,250,PA abnormal
2985,Radio 2271 B28,EM8A343071,8/5/2024 22:29,PA abnormal,pa_issues,,supervision,165,BF,TRUE,FALSE,on,26,47.2,48.3,124,CtrlGainStateTuned=started,46007,-10.3084,TRUE,-40,,,DPD_SCHD_MEAS_STATUS_TOR_ADC_ERR_B,lin-sv,40,FALSE,TRUE,,-10.319,TRUE,5,-850,TRUE,DPD_STATUS_FAIL,,-15.6492,FALSE,TRUE,40,21,46093,,CtrlLinStateStartLate=started,5,44.981,NORMAL,-10.2675,TRUE,TRUE,FALSE,235,PA abnormal
2986,Radio 2271 B28,EM8A343071,8/5/2024 22:30,PA abnormal,pa_issues,,supervision,323,BF,TRUE,FALSE,on,26,47.2,48.3,126,CtrlGainStateTuned=started,45937,-10.3943,TRUE,-60,,,DPD_SCHD_MEAS_STATUS_TOR_ADC_ERR_B,lin-sv,40,FALSE,TRUE,,-10.4161,TRUE,5,-850,TRUE,DPD_STATUS_FAIL,,-15.3156,FALSE,TRUE,40,20,46078,,CtrlLinStateStartLate=started,5,44.6839,BOOST,-10.2077,TRUE,TRUE,FALSE,313,PA abnormal
2987,Radio 2271 B28,EM8A343071,8/5/2024 22:30,PA abnormal,pa_issues,,supervision,324,BF,TRUE,FALSE,on,26,47.2,48.3,128,CtrlGainStateTuned=started,45886,-9.8349,TRUE,-80,,,DPD_SCHD_MEAS_STATUS_TOR_ADC_ERR_B,lin-sv,40,FALSE,TRUE,,-9.7777,TRUE,5,-850,TRUE,DPD_STATUS_FAIL,,-14.9071,FALSE,TRUE,40,20,46199,,CtrlLinStateStartLate=started,5,45.1223,BOOST,-9.7817,TRUE,TRUE,FALSE,319,PA abnormal
2988,Radio 2271 B28,EM8A343071,8/5/2024 22:30,PA abnormal,pa_issues,,supervision,169,BF,TRUE,FALSE,on,26,47.2,48.2,125,CtrlGainStateTuned=started,46023,-10.2014,TRUE,-100,,,DPD_SCHD_MEAS_STATUS_TOR_ADC_ERR_B,lin-sv,40,FALSE,TRUE,,-10.2064,TRUE,5,-850,TRUE,DPD_STATUS_FAIL,,-15.3303,FALSE,TRUE,40,20,46093,,CtrlLinStateStartLate=started,5,44.4936,NORMAL,-10.1298,TRUE,TRUE,FALSE,310,PA abnormal
2989,Radio 2271 B28,EM8A343071,8/5/2024 22:31,PA abnormal,pa_issues,,supervision,169,BF,TRUE,FALSE,on,26,47.2,48.2,126,CtrlGainStateTuned=started,46007,-9.7926,TRUE,-120,,,DPD_SCHD_MEAS_STATUS_TOR_ADC_ERR_B,lin-sv,40,FALSE,TRUE,,-9.7608,TRUE,5,-850,TRUE,DPD_STATUS_FAIL,,-14.979,FALSE,TRUE,40,20,46164,,CtrlLinStateStartLate=started,5,44.7392,NORMAL,-9.8427,TRUE,TRUE,FALSE,337,PA abnormal
2990,Radio 2271 B28,EM8A343071,8/5/2024 22:31,PA abnormal,pa_issues,,supervision,169,BF,TRUE,FALSE,on,21,47.2,48.1,125,CtrlGainStateTuned=started,45832,-9.8457,TRUE,-140,,,DPD_SCHD_MEAS_STATUS_TOR_ADC_ERR_B,lin-sv,40,FALSE,TRUE,,-9.8614,TRUE,5,-850,TRUE,DPD_STATUS_FAIL,,-14.7356,TRUE,TRUE,40,20,46078,,CtrlLinStateStarted=started,5,44.4386,NORMAL,-9.8273,TRUE,TRUE,FALSE,388,PA abnormal
2991,Radio 2271 B28,EM8A343071,8/6/2024 3:17,PA abnormal,pa_issues,,supervision,180,BF,TRUE,FALSE,on,25,47.2,55.3,131,CtrlGainStateTuned=started,46007,-9.7263,TRUE,-80,,,DPD_SCHD_MEAS_STATUS_TOR_ADC_ERR_B,lin-sv,40,FALSE,TRUE,,-9.581,TRUE,5,-850,TRUE,DPD_STATUS_FAIL,,-15.0963,FALSE,TRUE,40,19,46078,,CtrlLinStateStartLate=started,5,45.319,NORMAL,-9.6936,TRUE,TRUE,FALSE,163,PA abnormal
2992,Radio 2271 B28,EM8A343071,8/6/2024 22:25,PA abnormal,pa_issues,,supervision,247,BF,TRUE,FALSE,on,25,47.2,46.1,129,CtrlGainStateTuned=started,45867,-9.7288,TRUE,0,,,DPD_SCHD_MEAS_STATUS_TOR_ADC_ERR_B,lin-sv,40,FALSE,TRUE,,-9.7318,TRUE,18,-850,TRUE,DPD_STATUS_FAIL,,-14.4322,TRUE,TRUE,40,22,46078,,CtrlLinStateStarted=started,5,45.9682,BOOST,-9.9806,TRUE,TRUE,FALSE,355,PA abnormal
2993,Radio 2271 B28,EM8A343071,8/6/2024 22:50,PA abnormal,pa_issues,,supervision,169,BF,TRUE,FALSE,on,27,47.2,49.2,125,CtrlGainStateTuned=started,45867,-9.9219,TRUE,-20,,,DPD_SCHD_MEAS_STATUS_TOR_ADC_ERR_B,lin-sv,40,FALSE,TRUE,,-9.8735,TRUE,13,-850,TRUE,DPD_STATUS_FAIL,,-15.5296,FALSE,TRUE,40,22,46128,,CtrlLinStateStartLate=started,5,45.6265,NORMAL,-10.1735,TRUE,TRUE,FALSE,223,PA abnormal
2994,Radio 2271 B28,EM8A343071,8/6/2024 22:50,PA abnormal,pa_issues,,supervision,172,BF,TRUE,FALSE,on,27,47.2,49.4,126,CtrlGainStateTuned=started,45886,-10.5036,TRUE,-40,,,DPD_SCHD_MEAS_STATUS_TOR_ADC_ERR_B,lin-sv,40,FALSE,TRUE,,-10.4839,TRUE,5,-850,TRUE,DPD_STATUS_FAIL,,-15.3817,FALSE,TRUE,40,22,46148,,CtrlLinStateStartLate=started,5,44.8161,NORMAL,-10.1314,TRUE,TRUE,FALSE,244,PA abnormal
2995,Radio 2271 B28,EM8A343071,8/7/2024 1:17,PA abnormal,pa_issues,,supervision,532,BF,TRUE,FALSE,on,25,47.2,38.6,116,CtrlGainStateTuned=started,45992,-19.3787,TRUE,-20,,,NA,lin-sv,40,FALSE,TRUE,,-19.3256,TRUE,10,-850,TRUE,DPD_STATUS_OK,,-23.4129,TRUE,TRUE,40,21,46199,,CtrlLinStateStarted=started,5,36.1744,BOOST,-19.502,TRUE,TRUE,FALSE,346,PA abnormal
2996,Radio 2271 B28,EM8A343071,8/7/2024 2:07,PA abnormal,pa_issues,,supervision,378,BF,TRUE,FALSE,on,24,47.2,43.4,122,CtrlGainStateTuned=started,45992,-1000,TRUE,-40,,,NA,lin-sv,40,FALSE,TRUE,,-60.9577,TRUE,12,-850,TRUE,DPD_STATUS_OK,,-1000,TRUE,TRUE,40,21,46164,,CtrlLinStateStarted=started,5,0,BOOST,-1000,TRUE,TRUE,FALSE,346,PA abnormal
2997,Radio 2271 B28,EM8A343071,8/7/2024 3:17,PA abnormal,pa_issues,,supervision,149,BF,TRUE,FALSE,on,16,47.2,42.8,117,CtrlGainStateTuned=started,45902,-10.703,TRUE,-40,,,DPD_SCHD_MEAS_STATUS_TOR_ADC_ERR_B,lin-sv,40,FALSE,TRUE,,-10.6288,TRUE,5,-850,TRUE,DPD_STATUS_FAIL,,-15.8286,FALSE,TRUE,40,21,46183,,CtrlLinStateStartLate=started,5,44.6712,NORMAL,-10.4225,TRUE,TRUE,FALSE,265,PA abnormal
2998,Radio 2271 B28,EM8A343071,8/7/2024 3:18,PA abnormal,pa_issues,,supervision,281,BF,TRUE,FALSE,on,16,47.2,42.9,118,CtrlGainStateTuned=started,45867,-19.4522,TRUE,-60,,,NA,lin-sv,40,FALSE,TRUE,,-19.4273,TRUE,5,-850,TRUE,DPD_STATUS_OK,,-23.4675,TRUE,TRUE,40,21,46148,,CtrlLinStateStarted=started,5,35.6727,BOOST,-19.4255,TRUE,TRUE,FALSE,358,PA abnormal
2999,Radio 2271 B28,EM8A343071,8/7/2024 3:18,PA abnormal,pa_issues,,supervision,156,BF,TRUE,FALSE,on,26,47.2,43.2,118,CtrlGainStateTuned=started,46023,-9.2719,TRUE,-80,,,DPD_SCHD_MEAS_STATUS_TOR_ADC_ERR_B,lin-sv,40,FALSE,TRUE,,-9.0593,TRUE,5,-850,TRUE,DPD_STATUS_FAIL,,-14.8535,FALSE,TRUE,40,21,46128,,CtrlLinStateStartLate=started,5,45.8407,NORMAL,-9.458,TRUE,TRUE,FALSE,307,PA abnormal
3000,Radio 2271 B28,EM8A343071,8/7/2024 9:45,PA abnormal,pa_issues,,supervision,425,BF,TRUE,FALSE,on,16,47.2,39.1,115,CtrlGainStateTuned=started,45816,-25.8457,TRUE,0,,,NA,lin-sv,40,FALSE,TRUE,,-25.8385,TRUE,12,-850,TRUE,DPD_STATUS_OK,,-29.9178,FALSE,TRUE,40,20,46148,,CtrlLinStateStartLate=started,5,29.8615,BOOST,-26.0852,TRUE,TRUE,FALSE,313,PA abnormal
3001,Radio 2271 B28,EM8A343071,8/7/2024 10:14,PA abnormal,pa_issues,,supervision,527,BF,TRUE,FALSE,on,24,47.2,35.8,112,CtrlGainStateTuned=started,45937,-10.0625,TRUE,-20,,,DPD_SCHD_MEAS_STATUS_TOR_ADC_ERR_B,lin-sv,40,FALSE,TRUE,,-10.044,TRUE,12,-850,TRUE,DPD_STATUS_FAIL,,-15.3182,FALSE,TRUE,40,21,46093,,CtrlLinStateStartLate=started,5,45.456,BOOST,-10.0574,TRUE,TRUE,FALSE,325,PA abnormal
3002,Radio 2271 B28,EM8A343071,8/7/2024 14:07,PA abnormal,pa_issues,,supervision,541,BF,TRUE,FALSE,on,23,47.2,33.5,108,CtrlGainStateTuned=started,45972,-10.144,TRUE,0,,,DPD_SCHD_MEAS_STATUS_TOR_ADC_ERR_B,lin-sv,40,FALSE,TRUE,,-10.1516,TRUE,27,-850,TRUE,DPD_STATUS_FAIL,,-15.0675,FALSE,TRUE,40,20,46113,,CtrlLinStateStartLate=started,5,45.5484,BOOST,-10.1596,TRUE,TRUE,FALSE,358,PA abnormal
3003,Radio 2271 B28,EM8A343071,8/7/2024 14:33,PA abnormal,pa_issues,,supervision,495,BF,TRUE,FALSE,on,15,47.2,33.8,104,CtrlGainStateTuned=started,45867,-20.4611,TRUE,-20,,,NA,lin-sv,40,FALSE,TRUE,,-20.3443,TRUE,10,-850,TRUE,DPD_STATUS_OK,,-23.4394,FALSE,TRUE,40,21,46164,,CtrlLinStateStartLate=started,5,35.1557,BOOST,-19.7895,TRUE,TRUE,FALSE,352,PA abnormal
3004,Radio 2271 B28,EM8A343071,8/7/2024 16:30,PA abnormal,pa_issues,,supervision,144,BF,TRUE,FALSE,on,24,47.2,36.8,110,CtrlGainStateTuned=started,45902,-13.9635,TRUE,-20,,,DPD_SCHD_MEAS_STATUS_TOR_ADC_ERR_B,lin-sv,40,FALSE,TRUE,,-14.0051,TRUE,17,-850,TRUE,DPD_STATUS_FAIL,,-20.1818,FALSE,TRUE,40,20,46199,,CtrlLinStateStartLate=started,5,41.4949,NORMAL,-14.8043,TRUE,TRUE,FALSE,244,PA abnormal
3005,Radio 2271 B28,EM8A343071,8/7/2024 16:30,PA abnormal,pa_issues,,supervision,520,BF,TRUE,FALSE,on,24,47.2,37,115,CtrlGainStateTuned=started,45867,-10.1637,TRUE,-40,,,DPD_SCHD_MEAS_STATUS_TOR_ADC_ERR_B,lin-sv,40,FALSE,TRUE,,-10.2009,TRUE,5,-850,TRUE,DPD_STATUS_FAIL,,-15.2748,FALSE,TRUE,40,21,46113,,CtrlLinStateStartLate=started,5,45.0991,BOOST,-10.1777,TRUE,TRUE,FALSE,361,PA abnormal
3006,Radio 2271 B28,EM8A343071,8/7/2024 16:31,PA abnormal,pa_issues,,supervision,525,BF,TRUE,FALSE,on,24,47.2,37.1,116,CtrlGainStateTuned=started,45851,-9.9296,TRUE,-60,,,DPD_SCHD_MEAS_STATUS_TOR_ADC_ERR_B,lin-sv,40,FALSE,TRUE,,-9.9526,TRUE,5,-850,TRUE,DPD_STATUS_FAIL,,-14.7427,FALSE,TRUE,40,21,46164,,CtrlLinStateStartLate=started,5,45.1474,BOOST,-9.9204,TRUE,TRUE,FALSE,412,PA abnormal
3007,Radio 2271 B28,EM8A343071,8/7/2024 16:31,PA abnormal,pa_issues,,supervision,525,BF,TRUE,FALSE,on,24,47.2,37.2,117,CtrlGainStateTuned=started,45992,-9.815,TRUE,-80,,,DPD_SCHD_MEAS_STATUS_TOR_ADC_ERR_B,lin-sv,40,FALSE,TRUE,,-9.8934,TRUE,5,-850,TRUE,DPD_STATUS_FAIL,,-14.8301,FALSE,TRUE,40,20,46078,,CtrlLinStateStartLate=started,5,45.0066,BOOST,-9.7045,TRUE,TRUE,FALSE,409,PA abnormal
3008,Radio 2271 B28,EM8A343071,8/7/2024 16:31,PA abnormal,pa_issues,,supervision,148,BF,TRUE,FALSE,on,24,47.2,37.2,113,CtrlGainStateTuned=started,45902,-10.547,TRUE,-100,,,DPD_SCHD_MEAS_STATUS_TOR_ADC_ERR_B,lin-sv,40,FALSE,TRUE,,-10.5217,TRUE,5,-850,TRUE,DPD_STATUS_FAIL,,-15.3156,FALSE,TRUE,40,20,46164,,CtrlLinStateStartLate=started,5,44.1783,NORMAL,-10.8024,TRUE,TRUE,FALSE,424,PA abnormal
3009,Radio 2271 B28,EM8A343071,8/7/2024 16:32,PA abnormal,pa_issues,,supervision,104,BF,TRUE,FALSE,on,21,47.2,37.3,110,CtrlGainStateTuned=started,45867,-9.9929,TRUE,-120,,,DPD_SCHD_MEAS_STATUS_TOR_ADC_ERR_B,lin-sv,40,FALSE,TRUE,,-9.9895,TRUE,5,-850,TRUE,DPD_STATUS_FAIL,,-15.6394,FALSE,TRUE,40,20,46164,,CtrlLinStateStartLate=started,5,44.5105,NORMAL,-10.0284,TRUE,TRUE,FALSE,343,PA abnormal
3010,Radio 2271 B28,EM8A343071,8/7/2024 17:16,PA abnormal,pa_issues,,supervision,153,BF,TRUE,FALSE,on,24,47.2,40.6,116,CtrlGainStateTuned=started,46042,-9.215,TRUE,-140,,,DPD_SCHD_MEAS_STATUS_TOR_ADC_ERR_B,lin-sv,40,FALSE,TRUE,,-9.045,TRUE,10,-850,TRUE,DPD_STATUS_FAIL,,-14.5502,FALSE,TRUE,40,20,46199,,CtrlLinStateStartLate=started,5,45.255,NORMAL,-9.0792,TRUE,TRUE,FALSE,361,PA abnormal
3011,Radio 2271 B28,EM8A343071,8/7/2024 17:25,PA abnormal,pa_issues,,supervision,144,BF,TRUE,FALSE,on,24,47.2,37.3,112,CtrlGainStateTuned=started,45937,-9.8436,TRUE,-160,,,DPD_SCHD_MEAS_STATUS_TOR_ADC_ERR_B,lin-sv,40,FALSE,TRUE,,-9.7556,TRUE,5,-850,TRUE,DPD_STATUS_FAIL,,-15.1469,FALSE,TRUE,40,20,46164,,CtrlLinStateStartLate=started,5,44.3444,NORMAL,-9.8051,TRUE,TRUE,FALSE,394,PA abnormal
3012,Radio 2271 B28,EM8A343071,8/3/2024 3:44,PA abnormal,pa_issues,,ramping timeout,209,BF,TRUE,FALSE,off,75,47.2,38.8,141,CtrlGainStateRamping=starting,45937,-14.661,TRUE,0,,,NA,lin-ramping,40,FALSE,TRUE,,-21.788,TRUE,1,-850,TRUE,DPD_STATUS_OK,,-19.0181,FALSE,TRUE,40,48,46148,,ns=stopped,5,33.912,NORMAL,-15.0507,TRUE,TRUE,FALSE,1905,PA abnormal
3013,Radio 2271 B28,EM8A343071,8/4/2024 10:01,PA abnormal,pa_issues,,supervision,78,BF,TRUE,FALSE,on,28,47.2,33.3,109,CtrlGainStateTuned=started,45957,-24.2995,TRUE,0,,,NA,lin-sv,40,FALSE,TRUE,,-24.3435,TRUE,100,-850,TRUE,DPD_STATUS_OK,,-26.4778,FALSE,TRUE,40,23,46199,,CtrlLinStateStartLate=started,5,31.3565,NORMAL,-23.4072,TRUE,TRUE,FALSE,433,PA abnormal
3014,Radio 2271 B28,EM8A343071,8/4/2024 12:19,PA abnormal,pa_issues,,supervision,418,BF,TRUE,FALSE,on,29,47.2,39,123,CtrlGainStateTuned=started,46007,-10.228,TRUE,0,,,DPD_SCHD_MEAS_STATUS_TOR_ADC_ERR_B,lin-sv,40,FALSE,TRUE,,-10.2791,TRUE,13,-850,TRUE,DPD_STATUS_FAIL,,-14.7717,TRUE,TRUE,40,23,46128,,CtrlLinStateStarted=started,5,45.4209,BOOST,-10.1167,TRUE,TRUE,FALSE,460,PA abnormal
3015,Radio 2271 B28,EM8A343071,8/4/2024 15:37,PA abnormal,pa_issues,,supervision,142,BF,TRUE,FALSE,on,28,47.2,35.8,116,CtrlGainStateTuned=started,46042,-9.8833,TRUE,0,,,DPD_SCHD_MEAS_STATUS_TOR_ADC_ERR_B,lin-sv,40,FALSE,TRUE,,-9.9365,TRUE,13,-850,TRUE,DPD_STATUS_FAIL,,-15.1287,FALSE,TRUE,40,22,46113,,CtrlLinStateStartLate=started,5,45.7635,NORMAL,-9.9948,TRUE,TRUE,FALSE,388,PA abnormal
3016,Radio 2271 B28,EM8A343071,8/4/2024 16:51,PA abnormal,pa_issues,,supervision,138,BF,TRUE,FALSE,on,28,47.2,38.7,121,CtrlGainStateTuned=started,45902,-18.6806,TRUE,0,,,NA,lin-sv,40,FALSE,TRUE,,-18.5103,TRUE,5,-850,TRUE,DPD_STATUS_OK,,-22.0875,FALSE,TRUE,40,22,46199,,CtrlLinStateStartLate=started,5,37.1897,NORMAL,-18.9611,TRUE,TRUE,FALSE,394,PA abnormal
3017,Radio 2271 B28,EM8A343071,8/4/2024 19:07,PA abnormal,pa_issues,,supervision,171,BF,TRUE,FALSE,on,30,47.2,46.8,130,CtrlGainStateTuned=started,45957,-10.5253,TRUE,0,,,DPD_SCHD_MEAS_STATUS_TOR_ADC_ERR_B,lin-sv,40,FALSE,TRUE,,-10.5796,TRUE,7,-850,TRUE,DPD_STATUS_FAIL,,-14.7647,FALSE,TRUE,40,22,46214,,CtrlLinStateStartLate=started,5,45.1204,NORMAL,-10.3741,TRUE,TRUE,FALSE,385,PA abnormal
3018,Radio 2271 B28,EM8A343071,8/4/2024 19:42,PA abnormal,pa_issues,,supervision,166,BF,TRUE,FALSE,on,30,47.2,44.6,127,CtrlGainStateTuned=started,45867,-10.1654,TRUE,-20,,,DPD_SCHD_MEAS_STATUS_TOR_ADC_ERR_B,lin-sv,40,FALSE,TRUE,,-10.1731,TRUE,5,-850,TRUE,DPD_STATUS_FAIL,,-14.7766,FALSE,TRUE,40,22,46199,,CtrlLinStateStartLate=started,5,45.3269,NORMAL,-10.0426,TRUE,TRUE,FALSE,388,PA abnormal
3019,Radio 2271 B28,EM8A343071,8/4/2024 19:42,PA abnormal,pa_issues,,supervision,169,BF,TRUE,FALSE,on,29,47.2,44.8,129,CtrlGainStateTuned=started,45992,-10.4807,TRUE,-40,,,DPD_SCHD_MEAS_STATUS_TOR_ADC_ERR_B,lin-sv,40,FALSE,TRUE,,-10.4865,TRUE,5,-850,TRUE,DPD_STATUS_FAIL,,-14.8163,FALSE,TRUE,40,22,46078,,CtrlLinStateStartLate=started,5,44.8135,NORMAL,-10.4283,TRUE,TRUE,FALSE,442,PA abnormal
3020,Radio 2271 B28,EM8A343071,8/4/2024 19:42,PA abnormal,pa_issues,,supervision,170,BF,TRUE,FALSE,on,29,47.2,45,129,CtrlGainStateTuned=started,46023,-9.7502,TRUE,-60,,,DPD_SCHD_MEAS_STATUS_TOR_ADC_ERR_B,lin-sv,40,FALSE,TRUE,,-9.7625,TRUE,5,-850,TRUE,DPD_STATUS_FAIL,,-14.15,FALSE,TRUE,40,22,46128,,CtrlLinStateStartLate=started,5,45.3375,NORMAL,-9.6646,TRUE,TRUE,FALSE,451,PA abnormal
3021,Radio 2271 B28,EM8A343071,8/4/2024 20:29,PA abnormal,pa_issues,,supervision,166,BF,TRUE,FALSE,on,29,47.2,43.1,129,CtrlGainStateTuned=started,46007,-9.3165,TRUE,-80,,,DPD_SCHD_MEAS_STATUS_TOR_ADC_ERR_B,lin-sv,40,FALSE,TRUE,,-9.3179,TRUE,10,-850,TRUE,DPD_STATUS_FAIL,,-14.3151,FALSE,TRUE,40,22,46078,,CtrlLinStateStartLate=started,5,45.5821,NORMAL,-9.5465,TRUE,TRUE,FALSE,460,PA abnormal
3022,Radio 2271 B28,EM8A343071,8/5/2024 1:01,PA abnormal,pa_issues,,supervision,170,BF,TRUE,FALSE,on,25,47.2,47.4,128,CtrlGainStateTuned=started,45902,-10.1611,TRUE,-20,,,DPD_SCHD_MEAS_STATUS_TOR_ADC_ERR_B,lin-sv,40,FALSE,TRUE,,-10.1721,TRUE,5,-850,TRUE,DPD_STATUS_FAIL,,-14.596,FALSE,TRUE,40,21,46148,,CtrlLinStateStartLate=started,5,45.3279,NORMAL,-10.2664,TRUE,TRUE,FALSE,376,PA abnormal
3023,Radio 2271 B28,EM8A343071,8/5/2024 4:44,PA abnormal,pa_issues,,supervision,174,BF,TRUE,FALSE,on,28,47.2,48.1,127,CtrlGainStateTuned=started,45937,-9.8943,TRUE,0,,,DPD_SCHD_MEAS_STATUS_TOR_ADC_ERR_B,lin-sv,40,FALSE,TRUE,,-9.8859,TRUE,5,-850,TRUE,DPD_STATUS_FAIL,,-14.9429,FALSE,TRUE,40,21,46148,,CtrlLinStateStartLate=started,5,45.8141,NORMAL,-9.7717,TRUE,TRUE,FALSE,244,PA abnormal
3024,Radio 2271 B28,EM8A343071,8/5/2024 5:01,PA abnormal,pa_issues,,supervision,271,BF,TRUE,FALSE,on,26,47.2,50.7,128,CtrlGainStateTuned=started,46007,-17.6277,TRUE,-20,,,NA,lin-sv,40,FALSE,TRUE,,-17.7013,TRUE,10,-850,TRUE,DPD_STATUS_OK,,-22.6929,TRUE,TRUE,40,22,46199,,CtrlLinStateStarted=started,5,37.7987,BOOST,-18.1738,TRUE,TRUE,FALSE,262,PA abnormal
3025,Radio 2271 B28,EM8A343071,8/5/2024 5:23,PA abnormal,pa_issues,,supervision,170,BF,TRUE,FALSE,on,28,47.2,45.9,128,CtrlGainStateTuned=started,46023,-10.0304,TRUE,-40,,,NA,lin-sv,40,FALSE,TRUE,,-10.0316,TRUE,7,-850,TRUE,DPD_STATUS_OK,,-14.9042,FALSE,TRUE,40,21,46093,,CtrlLinStateStartLate=started,5,45.2684,NORMAL,-9.9872,TRUE,TRUE,FALSE,361,PA abnormal
3026,Radio 2271 B28,EM8A343071,8/5/2024 5:23,PA abnormal,pa_issues,,supervision,167,BF,TRUE,FALSE,on,28,47.2,46,123,CtrlGainStateTuned=started,45992,-9.7421,TRUE,-60,,,DPD_SCHD_MEAS_STATUS_TOR_ADC_ERR_B,lin-sv,40,FALSE,TRUE,,-9.7284,TRUE,5,-850,TRUE,DPD_STATUS_FAIL,,-15.0159,FALSE,TRUE,40,21,46148,,CtrlLinStateStartLate=started,5,45.3716,NORMAL,-9.8516,TRUE,TRUE,FALSE,319,PA abnormal
3027,Radio 2271 B28,EM8A343071,8/5/2024 5:23,PA abnormal,pa_issues,,supervision,357,BF,TRUE,FALSE,on,28,47.2,46.2,127,CtrlGainStateTuned=started,45902,-11.581,TRUE,-80,,,DPD_SCHD_MEAS_STATUS_TOR_ADC_ERR_B,lin-sv,40,FALSE,TRUE,,-11.5641,TRUE,5,-850,TRUE,DPD_STATUS_FAIL,,-16.2541,FALSE,TRUE,40,21,46113,,CtrlLinStateStartLate=started,5,43.3359,BOOST,-11.5089,TRUE,TRUE,FALSE,370,PA abnormal
3028,Radio 2271 B28,EM8A343071,8/5/2024 5:24,PA abnormal,pa_issues,,supervision,169,BF,TRUE,FALSE,on,27,47.2,46.4,123,CtrlGainStateTuned=started,45992,-10.6764,TRUE,-100,,,DPD_SCHD_MEAS_STATUS_TOR_ADC_ERR_B,lin-sv,40,FALSE,TRUE,,-10.6719,TRUE,5,-850,TRUE,DPD_STATUS_FAIL,,-15.5143,FALSE,TRUE,40,21,46164,,CtrlLinStateStartLate=started,5,44.0281,NORMAL,-10.6363,TRUE,TRUE,FALSE,364,PA abnormal
3029,Radio 2271 B28,EM8A343071,8/5/2024 5:24,PA abnormal,pa_issues,,supervision,168,BF,TRUE,FALSE,on,28,47.2,46.6,130,CtrlGainStateTuned=started,46023,-9.8695,TRUE,-120,,,NA,lin-sv,40,FALSE,TRUE,,-9.868,TRUE,5,-850,TRUE,DPD_STATUS_OK,,-14.0529,FALSE,TRUE,40,21,46214,,CtrlLinStateStartLate=started,5,44.632,NORMAL,-9.8887,TRUE,TRUE,FALSE,463,PA abnormal
3030,Radio 2271 B28,EM8A343071,8/5/2024 5:24,PA abnormal,pa_issues,,supervision,171,BF,TRUE,FALSE,on,28,47.2,46.8,128,CtrlGainStateTuned=started,45867,-13.2666,TRUE,-140,,,NA,lin-sv,40,FALSE,TRUE,,-13.2554,TRUE,5,-850,TRUE,DPD_STATUS_OK,,-17.0503,FALSE,TRUE,40,21,46078,,CtrlLinStateStartLate=started,5,41.0446,NORMAL,-12.9722,TRUE,TRUE,FALSE,430,PA abnormal
3031,Radio 2271 B28,EM8A343071,8/5/2024 5:25,PA abnormal,pa_issues,,supervision,174,BF,TRUE,FALSE,on,28,47.2,47,130,CtrlGainStateTuned=started,45851,-11.0406,TRUE,-160,,,NA,lin-sv,40,FALSE,TRUE,,-11.089,TRUE,5,-850,TRUE,DPD_STATUS_OK,,-15.6793,FALSE,TRUE,40,21,46113,,CtrlLinStateStartLate=started,5,43.011,NORMAL,-11.3586,TRUE,TRUE,FALSE,472,PA abnormal
3032,Radio 2271 B28,EM8A343071,8/5/2024 5:25,PA abnormal,pa_issues,,supervision,172,BF,TRUE,FALSE,on,28,47.2,47.2,130,CtrlGainStateTuned=started,46007,-10.2936,TRUE,-180,,,DPD_SCHD_MEAS_STATUS_TOR_ADC_ERR_B,lin-sv,40,FALSE,TRUE,,-10.2909,TRUE,5,-850,TRUE,DPD_STATUS_FAIL,,-14.4038,FALSE,TRUE,40,21,46113,,CtrlLinStateStartLate=started,5,43.6091,NORMAL,-10.1083,TRUE,TRUE,FALSE,499,PA abnormal
3033,Radio 2271 B28,EM8A343071,8/5/2024 15:39,PA abnormal,pa_issues,,supervision,165,BF,TRUE,FALSE,on,27,47.2,45.6,124,CtrlGainStateTuned=started,45957,-10.7794,TRUE,0,,,DPD_SCHD_MEAS_STATUS_TOR_ADC_ERR_B,lin-sv,40,FALSE,TRUE,,-10.8241,TRUE,11,-850,TRUE,DPD_STATUS_FAIL,,-15.5004,FALSE,TRUE,40,21,46148,,CtrlLinStateStartLate=started,5,44.8759,NORMAL,-10.7955,TRUE,TRUE,FALSE,322,PA abnormal
3034,Radio 2271 B28,EM8A343071,8/5/2024 15:39,PA abnormal,pa_issues,,supervision,164,BF,TRUE,FALSE,on,27,47.2,45.6,123,CtrlGainStateTuned=started,45832,-9.9435,TRUE,-20,,,DPD_SCHD_MEAS_STATUS_TOR_ADC_ERR_B,lin-sv,40,FALSE,TRUE,,-9.9826,TRUE,5,-850,TRUE,DPD_STATUS_FAIL,,-15.0354,FALSE,TRUE,40,21,46042,,CtrlLinStateStartLate=started,5,45.5174,NORMAL,-10.009,TRUE,TRUE,FALSE,310,PA abnormal
3035,Radio 2271 B28,EM8A343071,8/5/2024 15:40,PA abnormal,pa_issues,,supervision,164,BF,TRUE,FALSE,on,27,47.2,45.7,121,CtrlGainStateTuned=started,45972,-10.8722,TRUE,-40,,,DPD_SCHD_MEAS_STATUS_TOR_ADC_ERR_B,lin-sv,40,FALSE,TRUE,,-10.8835,TRUE,5,-850,TRUE,DPD_STATUS_FAIL,,-16.0887,FALSE,TRUE,40,21,46113,,CtrlLinStateStartLate=started,5,44.4165,NORMAL,-11.1131,TRUE,TRUE,FALSE,307,PA abnormal
3036,Radio 2271 B28,EM8A343071,8/5/2024 15:40,PA abnormal,pa_issues,,supervision,163,BF,TRUE,FALSE,on,27,47.2,45.9,120,CtrlGainStateTuned=started,45851,-10.3856,TRUE,-60,,,DPD_SCHD_MEAS_STATUS_TOR_ADC_ERR_B,lin-sv,40,FALSE,TRUE,,-10.3809,TRUE,5,-850,TRUE,DPD_STATUS_FAIL,,-15.7333,FALSE,TRUE,40,21,46199,,CtrlLinStateStartLate=started,5,44.7191,NORMAL,-10.6138,TRUE,TRUE,FALSE,322,PA abnormal
3037,Radio 2271 B28,EM8A343071,8/5/2024 15:40,PA abnormal,pa_issues,,supervision,164,BF,TRUE,FALSE,on,27,47.2,45.9,121,CtrlGainStateTuned=started,46023,-9.7581,TRUE,-80,,,DPD_SCHD_MEAS_STATUS_TOR_ADC_ERR_B,lin-sv,40,FALSE,TRUE,,-9.7637,TRUE,5,-850,TRUE,DPD_STATUS_FAIL,,-14.9418,FALSE,TRUE,40,21,46148,,CtrlLinStateStartLate=started,5,45.1363,NORMAL,-9.8464,TRUE,TRUE,FALSE,349,PA abnormal
3038,Radio 2271 B28,EM8A343071,8/5/2024 15:41,PA abnormal,pa_issues,,supervision,388,BF,TRUE,FALSE,on,27,47.2,45.9,129,CtrlGainStateTuned=started,45832,-10.4084,TRUE,-100,,,DPD_SCHD_MEAS_STATUS_TOR_ADC_ERR_B,lin-sv,40,FALSE,TRUE,,-10.4153,TRUE,5,-850,TRUE,DPD_STATUS_FAIL,,-14.5778,FALSE,TRUE,40,21,46078,,CtrlLinStateStartLate=started,5,44.2847,BOOST,-10.4462,TRUE,TRUE,FALSE,475,PA abnormal
3039,Radio 2271 B28,EM8A343071,8/5/2024 15:41,PA abnormal,pa_issues,,supervision,170,BF,TRUE,FALSE,on,27,47.2,45.9,125,CtrlGainStateTuned=started,46023,-26.2739,TRUE,-120,,,NA,lin-sv,40,FALSE,TRUE,,-26.0905,TRUE,5,-850,TRUE,DPD_STATUS_OK,,-30.3973,FALSE,TRUE,40,22,46164,,CtrlLinStateStartLate=started,5,28.4095,NORMAL,-27.4034,TRUE,TRUE,FALSE,397,PA abnormal
3040,Radio 2271 B28,EM8A343071,8/5/2024 16:08,PA abnormal,pa_issues,,supervision,149,BF,TRUE,FALSE,on,26,47.2,40,117,CtrlGainStateTuned=started,45921,-17.4381,TRUE,0,,,DPD_SCHD_MEAS_STATUS_TOR_ADC_ERR_B,lin-sv,40,FALSE,TRUE,,-17.2923,TRUE,5,-850,TRUE,DPD_STATUS_FAIL,,-21.705,FALSE,TRUE,40,21,46164,,CtrlLinStateStartLate=started,5,38.4077,NORMAL,-18.6359,TRUE,TRUE,FALSE,331,PA abnormal
3041,Radio 2271 B28,EM8A343071,8/5/2024 22:29,PA abnormal,pa_issues,,supervision,164,BF,TRUE,FALSE,on,26,47.2,48.3,125,CtrlGainStateTuned=started,45992,-10.7479,TRUE,0,,,DPD_SCHD_MEAS_STATUS_TOR_ADC_ERR_B,lin-sv,40,FALSE,TRUE,,-10.757,TRUE,26,-850,TRUE,DPD_STATUS_FAIL,,-15.3852,FALSE,TRUE,40,20,46164,,CtrlLinStateStartLate=started,5,44.943,NORMAL,-10.5632,TRUE,TRUE,FALSE,250,PA abnormal
3042,Radio 2271 B28,EM8A343071,8/5/2024 22:29,PA abnormal,pa_issues,,supervision,163,BF,TRUE,FALSE,on,18,47.2,48.3,124,CtrlGainStateTuned=started,45957,-10.3429,TRUE,-20,,,DPD_SCHD_MEAS_STATUS_TOR_ADC_ERR_B,lin-sv,40,FALSE,TRUE,,-10.3691,TRUE,5,-850,TRUE,DPD_STATUS_FAIL,,-15.5398,FALSE,TRUE,40,20,46093,,CtrlLinStateStartLate=started,5,45.1309,NORMAL,-10.3791,TRUE,TRUE,FALSE,250,PA abnormal
3043,Radio 2271 B28,EM8A343071,8/5/2024 22:29,PA abnormal,pa_issues,,supervision,165,BF,TRUE,FALSE,on,26,47.2,48.3,124,CtrlGainStateTuned=started,46007,-10.3084,TRUE,-40,,,DPD_SCHD_MEAS_STATUS_TOR_ADC_ERR_B,lin-sv,40,FALSE,TRUE,,-10.319,TRUE,5,-850,TRUE,DPD_STATUS_FAIL,,-15.6492,FALSE,TRUE,40,21,46093,,CtrlLinStateStartLate=started,5,44.981,NORMAL,-10.2675,TRUE,TRUE,FALSE,235,PA abnormal
3044,Radio 2271 B28,EM8A343071,8/5/2024 22:30,PA abnormal,pa_issues,,supervision,323,BF,TRUE,FALSE,on,26,47.2,48.3,126,CtrlGainStateTuned=started,45937,-10.3943,TRUE,-60,,,DPD_SCHD_MEAS_STATUS_TOR_ADC_ERR_B,lin-sv,40,FALSE,TRUE,,-10.4161,TRUE,5,-850,TRUE,DPD_STATUS_FAIL,,-15.3156,FALSE,TRUE,40,20,46078,,CtrlLinStateStartLate=started,5,44.6839,BOOST,-10.2077,TRUE,TRUE,FALSE,313,PA abnormal
3045,Radio 2271 B28,EM8A343071,8/5/2024 22:30,PA abnormal,pa_issues,,supervision,324,BF,TRUE,FALSE,on,26,47.2,48.3,128,CtrlGainStateTuned=started,45886,-9.8349,TRUE,-80,,,DPD_SCHD_MEAS_STATUS_TOR_ADC_ERR_B,lin-sv,40,FALSE,TRUE,,-9.7777,TRUE,5,-850,TRUE,DPD_STATUS_FAIL,,-14.9071,FALSE,TRUE,40,20,46199,,CtrlLinStateStartLate=started,5,45.1223,BOOST,-9.7817,TRUE,TRUE,FALSE,319,PA abnormal
3046,Radio 2271 B28,EM8A343071,8/5/2024 22:30,PA abnormal,pa_issues,,supervision,169,BF,TRUE,FALSE,on,26,47.2,48.2,125,CtrlGainStateTuned=started,46023,-10.2014,TRUE,-100,,,DPD_SCHD_MEAS_STATUS_TOR_ADC_ERR_B,lin-sv,40,FALSE,TRUE,,-10.2064,TRUE,5,-850,TRUE,DPD_STATUS_FAIL,,-15.3303,FALSE,TRUE,40,20,46093,,CtrlLinStateStartLate=started,5,44.4936,NORMAL,-10.1298,TRUE,TRUE,FALSE,310,PA abnormal
3047,Radio 2271 B28,EM8A343071,8/5/2024 22:31,PA abnormal,pa_issues,,supervision,169,BF,TRUE,FALSE,on,26,47.2,48.2,126,CtrlGainStateTuned=started,46007,-9.7926,TRUE,-120,,,DPD_SCHD_MEAS_STATUS_TOR_ADC_ERR_B,lin-sv,40,FALSE,TRUE,,-9.7608,TRUE,5,-850,TRUE,DPD_STATUS_FAIL,,-14.979,FALSE,TRUE,40,20,46164,,CtrlLinStateStartLate=started,5,44.7392,NORMAL,-9.8427,TRUE,TRUE,FALSE,337,PA abnormal
3048,Radio 2271 B28,EM8A343071,8/5/2024 22:31,PA abnormal,pa_issues,,supervision,169,BF,TRUE,FALSE,on,21,47.2,48.1,125,CtrlGainStateTuned=started,45832,-9.8457,TRUE,-140,,,DPD_SCHD_MEAS_STATUS_TOR_ADC_ERR_B,lin-sv,40,FALSE,TRUE,,-9.8614,TRUE,5,-850,TRUE,DPD_STATUS_FAIL,,-14.7356,TRUE,TRUE,40,20,46078,,CtrlLinStateStarted=started,5,44.4386,NORMAL,-9.8273,TRUE,TRUE,FALSE,388,PA abnormal
3049,Radio 2271 B28,EM8A343071,8/6/2024 3:17,PA abnormal,pa_issues,,supervision,180,BF,TRUE,FALSE,on,25,47.2,55.3,131,CtrlGainStateTuned=started,46007,-9.7263,TRUE,-80,,,DPD_SCHD_MEAS_STATUS_TOR_ADC_ERR_B,lin-sv,40,FALSE,TRUE,,-9.581,TRUE,5,-850,TRUE,DPD_STATUS_FAIL,,-15.0963,FALSE,TRUE,40,19,46078,,CtrlLinStateStartLate=started,5,45.319,NORMAL,-9.6936,TRUE,TRUE,FALSE,163,PA abnormal
3050,Radio 2271 B28,EM8A343071,8/6/2024 22:25,PA abnormal,pa_issues,,supervision,247,BF,TRUE,FALSE,on,25,47.2,46.1,129,CtrlGainStateTuned=started,45867,-9.7288,TRUE,0,,,DPD_SCHD_MEAS_STATUS_TOR_ADC_ERR_B,lin-sv,40,FALSE,TRUE,,-9.7318,TRUE,18,-850,TRUE,DPD_STATUS_FAIL,,-14.4322,TRUE,TRUE,40,22,46078,,CtrlLinStateStarted=started,5,45.9682,BOOST,-9.9806,TRUE,TRUE,FALSE,355,PA abnormal
3051,Radio 2271 B28,EM8A343071,8/6/2024 22:50,PA abnormal,pa_issues,,supervision,169,BF,TRUE,FALSE,on,27,47.2,49.2,125,CtrlGainStateTuned=started,45867,-9.9219,TRUE,-20,,,DPD_SCHD_MEAS_STATUS_TOR_ADC_ERR_B,lin-sv,40,FALSE,TRUE,,-9.8735,TRUE,13,-850,TRUE,DPD_STATUS_FAIL,,-15.5296,FALSE,TRUE,40,22,46128,,CtrlLinStateStartLate=started,5,45.6265,NORMAL,-10.1735,TRUE,TRUE,FALSE,223,PA abnormal
3052,Radio 2271 B28,EM8A343071,8/6/2024 22:50,PA abnormal,pa_issues,,supervision,172,BF,TRUE,FALSE,on,27,47.2,49.4,126,CtrlGainStateTuned=started,45886,-10.5036,TRUE,-40,,,DPD_SCHD_MEAS_STATUS_TOR_ADC_ERR_B,lin-sv,40,FALSE,TRUE,,-10.4839,TRUE,5,-850,TRUE,DPD_STATUS_FAIL,,-15.3817,FALSE,TRUE,40,22,46148,,CtrlLinStateStartLate=started,5,44.8161,NORMAL,-10.1314,TRUE,TRUE,FALSE,244,PA abnormal
3053,Radio 2271 B28,EM8A343071,8/7/2024 1:17,PA abnormal,pa_issues,,supervision,532,BF,TRUE,FALSE,on,25,47.2,38.6,116,CtrlGainStateTuned=started,45992,-19.3787,TRUE,-20,,,NA,lin-sv,40,FALSE,TRUE,,-19.3256,TRUE,10,-850,TRUE,DPD_STATUS_OK,,-23.4129,TRUE,TRUE,40,21,46199,,CtrlLinStateStarted=started,5,36.1744,BOOST,-19.502,TRUE,TRUE,FALSE,346,PA abnormal
3054,Radio 2271 B28,EM8A343071,8/7/2024 2:07,PA abnormal,pa_issues,,supervision,378,BF,TRUE,FALSE,on,24,47.2,43.4,122,CtrlGainStateTuned=started,45992,-1000,TRUE,-40,,,NA,lin-sv,40,FALSE,TRUE,,-60.9577,TRUE,12,-850,TRUE,DPD_STATUS_OK,,-1000,TRUE,TRUE,40,21,46164,,CtrlLinStateStarted=started,5,0,BOOST,-1000,TRUE,TRUE,FALSE,346,PA abnormal
3055,Radio 2271 B28,EM8A343071,8/7/2024 3:17,PA abnormal,pa_issues,,supervision,149,BF,TRUE,FALSE,on,16,47.2,42.8,117,CtrlGainStateTuned=started,45902,-10.703,TRUE,-40,,,DPD_SCHD_MEAS_STATUS_TOR_ADC_ERR_B,lin-sv,40,FALSE,TRUE,,-10.6288,TRUE,5,-850,TRUE,DPD_STATUS_FAIL,,-15.8286,FALSE,TRUE,40,21,46183,,CtrlLinStateStartLate=started,5,44.6712,NORMAL,-10.4225,TRUE,TRUE,FALSE,265,PA abnormal
3056,Radio 2271 B28,EM8A343071,8/7/2024 3:18,PA abnormal,pa_issues,,supervision,281,BF,TRUE,FALSE,on,16,47.2,42.9,118,CtrlGainStateTuned=started,45867,-19.4522,TRUE,-60,,,NA,lin-sv,40,FALSE,TRUE,,-19.4273,TRUE,5,-850,TRUE,DPD_STATUS_OK,,-23.4675,TRUE,TRUE,40,21,46148,,CtrlLinStateStarted=started,5,35.6727,BOOST,-19.4255,TRUE,TRUE,FALSE,358,PA abnormal
3057,Radio 2271 B28,EM8A343071,8/7/2024 3:18,PA abnormal,pa_issues,,supervision,156,BF,TRUE,FALSE,on,26,47.2,43.2,118,CtrlGainStateTuned=started,46023,-9.2719,TRUE,-80,,,DPD_SCHD_MEAS_STATUS_TOR_ADC_ERR_B,lin-sv,40,FALSE,TRUE,,-9.0593,TRUE,5,-850,TRUE,DPD_STATUS_FAIL,,-14.8535,FALSE,TRUE,40,21,46128,,CtrlLinStateStartLate=started,5,45.8407,NORMAL,-9.458,TRUE,TRUE,FALSE,307,PA abnormal
3058,Radio 2271 B28,EM8A343071,8/7/2024 9:45,PA abnormal,pa_issues,,supervision,425,BF,TRUE,FALSE,on,16,47.2,39.1,115,CtrlGainStateTuned=started,45816,-25.8457,TRUE,0,,,NA,lin-sv,40,FALSE,TRUE,,-25.8385,TRUE,12,-850,TRUE,DPD_STATUS_OK,,-29.9178,FALSE,TRUE,40,20,46148,,CtrlLinStateStartLate=started,5,29.8615,BOOST,-26.0852,TRUE,TRUE,FALSE,313,PA abnormal
3059,Radio 2271 B28,EM8A343071,8/7/2024 10:14,PA abnormal,pa_issues,,supervision,527,BF,TRUE,FALSE,on,24,47.2,35.8,112,CtrlGainStateTuned=started,45937,-10.0625,TRUE,-20,,,DPD_SCHD_MEAS_STATUS_TOR_ADC_ERR_B,lin-sv,40,FALSE,TRUE,,-10.044,TRUE,12,-850,TRUE,DPD_STATUS_FAIL,,-15.3182,FALSE,TRUE,40,21,46093,,CtrlLinStateStartLate=started,5,45.456,BOOST,-10.0574,TRUE,TRUE,FALSE,325,PA abnormal
3060,Radio 2271 B28,EM8A343071,8/7/2024 14:07,PA abnormal,pa_issues,,supervision,541,BF,TRUE,FALSE,on,23,47.2,33.5,108,CtrlGainStateTuned=started,45972,-10.144,TRUE,0,,,DPD_SCHD_MEAS_STATUS_TOR_ADC_ERR_B,lin-sv,40,FALSE,TRUE,,-10.1516,TRUE,27,-850,TRUE,DPD_STATUS_FAIL,,-15.0675,FALSE,TRUE,40,20,46113,,CtrlLinStateStartLate=started,5,45.5484,BOOST,-10.1596,TRUE,TRUE,FALSE,358,PA abnormal
3061,Radio 2271 B28,EM8A343071,8/7/2024 14:33,PA abnormal,pa_issues,,supervision,495,BF,TRUE,FALSE,on,15,47.2,33.8,104,CtrlGainStateTuned=started,45867,-20.4611,TRUE,-20,,,NA,lin-sv,40,FALSE,TRUE,,-20.3443,TRUE,10,-850,TRUE,DPD_STATUS_OK,,-23.4394,FALSE,TRUE,40,21,46164,,CtrlLinStateStartLate=started,5,35.1557,BOOST,-19.7895,TRUE,TRUE,FALSE,352,PA abnormal
3062,Radio 2271 B28,EM8A343071,8/7/2024 16:30,PA abnormal,pa_issues,,supervision,144,BF,TRUE,FALSE,on,24,47.2,36.8,110,CtrlGainStateTuned=started,45902,-13.9635,TRUE,-20,,,DPD_SCHD_MEAS_STATUS_TOR_ADC_ERR_B,lin-sv,40,FALSE,TRUE,,-14.0051,TRUE,17,-850,TRUE,DPD_STATUS_FAIL,,-20.1818,FALSE,TRUE,40,20,46199,,CtrlLinStateStartLate=started,5,41.4949,NORMAL,-14.8043,TRUE,TRUE,FALSE,244,PA abnormal
3063,Radio 2271 B28,EM8A343071,8/7/2024 16:30,PA abnormal,pa_issues,,supervision,520,BF,TRUE,FALSE,on,24,47.2,37,115,CtrlGainStateTuned=started,45867,-10.1637,TRUE,-40,,,DPD_SCHD_MEAS_STATUS_TOR_ADC_ERR_B,lin-sv,40,FALSE,TRUE,,-10.2009,TRUE,5,-850,TRUE,DPD_STATUS_FAIL,,-15.2748,FALSE,TRUE,40,21,46113,,CtrlLinStateStartLate=started,5,45.0991,BOOST,-10.1777,TRUE,TRUE,FALSE,361,PA abnormal
3064,Radio 2271 B28,EM8A343071,8/7/2024 16:31,PA abnormal,pa_issues,,supervision,525,BF,TRUE,FALSE,on,24,47.2,37.1,116,CtrlGainStateTuned=started,45851,-9.9296,TRUE,-60,,,DPD_SCHD_MEAS_STATUS_TOR_ADC_ERR_B,lin-sv,40,FALSE,TRUE,,-9.9526,TRUE,5,-850,TRUE,DPD_STATUS_FAIL,,-14.7427,FALSE,TRUE,40,21,46164,,CtrlLinStateStartLate=started,5,45.1474,BOOST,-9.9204,TRUE,TRUE,FALSE,412,PA abnormal
3065,Radio 2271 B28,EM8A343071,8/7/2024 16:31,PA abnormal,pa_issues,,supervision,525,BF,TRUE,FALSE,on,24,47.2,37.2,117,CtrlGainStateTuned=started,45992,-9.815,TRUE,-80,,,DPD_SCHD_MEAS_STATUS_TOR_ADC_ERR_B,lin-sv,40,FALSE,TRUE,,-9.8934,TRUE,5,-850,TRUE,DPD_STATUS_FAIL,,-14.8301,FALSE,TRUE,40,20,46078,,CtrlLinStateStartLate=started,5,45.0066,BOOST,-9.7045,TRUE,TRUE,FALSE,409,PA abnormal
3066,Radio 2271 B28,EM8A343071,8/7/2024 16:31,PA abnormal,pa_issues,,supervision,148,BF,TRUE,FALSE,on,24,47.2,37.2,113,CtrlGainStateTuned=started,45902,-10.547,TRUE,-100,,,DPD_SCHD_MEAS_STATUS_TOR_ADC_ERR_B,lin-sv,40,FALSE,TRUE,,-10.5217,TRUE,5,-850,TRUE,DPD_STATUS_FAIL,,-15.3156,FALSE,TRUE,40,20,46164,,CtrlLinStateStartLate=started,5,44.1783,NORMAL,-10.8024,TRUE,TRUE,FALSE,424,PA abnormal
3067,Radio 2271 B28,EM8A343071,8/7/2024 16:32,PA abnormal,pa_issues,,supervision,104,BF,TRUE,FALSE,on,21,47.2,37.3,110,CtrlGainStateTuned=started,45867,-9.9929,TRUE,-120,,,DPD_SCHD_MEAS_STATUS_TOR_ADC_ERR_B,lin-sv,40,FALSE,TRUE,,-9.9895,TRUE,5,-850,TRUE,DPD_STATUS_FAIL,,-15.6394,FALSE,TRUE,40,20,46164,,CtrlLinStateStartLate=started,5,44.5105,NORMAL,-10.0284,TRUE,TRUE,FALSE,343,PA abnormal
3068,Radio 2271 B28,EM8A343071,8/7/2024 17:16,PA abnormal,pa_issues,,supervision,153,BF,TRUE,FALSE,on,24,47.2,40.6,116,CtrlGainStateTuned=started,46042,-9.215,TRUE,-140,,,DPD_SCHD_MEAS_STATUS_TOR_ADC_ERR_B,lin-sv,40,FALSE,TRUE,,-9.045,TRUE,10,-850,TRUE,DPD_STATUS_FAIL,,-14.5502,FALSE,TRUE,40,20,46199,,CtrlLinStateStartLate=started,5,45.255,NORMAL,-9.0792,TRUE,TRUE,FALSE,361,PA abnormal
3069,Radio 2271 B28,EM8A343071,8/7/2024 17:25,PA abnormal,pa_issues,,supervision,144,BF,TRUE,FALSE,on,24,47.2,37.3,112,CtrlGainStateTuned=started,45937,-9.8436,TRUE,-160,,,DPD_SCHD_MEAS_STATUS_TOR_ADC_ERR_B,lin-sv,40,FALSE,TRUE,,-9.7556,TRUE,5,-850,TRUE,DPD_STATUS_FAIL,,-15.1469,FALSE,TRUE,40,20,46164,,CtrlLinStateStartLate=started,5,44.3444,NORMAL,-9.8051,TRUE,TRUE,FALSE,394,PA abnormal
3070,Radio 2271 B28,EM8A343071,8/8/2024 18:35,PA abnormal,pa_issues,,supervision,319,BF,TRUE,FALSE,on,11,47.2,42.4,116,CtrlGainStateTuned=started,45921,-16.9869,TRUE,0,,,NA,lin-sv,40,FALSE,TRUE,,-16.9867,TRUE,23,-850,TRUE,DPD_STATUS_OK,,-21.3147,TRUE,TRUE,40,22,46078,,CtrlLinStateStarted=started,5,38.7133,BOOST,-17.1333,TRUE,TRUE,FALSE,325,PA abnormal
3071,Radio 2271 B28,EM8A343071,8/8/2024 21:12,PA abnormal,pa_issues,,supervision,262,BF,TRUE,FALSE,on,27,47.2,51.3,128,CtrlGainStateTuned=started,46007,-10.7361,TRUE,0,,,DPD_SCHD_MEAS_STATUS_TOR_ADC_ERR_B,lin-sv,40,FALSE,TRUE,,-10.7275,TRUE,17,-850,TRUE,DPD_STATUS_FAIL,,-15.8295,FALSE,TRUE,40,21,46093,,CtrlLinStateStartLate=started,5,44.9725,BOOST,-10.7278,TRUE,TRUE,FALSE,226,PA abnormal
3072,Radio 2271 B28,EM8A343071,8/8/2024 21:27,PA abnormal,pa_issues,,supervision,173,BF,TRUE,FALSE,on,27,47.2,52.3,127,CtrlGainStateTuned=started,46023,-24.7439,TRUE,-20,,,NA,lin-sv,40,FALSE,TRUE,,-24.6805,TRUE,7,-850,TRUE,DPD_STATUS_OK,,-26.8419,FALSE,TRUE,40,21,46214,,CtrlLinStateStartLate=started,5,30.8195,NORMAL,-23.6673,TRUE,TRUE,FALSE,223,PA abnormal
3073,Radio 2271 B28,EM8A343071,8/9/2024 1:06,PA abnormal,pa_issues,,supervision,238,BF,TRUE,FALSE,on,15,47.2,51.1,125,CtrlGainStateTuned=started,45937,-18.8722,TRUE,0,,,NA,lin-sv,40,FALSE,TRUE,,-19.011,TRUE,14,-850,TRUE,DPD_STATUS_OK,,-23.1238,FALSE,TRUE,40,21,46113,,CtrlLinStateStartLate=started,5,36.689,BOOST,-18.55,TRUE,TRUE,FALSE,223,PA abnormal
3074,Radio 2271 B28,EM8A343071,8/9/2024 1:53,PA abnormal,pa_issues,,supervision,260,BF,TRUE,FALSE,on,26,47.2,51.9,127,CtrlGainStateTuned=started,46007,-10.7017,TRUE,-20,,,DPD_SCHD_MEAS_STATUS_TOR_ADC_ERR_B,lin-sv,40,FALSE,TRUE,,-10.7198,TRUE,9,-850,TRUE,DPD_STATUS_FAIL,,-15.4517,FALSE,TRUE,40,20,46148,,CtrlLinStateStartLate=started,5,44.7802,BOOST,-10.5419,TRUE,TRUE,FALSE,247,PA abnormal
3075,Radio 2271 B28,EM8A343071,8/9/2024 3:47,PA abnormal,pa_issues,,supervision,268,BF,TRUE,FALSE,on,18,47.2,39,113,CtrlGainStateTuned=started,45921,-14.2524,TRUE,-20,,,NA,lin-sv,40,FALSE,TRUE,,-14.3606,TRUE,9,-850,TRUE,DPD_STATUS_OK,,-19.6305,FALSE,TRUE,40,20,46199,,CtrlLinStateStartLate=started,5,41.1394,BOOST,-14.3981,TRUE,TRUE,FALSE,334,PA abnormal
3076,Radio 2271 B28,EM8A343071,8/9/2024 11:19,PA abnormal,pa_issues,,supervision,537,BF,TRUE,FALSE,on,18,47.2,31.8,102,CtrlGainStateTuned=started,45921,-10.612,TRUE,0,,,DPD_SCHD_MEAS_STATUS_TOR_ADC_ERR_B,lin-sv,40,FALSE,TRUE,,-10.6295,TRUE,20,-850,TRUE,DPD_STATUS_FAIL,,-15.7164,FALSE,TRUE,40,21,46113,,CtrlLinStateStartLate=started,5,45.0705,BOOST,-10.6513,TRUE,TRUE,FALSE,340,PA abnormal
3077,Radio 2271 B28,EM8A343071,8/9/2024 11:19,PA abnormal,pa_issues,,supervision,105,BF,TRUE,FALSE,on,15,47.2,32,103,CtrlGainStateTuned=started,45957,-10.9198,TRUE,-20,,,DPD_SCHD_MEAS_STATUS_TOR_ADC_ERR_B,lin-sv,40,FALSE,TRUE,,-10.9174,TRUE,5,-850,TRUE,DPD_STATUS_FAIL,,-15.1965,TRUE,TRUE,40,21,46093,,CtrlLinStateStarted=started,5,44.5826,NORMAL,-10.8383,TRUE,TRUE,FALSE,415,PA abnormal
3078,Radio 2271 B28,EM8A343071,8/9/2024 12:03,PA abnormal,pa_issues,,supervision,365,BF,TRUE,FALSE,on,14,47.2,30.3,97,CtrlGainStateTuned=started,45886,-10.0493,TRUE,-40,,,DPD_SCHD_MEAS_STATUS_TOR_ADC_ERR_B,lin-sv,40,FALSE,TRUE,,-10.1079,TRUE,13,-850,TRUE,DPD_STATUS_FAIL,,-15.0222,FALSE,TRUE,40,21,46199,,CtrlLinStateStartLate=started,5,45.1921,BOOST,-9.8894,TRUE,TRUE,FALSE,382,PA abnormal
3079,Radio 2271 B28,EM8A343071,8/9/2024 15:03,PA abnormal,pa_issues,,supervision,54,BF,TRUE,FALSE,on,22,47.2,26.7,81,CtrlGainStateTuned=started,45886,-9.6183,TRUE,-20,,,DPD_SCHD_MEAS_STATUS_TOR_ADC_ERR_B,lin-sv,40,FALSE,TRUE,,-9.3612,TRUE,19,-850,TRUE,DPD_STATUS_FAIL,,-15.1146,FALSE,TRUE,40,20,46214,,CtrlLinStateStartLate=started,5,46.1388,NORMAL,-9.528,TRUE,TRUE,FALSE,259,PA abnormal
3080,Radio 2271 B28,EM8A343071,8/9/2024 15:57,PA abnormal,pa_issues,,supervision,529,BF,TRUE,FALSE,on,15,47.2,28.3,89,CtrlGainStateTuned=started,46042,-10.1097,TRUE,0,,,DPD_SCHD_MEAS_STATUS_TOR_ADC_ERR_B,lin-sv,40,FALSE,TRUE,,-10.0547,TRUE,5,-850,TRUE,DPD_STATUS_FAIL,,-15.5377,FALSE,TRUE,40,20,46214,,CtrlLinStateStartLate=started,5,45.6453,BOOST,-10.2985,TRUE,TRUE,FALSE,334,PA abnormal
3081,Radio 2271 B28,EM8A343071,8/9/2024 16:43,PA abnormal,pa_issues,,supervision,332,BF,TRUE,FALSE,on,16,47.2,24.2,80,CtrlGainStateTuned=started,45867,-10.8858,TRUE,-20,,,DPD_SCHD_MEAS_STATUS_TOR_ADC_ERR_B,lin-sv,40,FALSE,TRUE,,-10.95,TRUE,20,-850,TRUE,DPD_STATUS_FAIL,,-16.4819,TRUE,TRUE,40,20,46128,,CtrlLinStateStarted=started,5,44.55,BOOST,-11.0201,TRUE,TRUE,FALSE,388,PA abnormal
3082,Radio 2271 B28,EM8A343071,8/9/2024 16:43,PA abnormal,pa_issues,,supervision,328,BF,TRUE,FALSE,on,15,47.2,24.3,83,CtrlGainStateTuned=started,46007,-15.1636,TRUE,-40,,,NA,lin-sv,40,FALSE,TRUE,,-15.1456,TRUE,5,-850,TRUE,DPD_STATUS_OK,,-19.7605,TRUE,TRUE,40,20,46128,,CtrlLinStateStarted=started,5,40.1544,BOOST,-15.2207,TRUE,TRUE,FALSE,403,PA abnormal
3083,Radio 2271 B28,EM8A343071,8/9/2024 16:44,PA abnormal,pa_issues,,supervision,404,BF,TRUE,FALSE,on,12,47.2,24.2,83,CtrlGainStateTuned=started,45957,-17.7,TRUE,-60,,,NA,lin-sv,40,FALSE,TRUE,,-17.6966,TRUE,5,-850,TRUE,DPD_STATUS_OK,,-21.7367,TRUE,TRUE,40,20,46164,,CtrlLinStateStarted=started,5,37.4034,BOOST,-17.8812,TRUE,TRUE,FALSE,427,PA abnormal
3084,Radio 2271 B28,EM8A343071,8/9/2024 16:44,PA abnormal,pa_issues,,supervision,73,BF,TRUE,FALSE,on,22,47.2,24.3,76,CtrlGainStateTuned=started,46058,-10.975,TRUE,-80,,,DPD_SCHD_MEAS_STATUS_TOR_ADC_ERR_B,lin-sv,40,FALSE,TRUE,,-10.9958,TRUE,5,-850,TRUE,DPD_STATUS_FAIL,,-16.066,TRUE,TRUE,40,20,46214,,CtrlLinStateStarted=started,5,43.9042,NORMAL,-11.1557,TRUE,TRUE,FALSE,427,PA abnormal
3085,Radio 2271 B28,EM8A343071,8/9/2024 16:52,PA abnormal,pa_issues,,supervision,276,BF,TRUE,FALSE,on,19,47.2,24.7,87,CtrlGainStateTuned=started,46058,-9.7314,TRUE,-100,,,DPD_SCHD_MEAS_STATUS_TOR_ADC_ERR_B,lin-sv,40,FALSE,TRUE,,-9.6241,TRUE,7,-850,TRUE,DPD_STATUS_FAIL,,-15.1944,TRUE,TRUE,40,21,46164,,CtrlLinStateStarted=started,5,45.0759,BOOST,-9.6446,TRUE,TRUE,FALSE,454,PA abnormal
3086,Radio 2271 B28,EM8A343071,8/9/2024 17:15,PA abnormal,pa_issues,,supervision,492,BF,TRUE,FALSE,on,20,47.2,25.8,91,CtrlGainStateTuned=started,45937,-12.914,TRUE,-120,,,DPD_SCHD_MEAS_STATUS_TOR_ADC_ERR_B,lin-sv,40,FALSE,TRUE,,-12.9427,TRUE,13,-850,TRUE,DPD_STATUS_FAIL,,-18.1728,FALSE,TRUE,40,20,46113,,CtrlLinStateStartLate=started,5,41.5573,BOOST,-12.9927,TRUE,TRUE,FALSE,475,PA abnormal
3087,Radio 2271 B28,EM8A343071,8/9/2024 17:15,PA abnormal,pa_issues,,supervision,642,BF,TRUE,FALSE,on,22,47.2,25.9,94,CtrlGainStateTuned=started,45921,-9.8759,TRUE,-140,,,DPD_SCHD_MEAS_STATUS_TOR_ADC_ERR_B,lin-sv,40,FALSE,TRUE,,-9.8592,TRUE,5,-850,TRUE,DPD_STATUS_FAIL,,-15.0712,FALSE,TRUE,40,20,46128,,CtrlLinStateStartLate=started,5,44.4408,BOOST,-9.8403,TRUE,TRUE,FALSE,499,PA abnormal
3088,Radio 2271 B28,EM8A343071,8/9/2024 17:26,PA abnormal,pa_issues,,supervision,121,BF,TRUE,FALSE,on,22,47.2,27.8,93,CtrlGainStateTuned=started,45992,-9.6894,TRUE,-160,,,DPD_SCHD_MEAS_STATUS_TOR_ADC_ERR_B,lin-sv,40,FALSE,TRUE,,-9.7393,TRUE,8,-850,TRUE,DPD_STATUS_FAIL,,-14.2945,TRUE,TRUE,40,21,46128,,CtrlLinStateStarted=started,5,44.3607,NORMAL,-9.9641,TRUE,TRUE,FALSE,556,PA abnormal
3089,Radio 2271 B28,EM8A343071,8/9/2024 17:39,PA abnormal,pa_issues,,supervision,640,BF,TRUE,FALSE,on,17,47.2,26.6,99,CtrlGainStateTuned=started,45937,-9.9347,TRUE,-180,,,DPD_SCHD_MEAS_STATUS_TOR_ADC_ERR_B,lin-sv,40,FALSE,TRUE,,-9.9346,TRUE,7,-850,TRUE,DPD_STATUS_FAIL,,-14.8576,TRUE,TRUE,40,20,46199,,CtrlLinStateStarted=started,5,43.9654,BOOST,-10.0491,TRUE,TRUE,FALSE,565,PA abnormal
3090,Radio 2271 B28,EM8A343071,8/3/2024 3:44,PA abnormal,pa_issues,,ramping timeout,209,BF,TRUE,FALSE,off,75,47.2,38.8,141,CtrlGainStateRamping=starting,45937,-14.661,TRUE,0,,,NA,lin-ramping,40,FALSE,TRUE,,-21.788,TRUE,1,-850,TRUE,DPD_STATUS_OK,,-19.0181,FALSE,TRUE,40,48,46148,,ns=stopped,5,33.912,NORMAL,-15.0507,TRUE,TRUE,FALSE,1905,PA abnormal
3091,Radio 2271 B28,EM8A343071,8/4/2024 10:01,PA abnormal,pa_issues,,supervision,78,BF,TRUE,FALSE,on,28,47.2,33.3,109,CtrlGainStateTuned=started,45957,-24.2995,TRUE,0,,,NA,lin-sv,40,FALSE,TRUE,,-24.3435,TRUE,100,-850,TRUE,DPD_STATUS_OK,,-26.4778,FALSE,TRUE,40,23,46199,,CtrlLinStateStartLate=started,5,31.3565,NORMAL,-23.4072,TRUE,TRUE,FALSE,433,PA abnormal
3092,Radio 2271 B28,EM8A343071,8/4/2024 12:19,PA abnormal,pa_issues,,supervision,418,BF,TRUE,FALSE,on,29,47.2,39,123,CtrlGainStateTuned=started,46007,-10.228,TRUE,0,,,DPD_SCHD_MEAS_STATUS_TOR_ADC_ERR_B,lin-sv,40,FALSE,TRUE,,-10.2791,TRUE,13,-850,TRUE,DPD_STATUS_FAIL,,-14.7717,TRUE,TRUE,40,23,46128,,CtrlLinStateStarted=started,5,45.4209,BOOST,-10.1167,TRUE,TRUE,FALSE,460,PA abnormal
3093,Radio 2271 B28,EM8A343071,8/4/2024 15:37,PA abnormal,pa_issues,,supervision,142,BF,TRUE,FALSE,on,28,47.2,35.8,116,CtrlGainStateTuned=started,46042,-9.8833,TRUE,0,,,DPD_SCHD_MEAS_STATUS_TOR_ADC_ERR_B,lin-sv,40,FALSE,TRUE,,-9.9365,TRUE,13,-850,TRUE,DPD_STATUS_FAIL,,-15.1287,FALSE,TRUE,40,22,46113,,CtrlLinStateStartLate=started,5,45.7635,NORMAL,-9.9948,TRUE,TRUE,FALSE,388,PA abnormal
3094,Radio 2271 B28,EM8A343071,8/4/2024 16:51,PA abnormal,pa_issues,,supervision,138,BF,TRUE,FALSE,on,28,47.2,38.7,121,CtrlGainStateTuned=started,45902,-18.6806,TRUE,0,,,NA,lin-sv,40,FALSE,TRUE,,-18.5103,TRUE,5,-850,TRUE,DPD_STATUS_OK,,-22.0875,FALSE,TRUE,40,22,46199,,CtrlLinStateStartLate=started,5,37.1897,NORMAL,-18.9611,TRUE,TRUE,FALSE,394,PA abnormal
3095,Radio 2271 B28,EM8A343071,8/4/2024 19:07,PA abnormal,pa_issues,,supervision,171,BF,TRUE,FALSE,on,30,47.2,46.8,130,CtrlGainStateTuned=started,45957,-10.5253,TRUE,0,,,DPD_SCHD_MEAS_STATUS_TOR_ADC_ERR_B,lin-sv,40,FALSE,TRUE,,-10.5796,TRUE,7,-850,TRUE,DPD_STATUS_FAIL,,-14.7647,FALSE,TRUE,40,22,46214,,CtrlLinStateStartLate=started,5,45.1204,NORMAL,-10.3741,TRUE,TRUE,FALSE,385,PA abnormal
3096,Radio 2271 B28,EM8A343071,8/4/2024 19:42,PA abnormal,pa_issues,,supervision,166,BF,TRUE,FALSE,on,30,47.2,44.6,127,CtrlGainStateTuned=started,45867,-10.1654,TRUE,-20,,,DPD_SCHD_MEAS_STATUS_TOR_ADC_ERR_B,lin-sv,40,FALSE,TRUE,,-10.1731,TRUE,5,-850,TRUE,DPD_STATUS_FAIL,,-14.7766,FALSE,TRUE,40,22,46199,,CtrlLinStateStartLate=started,5,45.3269,NORMAL,-10.0426,TRUE,TRUE,FALSE,388,PA abnormal
3097,Radio 2271 B28,EM8A343071,8/4/2024 19:42,PA abnormal,pa_issues,,supervision,169,BF,TRUE,FALSE,on,29,47.2,44.8,129,CtrlGainStateTuned=started,45992,-10.4807,TRUE,-40,,,DPD_SCHD_MEAS_STATUS_TOR_ADC_ERR_B,lin-sv,40,FALSE,TRUE,,-10.4865,TRUE,5,-850,TRUE,DPD_STATUS_FAIL,,-14.8163,FALSE,TRUE,40,22,46078,,CtrlLinStateStartLate=started,5,44.8135,NORMAL,-10.4283,TRUE,TRUE,FALSE,442,PA abnormal
3098,Radio 2271 B28,EM8A343071,8/4/2024 19:42,PA abnormal,pa_issues,,supervision,170,BF,TRUE,FALSE,on,29,47.2,45,129,CtrlGainStateTuned=started,46023,-9.7502,TRUE,-60,,,DPD_SCHD_MEAS_STATUS_TOR_ADC_ERR_B,lin-sv,40,FALSE,TRUE,,-9.7625,TRUE,5,-850,TRUE,DPD_STATUS_FAIL,,-14.15,FALSE,TRUE,40,22,46128,,CtrlLinStateStartLate=started,5,45.3375,NORMAL,-9.6646,TRUE,TRUE,FALSE,451,PA abnormal
3099,Radio 2271 B28,EM8A343071,8/4/2024 20:29,PA abnormal,pa_issues,,supervision,166,BF,TRUE,FALSE,on,29,47.2,43.1,129,CtrlGainStateTuned=started,46007,-9.3165,TRUE,-80,,,DPD_SCHD_MEAS_STATUS_TOR_ADC_ERR_B,lin-sv,40,FALSE,TRUE,,-9.3179,TRUE,10,-850,TRUE,DPD_STATUS_FAIL,,-14.3151,FALSE,TRUE,40,22,46078,,CtrlLinStateStartLate=started,5,45.5821,NORMAL,-9.5465,TRUE,TRUE,FALSE,460,PA abnormal
3100,Radio 2271 B28,EM8A343071,8/5/2024 1:01,PA abnormal,pa_issues,,supervision,170,BF,TRUE,FALSE,on,25,47.2,47.4,128,CtrlGainStateTuned=started,45902,-10.1611,TRUE,-20,,,DPD_SCHD_MEAS_STATUS_TOR_ADC_ERR_B,lin-sv,40,FALSE,TRUE,,-10.1721,TRUE,5,-850,TRUE,DPD_STATUS_FAIL,,-14.596,FALSE,TRUE,40,21,46148,,CtrlLinStateStartLate=started,5,45.3279,NORMAL,-10.2664,TRUE,TRUE,FALSE,376,PA abnormal
3101,Radio 2271 B28,EM8A343071,8/5/2024 4:44,PA abnormal,pa_issues,,supervision,174,BF,TRUE,FALSE,on,28,47.2,48.1,127,CtrlGainStateTuned=started,45937,-9.8943,TRUE,0,,,DPD_SCHD_MEAS_STATUS_TOR_ADC_ERR_B,lin-sv,40,FALSE,TRUE,,-9.8859,TRUE,5,-850,TRUE,DPD_STATUS_FAIL,,-14.9429,FALSE,TRUE,40,21,46148,,CtrlLinStateStartLate=started,5,45.8141,NORMAL,-9.7717,TRUE,TRUE,FALSE,244,PA abnormal
3102,Radio 2271 B28,EM8A343071,8/5/2024 5:01,PA abnormal,pa_issues,,supervision,271,BF,TRUE,FALSE,on,26,47.2,50.7,128,CtrlGainStateTuned=started,46007,-17.6277,TRUE,-20,,,NA,lin-sv,40,FALSE,TRUE,,-17.7013,TRUE,10,-850,TRUE,DPD_STATUS_OK,,-22.6929,TRUE,TRUE,40,22,46199,,CtrlLinStateStarted=started,5,37.7987,BOOST,-18.1738,TRUE,TRUE,FALSE,262,PA abnormal
3103,Radio 2271 B28,EM8A343071,8/5/2024 5:23,PA abnormal,pa_issues,,supervision,170,BF,TRUE,FALSE,on,28,47.2,45.9,128,CtrlGainStateTuned=started,46023,-10.0304,TRUE,-40,,,NA,lin-sv,40,FALSE,TRUE,,-10.0316,TRUE,7,-850,TRUE,DPD_STATUS_OK,,-14.9042,FALSE,TRUE,40,21,46093,,CtrlLinStateStartLate=started,5,45.2684,NORMAL,-9.9872,TRUE,TRUE,FALSE,361,PA abnormal
3104,Radio 2271 B28,EM8A343071,8/5/2024 5:23,PA abnormal,pa_issues,,supervision,167,BF,TRUE,FALSE,on,28,47.2,46,123,CtrlGainStateTuned=started,45992,-9.7421,TRUE,-60,,,DPD_SCHD_MEAS_STATUS_TOR_ADC_ERR_B,lin-sv,40,FALSE,TRUE,,-9.7284,TRUE,5,-850,TRUE,DPD_STATUS_FAIL,,-15.0159,FALSE,TRUE,40,21,46148,,CtrlLinStateStartLate=started,5,45.3716,NORMAL,-9.8516,TRUE,TRUE,FALSE,319,PA abnormal
3105,Radio 2271 B28,EM8A343071,8/5/2024 5:23,PA abnormal,pa_issues,,supervision,357,BF,TRUE,FALSE,on,28,47.2,46.2,127,CtrlGainStateTuned=started,45902,-11.581,TRUE,-80,,,DPD_SCHD_MEAS_STATUS_TOR_ADC_ERR_B,lin-sv,40,FALSE,TRUE,,-11.5641,TRUE,5,-850,TRUE,DPD_STATUS_FAIL,,-16.2541,FALSE,TRUE,40,21,46113,,CtrlLinStateStartLate=started,5,43.3359,BOOST,-11.5089,TRUE,TRUE,FALSE,370,PA abnormal
3106,Radio 2271 B28,EM8A343071,8/5/2024 5:24,PA abnormal,pa_issues,,supervision,169,BF,TRUE,FALSE,on,27,47.2,46.4,123,CtrlGainStateTuned=started,45992,-10.6764,TRUE,-100,,,DPD_SCHD_MEAS_STATUS_TOR_ADC_ERR_B,lin-sv,40,FALSE,TRUE,,-10.6719,TRUE,5,-850,TRUE,DPD_STATUS_FAIL,,-15.5143,FALSE,TRUE,40,21,46164,,CtrlLinStateStartLate=started,5,44.0281,NORMAL,-10.6363,TRUE,TRUE,FALSE,364,PA abnormal
3107,Radio 2271 B28,EM8A343071,8/5/2024 5:24,PA abnormal,pa_issues,,supervision,168,BF,TRUE,FALSE,on,28,47.2,46.6,130,CtrlGainStateTuned=started,46023,-9.8695,TRUE,-120,,,NA,lin-sv,40,FALSE,TRUE,,-9.868,TRUE,5,-850,TRUE,DPD_STATUS_OK,,-14.0529,FALSE,TRUE,40,21,46214,,CtrlLinStateStartLate=started,5,44.632,NORMAL,-9.8887,TRUE,TRUE,FALSE,463,PA abnormal
3108,Radio 2271 B28,EM8A343071,8/5/2024 5:24,PA abnormal,pa_issues,,supervision,171,BF,TRUE,FALSE,on,28,47.2,46.8,128,CtrlGainStateTuned=started,45867,-13.2666,TRUE,-140,,,NA,lin-sv,40,FALSE,TRUE,,-13.2554,TRUE,5,-850,TRUE,DPD_STATUS_OK,,-17.0503,FALSE,TRUE,40,21,46078,,CtrlLinStateStartLate=started,5,41.0446,NORMAL,-12.9722,TRUE,TRUE,FALSE,430,PA abnormal
3109,Radio 2271 B28,EM8A343071,8/5/2024 5:25,PA abnormal,pa_issues,,supervision,174,BF,TRUE,FALSE,on,28,47.2,47,130,CtrlGainStateTuned=started,45851,-11.0406,TRUE,-160,,,NA,lin-sv,40,FALSE,TRUE,,-11.089,TRUE,5,-850,TRUE,DPD_STATUS_OK,,-15.6793,FALSE,TRUE,40,21,46113,,CtrlLinStateStartLate=started,5,43.011,NORMAL,-11.3586,TRUE,TRUE,FALSE,472,PA abnormal
3110,Radio 2271 B28,EM8A343071,8/5/2024 5:25,PA abnormal,pa_issues,,supervision,172,BF,TRUE,FALSE,on,28,47.2,47.2,130,CtrlGainStateTuned=started,46007,-10.2936,TRUE,-180,,,DPD_SCHD_MEAS_STATUS_TOR_ADC_ERR_B,lin-sv,40,FALSE,TRUE,,-10.2909,TRUE,5,-850,TRUE,DPD_STATUS_FAIL,,-14.4038,FALSE,TRUE,40,21,46113,,CtrlLinStateStartLate=started,5,43.6091,NORMAL,-10.1083,TRUE,TRUE,FALSE,499,PA abnormal
3111,Radio 2271 B28,EM8A343071,8/5/2024 15:39,PA abnormal,pa_issues,,supervision,165,BF,TRUE,FALSE,on,27,47.2,45.6,124,CtrlGainStateTuned=started,45957,-10.7794,TRUE,0,,,DPD_SCHD_MEAS_STATUS_TOR_ADC_ERR_B,lin-sv,40,FALSE,TRUE,,-10.8241,TRUE,11,-850,TRUE,DPD_STATUS_FAIL,,-15.5004,FALSE,TRUE,40,21,46148,,CtrlLinStateStartLate=started,5,44.8759,NORMAL,-10.7955,TRUE,TRUE,FALSE,322,PA abnormal
3112,Radio 2271 B28,EM8A343071,8/5/2024 15:39,PA abnormal,pa_issues,,supervision,164,BF,TRUE,FALSE,on,27,47.2,45.6,123,CtrlGainStateTuned=started,45832,-9.9435,TRUE,-20,,,DPD_SCHD_MEAS_STATUS_TOR_ADC_ERR_B,lin-sv,40,FALSE,TRUE,,-9.9826,TRUE,5,-850,TRUE,DPD_STATUS_FAIL,,-15.0354,FALSE,TRUE,40,21,46042,,CtrlLinStateStartLate=started,5,45.5174,NORMAL,-10.009,TRUE,TRUE,FALSE,310,PA abnormal
3113,Radio 2271 B28,EM8A343071,8/5/2024 15:40,PA abnormal,pa_issues,,supervision,164,BF,TRUE,FALSE,on,27,47.2,45.7,121,CtrlGainStateTuned=started,45972,-10.8722,TRUE,-40,,,DPD_SCHD_MEAS_STATUS_TOR_ADC_ERR_B,lin-sv,40,FALSE,TRUE,,-10.8835,TRUE,5,-850,TRUE,DPD_STATUS_FAIL,,-16.0887,FALSE,TRUE,40,21,46113,,CtrlLinStateStartLate=started,5,44.4165,NORMAL,-11.1131,TRUE,TRUE,FALSE,307,PA abnormal
3114,Radio 2271 B28,EM8A343071,8/5/2024 15:40,PA abnormal,pa_issues,,supervision,163,BF,TRUE,FALSE,on,27,47.2,45.9,120,CtrlGainStateTuned=started,45851,-10.3856,TRUE,-60,,,DPD_SCHD_MEAS_STATUS_TOR_ADC_ERR_B,lin-sv,40,FALSE,TRUE,,-10.3809,TRUE,5,-850,TRUE,DPD_STATUS_FAIL,,-15.7333,FALSE,TRUE,40,21,46199,,CtrlLinStateStartLate=started,5,44.7191,NORMAL,-10.6138,TRUE,TRUE,FALSE,322,PA abnormal
3115,Radio 2271 B28,EM8A343071,8/5/2024 15:40,PA abnormal,pa_issues,,supervision,164,BF,TRUE,FALSE,on,27,47.2,45.9,121,CtrlGainStateTuned=started,46023,-9.7581,TRUE,-80,,,DPD_SCHD_MEAS_STATUS_TOR_ADC_ERR_B,lin-sv,40,FALSE,TRUE,,-9.7637,TRUE,5,-850,TRUE,DPD_STATUS_FAIL,,-14.9418,FALSE,TRUE,40,21,46148,,CtrlLinStateStartLate=started,5,45.1363,NORMAL,-9.8464,TRUE,TRUE,FALSE,349,PA abnormal
3116,Radio 2271 B28,EM8A343071,8/5/2024 15:41,PA abnormal,pa_issues,,supervision,388,BF,TRUE,FALSE,on,27,47.2,45.9,129,CtrlGainStateTuned=started,45832,-10.4084,TRUE,-100,,,DPD_SCHD_MEAS_STATUS_TOR_ADC_ERR_B,lin-sv,40,FALSE,TRUE,,-10.4153,TRUE,5,-850,TRUE,DPD_STATUS_FAIL,,-14.5778,FALSE,TRUE,40,21,46078,,CtrlLinStateStartLate=started,5,44.2847,BOOST,-10.4462,TRUE,TRUE,FALSE,475,PA abnormal
3117,Radio 2271 B28,EM8A343071,8/5/2024 15:41,PA abnormal,pa_issues,,supervision,170,BF,TRUE,FALSE,on,27,47.2,45.9,125,CtrlGainStateTuned=started,46023,-26.2739,TRUE,-120,,,NA,lin-sv,40,FALSE,TRUE,,-26.0905,TRUE,5,-850,TRUE,DPD_STATUS_OK,,-30.3973,FALSE,TRUE,40,22,46164,,CtrlLinStateStartLate=started,5,28.4095,NORMAL,-27.4034,TRUE,TRUE,FALSE,397,PA abnormal
3118,Radio 2271 B28,EM8A343071,8/5/2024 16:08,PA abnormal,pa_issues,,supervision,149,BF,TRUE,FALSE,on,26,47.2,40,117,CtrlGainStateTuned=started,45921,-17.4381,TRUE,0,,,DPD_SCHD_MEAS_STATUS_TOR_ADC_ERR_B,lin-sv,40,FALSE,TRUE,,-17.2923,TRUE,5,-850,TRUE,DPD_STATUS_FAIL,,-21.705,FALSE,TRUE,40,21,46164,,CtrlLinStateStartLate=started,5,38.4077,NORMAL,-18.6359,TRUE,TRUE,FALSE,331,PA abnormal
3119,Radio 2271 B28,EM8A343071,8/5/2024 22:29,PA abnormal,pa_issues,,supervision,164,BF,TRUE,FALSE,on,26,47.2,48.3,125,CtrlGainStateTuned=started,45992,-10.7479,TRUE,0,,,DPD_SCHD_MEAS_STATUS_TOR_ADC_ERR_B,lin-sv,40,FALSE,TRUE,,-10.757,TRUE,26,-850,TRUE,DPD_STATUS_FAIL,,-15.3852,FALSE,TRUE,40,20,46164,,CtrlLinStateStartLate=started,5,44.943,NORMAL,-10.5632,TRUE,TRUE,FALSE,250,PA abnormal
3120,Radio 2271 B28,EM8A343071,8/5/2024 22:29,PA abnormal,pa_issues,,supervision,163,BF,TRUE,FALSE,on,18,47.2,48.3,124,CtrlGainStateTuned=started,45957,-10.3429,TRUE,-20,,,DPD_SCHD_MEAS_STATUS_TOR_ADC_ERR_B,lin-sv,40,FALSE,TRUE,,-10.3691,TRUE,5,-850,TRUE,DPD_STATUS_FAIL,,-15.5398,FALSE,TRUE,40,20,46093,,CtrlLinStateStartLate=started,5,45.1309,NORMAL,-10.3791,TRUE,TRUE,FALSE,250,PA abnormal
3121,Radio 2271 B28,EM8A343071,8/5/2024 22:29,PA abnormal,pa_issues,,supervision,165,BF,TRUE,FALSE,on,26,47.2,48.3,124,CtrlGainStateTuned=started,46007,-10.3084,TRUE,-40,,,DPD_SCHD_MEAS_STATUS_TOR_ADC_ERR_B,lin-sv,40,FALSE,TRUE,,-10.319,TRUE,5,-850,TRUE,DPD_STATUS_FAIL,,-15.6492,FALSE,TRUE,40,21,46093,,CtrlLinStateStartLate=started,5,44.981,NORMAL,-10.2675,TRUE,TRUE,FALSE,235,PA abnormal
3122,Radio 2271 B28,EM8A343071,8/5/2024 22:30,PA abnormal,pa_issues,,supervision,323,BF,TRUE,FALSE,on,26,47.2,48.3,126,CtrlGainStateTuned=started,45937,-10.3943,TRUE,-60,,,DPD_SCHD_MEAS_STATUS_TOR_ADC_ERR_B,lin-sv,40,FALSE,TRUE,,-10.4161,TRUE,5,-850,TRUE,DPD_STATUS_FAIL,,-15.3156,FALSE,TRUE,40,20,46078,,CtrlLinStateStartLate=started,5,44.6839,BOOST,-10.2077,TRUE,TRUE,FALSE,313,PA abnormal
3123,Radio 2271 B28,EM8A343071,8/5/2024 22:30,PA abnormal,pa_issues,,supervision,324,BF,TRUE,FALSE,on,26,47.2,48.3,128,CtrlGainStateTuned=started,45886,-9.8349,TRUE,-80,,,DPD_SCHD_MEAS_STATUS_TOR_ADC_ERR_B,lin-sv,40,FALSE,TRUE,,-9.7777,TRUE,5,-850,TRUE,DPD_STATUS_FAIL,,-14.9071,FALSE,TRUE,40,20,46199,,CtrlLinStateStartLate=started,5,45.1223,BOOST,-9.7817,TRUE,TRUE,FALSE,319,PA abnormal
3124,Radio 2271 B28,EM8A343071,8/5/2024 22:30,PA abnormal,pa_issues,,supervision,169,BF,TRUE,FALSE,on,26,47.2,48.2,125,CtrlGainStateTuned=started,46023,-10.2014,TRUE,-100,,,DPD_SCHD_MEAS_STATUS_TOR_ADC_ERR_B,lin-sv,40,FALSE,TRUE,,-10.2064,TRUE,5,-850,TRUE,DPD_STATUS_FAIL,,-15.3303,FALSE,TRUE,40,20,46093,,CtrlLinStateStartLate=started,5,44.4936,NORMAL,-10.1298,TRUE,TRUE,FALSE,310,PA abnormal
3125,Radio 2271 B28,EM8A343071,8/5/2024 22:31,PA abnormal,pa_issues,,supervision,169,BF,TRUE,FALSE,on,26,47.2,48.2,126,CtrlGainStateTuned=started,46007,-9.7926,TRUE,-120,,,DPD_SCHD_MEAS_STATUS_TOR_ADC_ERR_B,lin-sv,40,FALSE,TRUE,,-9.7608,TRUE,5,-850,TRUE,DPD_STATUS_FAIL,,-14.979,FALSE,TRUE,40,20,46164,,CtrlLinStateStartLate=started,5,44.7392,NORMAL,-9.8427,TRUE,TRUE,FALSE,337,PA abnormal
3126,Radio 2271 B28,EM8A343071,8/5/2024 22:31,PA abnormal,pa_issues,,supervision,169,BF,TRUE,FALSE,on,21,47.2,48.1,125,CtrlGainStateTuned=started,45832,-9.8457,TRUE,-140,,,DPD_SCHD_MEAS_STATUS_TOR_ADC_ERR_B,lin-sv,40,FALSE,TRUE,,-9.8614,TRUE,5,-850,TRUE,DPD_STATUS_FAIL,,-14.7356,TRUE,TRUE,40,20,46078,,CtrlLinStateStarted=started,5,44.4386,NORMAL,-9.8273,TRUE,TRUE,FALSE,388,PA abnormal
3127,Radio 2271 B28,EM8A343071,8/6/2024 3:17,PA abnormal,pa_issues,,supervision,180,BF,TRUE,FALSE,on,25,47.2,55.3,131,CtrlGainStateTuned=started,46007,-9.7263,TRUE,-80,,,DPD_SCHD_MEAS_STATUS_TOR_ADC_ERR_B,lin-sv,40,FALSE,TRUE,,-9.581,TRUE,5,-850,TRUE,DPD_STATUS_FAIL,,-15.0963,FALSE,TRUE,40,19,46078,,CtrlLinStateStartLate=started,5,45.319,NORMAL,-9.6936,TRUE,TRUE,FALSE,163,PA abnormal
3128,Radio 2271 B28,EM8A343071,8/6/2024 22:25,PA abnormal,pa_issues,,supervision,247,BF,TRUE,FALSE,on,25,47.2,46.1,129,CtrlGainStateTuned=started,45867,-9.7288,TRUE,0,,,DPD_SCHD_MEAS_STATUS_TOR_ADC_ERR_B,lin-sv,40,FALSE,TRUE,,-9.7318,TRUE,18,-850,TRUE,DPD_STATUS_FAIL,,-14.4322,TRUE,TRUE,40,22,46078,,CtrlLinStateStarted=started,5,45.9682,BOOST,-9.9806,TRUE,TRUE,FALSE,355,PA abnormal
3129,Radio 2271 B28,EM8A343071,8/6/2024 22:50,PA abnormal,pa_issues,,supervision,169,BF,TRUE,FALSE,on,27,47.2,49.2,125,CtrlGainStateTuned=started,45867,-9.9219,TRUE,-20,,,DPD_SCHD_MEAS_STATUS_TOR_ADC_ERR_B,lin-sv,40,FALSE,TRUE,,-9.8735,TRUE,13,-850,TRUE,DPD_STATUS_FAIL,,-15.5296,FALSE,TRUE,40,22,46128,,CtrlLinStateStartLate=started,5,45.6265,NORMAL,-10.1735,TRUE,TRUE,FALSE,223,PA abnormal
3130,Radio 2271 B28,EM8A343071,8/6/2024 22:50,PA abnormal,pa_issues,,supervision,172,BF,TRUE,FALSE,on,27,47.2,49.4,126,CtrlGainStateTuned=started,45886,-10.5036,TRUE,-40,,,DPD_SCHD_MEAS_STATUS_TOR_ADC_ERR_B,lin-sv,40,FALSE,TRUE,,-10.4839,TRUE,5,-850,TRUE,DPD_STATUS_FAIL,,-15.3817,FALSE,TRUE,40,22,46148,,CtrlLinStateStartLate=started,5,44.8161,NORMAL,-10.1314,TRUE,TRUE,FALSE,244,PA abnormal
3131,Radio 2271 B28,EM8A343071,8/7/2024 1:17,PA abnormal,pa_issues,,supervision,532,BF,TRUE,FALSE,on,25,47.2,38.6,116,CtrlGainStateTuned=started,45992,-19.3787,TRUE,-20,,,NA,lin-sv,40,FALSE,TRUE,,-19.3256,TRUE,10,-850,TRUE,DPD_STATUS_OK,,-23.4129,TRUE,TRUE,40,21,46199,,CtrlLinStateStarted=started,5,36.1744,BOOST,-19.502,TRUE,TRUE,FALSE,346,PA abnormal
3132,Radio 2271 B28,EM8A343071,8/7/2024 2:07,PA abnormal,pa_issues,,supervision,378,BF,TRUE,FALSE,on,24,47.2,43.4,122,CtrlGainStateTuned=started,45992,-1000,TRUE,-40,,,NA,lin-sv,40,FALSE,TRUE,,-60.9577,TRUE,12,-850,TRUE,DPD_STATUS_OK,,-1000,TRUE,TRUE,40,21,46164,,CtrlLinStateStarted=started,5,0,BOOST,-1000,TRUE,TRUE,FALSE,346,PA abnormal
3133,Radio 2271 B28,EM8A343071,8/7/2024 3:17,PA abnormal,pa_issues,,supervision,149,BF,TRUE,FALSE,on,16,47.2,42.8,117,CtrlGainStateTuned=started,45902,-10.703,TRUE,-40,,,DPD_SCHD_MEAS_STATUS_TOR_ADC_ERR_B,lin-sv,40,FALSE,TRUE,,-10.6288,TRUE,5,-850,TRUE,DPD_STATUS_FAIL,,-15.8286,FALSE,TRUE,40,21,46183,,CtrlLinStateStartLate=started,5,44.6712,NORMAL,-10.4225,TRUE,TRUE,FALSE,265,PA abnormal
3134,Radio 2271 B28,EM8A343071,8/7/2024 3:18,PA abnormal,pa_issues,,supervision,281,BF,TRUE,FALSE,on,16,47.2,42.9,118,CtrlGainStateTuned=started,45867,-19.4522,TRUE,-60,,,NA,lin-sv,40,FALSE,TRUE,,-19.4273,TRUE,5,-850,TRUE,DPD_STATUS_OK,,-23.4675,TRUE,TRUE,40,21,46148,,CtrlLinStateStarted=started,5,35.6727,BOOST,-19.4255,TRUE,TRUE,FALSE,358,PA abnormal
3135,Radio 2271 B28,EM8A343071,8/7/2024 3:18,PA abnormal,pa_issues,,supervision,156,BF,TRUE,FALSE,on,26,47.2,43.2,118,CtrlGainStateTuned=started,46023,-9.2719,TRUE,-80,,,DPD_SCHD_MEAS_STATUS_TOR_ADC_ERR_B,lin-sv,40,FALSE,TRUE,,-9.0593,TRUE,5,-850,TRUE,DPD_STATUS_FAIL,,-14.8535,FALSE,TRUE,40,21,46128,,CtrlLinStateStartLate=started,5,45.8407,NORMAL,-9.458,TRUE,TRUE,FALSE,307,PA abnormal
3136,Radio 2271 B28,EM8A343071,8/7/2024 9:45,PA abnormal,pa_issues,,supervision,425,BF,TRUE,FALSE,on,16,47.2,39.1,115,CtrlGainStateTuned=started,45816,-25.8457,TRUE,0,,,NA,lin-sv,40,FALSE,TRUE,,-25.8385,TRUE,12,-850,TRUE,DPD_STATUS_OK,,-29.9178,FALSE,TRUE,40,20,46148,,CtrlLinStateStartLate=started,5,29.8615,BOOST,-26.0852,TRUE,TRUE,FALSE,313,PA abnormal
3137,Radio 2271 B28,EM8A343071,8/7/2024 10:14,PA abnormal,pa_issues,,supervision,527,BF,TRUE,FALSE,on,24,47.2,35.8,112,CtrlGainStateTuned=started,45937,-10.0625,TRUE,-20,,,DPD_SCHD_MEAS_STATUS_TOR_ADC_ERR_B,lin-sv,40,FALSE,TRUE,,-10.044,TRUE,12,-850,TRUE,DPD_STATUS_FAIL,,-15.3182,FALSE,TRUE,40,21,46093,,CtrlLinStateStartLate=started,5,45.456,BOOST,-10.0574,TRUE,TRUE,FALSE,325,PA abnormal
3138,Radio 2271 B28,EM8A343071,8/7/2024 14:07,PA abnormal,pa_issues,,supervision,541,BF,TRUE,FALSE,on,23,47.2,33.5,108,CtrlGainStateTuned=started,45972,-10.144,TRUE,0,,,DPD_SCHD_MEAS_STATUS_TOR_ADC_ERR_B,lin-sv,40,FALSE,TRUE,,-10.1516,TRUE,27,-850,TRUE,DPD_STATUS_FAIL,,-15.0675,FALSE,TRUE,40,20,46113,,CtrlLinStateStartLate=started,5,45.5484,BOOST,-10.1596,TRUE,TRUE,FALSE,358,PA abnormal
3139,Radio 2271 B28,EM8A343071,8/7/2024 14:33,PA abnormal,pa_issues,,supervision,495,BF,TRUE,FALSE,on,15,47.2,33.8,104,CtrlGainStateTuned=started,45867,-20.4611,TRUE,-20,,,NA,lin-sv,40,FALSE,TRUE,,-20.3443,TRUE,10,-850,TRUE,DPD_STATUS_OK,,-23.4394,FALSE,TRUE,40,21,46164,,CtrlLinStateStartLate=started,5,35.1557,BOOST,-19.7895,TRUE,TRUE,FALSE,352,PA abnormal
3140,Radio 2271 B28,EM8A343071,8/7/2024 16:30,PA abnormal,pa_issues,,supervision,144,BF,TRUE,FALSE,on,24,47.2,36.8,110,CtrlGainStateTuned=started,45902,-13.9635,TRUE,-20,,,DPD_SCHD_MEAS_STATUS_TOR_ADC_ERR_B,lin-sv,40,FALSE,TRUE,,-14.0051,TRUE,17,-850,TRUE,DPD_STATUS_FAIL,,-20.1818,FALSE,TRUE,40,20,46199,,CtrlLinStateStartLate=started,5,41.4949,NORMAL,-14.8043,TRUE,TRUE,FALSE,244,PA abnormal
3141,Radio 2271 B28,EM8A343071,8/7/2024 16:30,PA abnormal,pa_issues,,supervision,520,BF,TRUE,FALSE,on,24,47.2,37,115,CtrlGainStateTuned=started,45867,-10.1637,TRUE,-40,,,DPD_SCHD_MEAS_STATUS_TOR_ADC_ERR_B,lin-sv,40,FALSE,TRUE,,-10.2009,TRUE,5,-850,TRUE,DPD_STATUS_FAIL,,-15.2748,FALSE,TRUE,40,21,46113,,CtrlLinStateStartLate=started,5,45.0991,BOOST,-10.1777,TRUE,TRUE,FALSE,361,PA abnormal
3142,Radio 2271 B28,EM8A343071,8/7/2024 16:31,PA abnormal,pa_issues,,supervision,525,BF,TRUE,FALSE,on,24,47.2,37.1,116,CtrlGainStateTuned=started,45851,-9.9296,TRUE,-60,,,DPD_SCHD_MEAS_STATUS_TOR_ADC_ERR_B,lin-sv,40,FALSE,TRUE,,-9.9526,TRUE,5,-850,TRUE,DPD_STATUS_FAIL,,-14.7427,FALSE,TRUE,40,21,46164,,CtrlLinStateStartLate=started,5,45.1474,BOOST,-9.9204,TRUE,TRUE,FALSE,412,PA abnormal
3143,Radio 2271 B28,EM8A343071,8/7/2024 16:31,PA abnormal,pa_issues,,supervision,525,BF,TRUE,FALSE,on,24,47.2,37.2,117,CtrlGainStateTuned=started,45992,-9.815,TRUE,-80,,,DPD_SCHD_MEAS_STATUS_TOR_ADC_ERR_B,lin-sv,40,FALSE,TRUE,,-9.8934,TRUE,5,-850,TRUE,DPD_STATUS_FAIL,,-14.8301,FALSE,TRUE,40,20,46078,,CtrlLinStateStartLate=started,5,45.0066,BOOST,-9.7045,TRUE,TRUE,FALSE,409,PA abnormal
3144,Radio 2271 B28,EM8A343071,8/7/2024 16:31,PA abnormal,pa_issues,,supervision,148,BF,TRUE,FALSE,on,24,47.2,37.2,113,CtrlGainStateTuned=started,45902,-10.547,TRUE,-100,,,DPD_SCHD_MEAS_STATUS_TOR_ADC_ERR_B,lin-sv,40,FALSE,TRUE,,-10.5217,TRUE,5,-850,TRUE,DPD_STATUS_FAIL,,-15.3156,FALSE,TRUE,40,20,46164,,CtrlLinStateStartLate=started,5,44.1783,NORMAL,-10.8024,TRUE,TRUE,FALSE,424,PA abnormal
3145,Radio 2271 B28,EM8A343071,8/7/2024 16:32,PA abnormal,pa_issues,,supervision,104,BF,TRUE,FALSE,on,21,47.2,37.3,110,CtrlGainStateTuned=started,45867,-9.9929,TRUE,-120,,,DPD_SCHD_MEAS_STATUS_TOR_ADC_ERR_B,lin-sv,40,FALSE,TRUE,,-9.9895,TRUE,5,-850,TRUE,DPD_STATUS_FAIL,,-15.6394,FALSE,TRUE,40,20,46164,,CtrlLinStateStartLate=started,5,44.5105,NORMAL,-10.0284,TRUE,TRUE,FALSE,343,PA abnormal
3146,Radio 2271 B28,EM8A343071,8/7/2024 17:16,PA abnormal,pa_issues,,supervision,153,BF,TRUE,FALSE,on,24,47.2,40.6,116,CtrlGainStateTuned=started,46042,-9.215,TRUE,-140,,,DPD_SCHD_MEAS_STATUS_TOR_ADC_ERR_B,lin-sv,40,FALSE,TRUE,,-9.045,TRUE,10,-850,TRUE,DPD_STATUS_FAIL,,-14.5502,FALSE,TRUE,40,20,46199,,CtrlLinStateStartLate=started,5,45.255,NORMAL,-9.0792,TRUE,TRUE,FALSE,361,PA abnormal
3147,Radio 2271 B28,EM8A343071,8/7/2024 17:25,PA abnormal,pa_issues,,supervision,144,BF,TRUE,FALSE,on,24,47.2,37.3,112,CtrlGainStateTuned=started,45937,-9.8436,TRUE,-160,,,DPD_SCHD_MEAS_STATUS_TOR_ADC_ERR_B,lin-sv,40,FALSE,TRUE,,-9.7556,TRUE,5,-850,TRUE,DPD_STATUS_FAIL,,-15.1469,FALSE,TRUE,40,20,46164,,CtrlLinStateStartLate=started,5,44.3444,NORMAL,-9.8051,TRUE,TRUE,FALSE,394,PA abnormal
3148,Radio 2271 B28,EM8A343071,8/8/2024 18:35,PA abnormal,pa_issues,,supervision,319,BF,TRUE,FALSE,on,11,47.2,42.4,116,CtrlGainStateTuned=started,45921,-16.9869,TRUE,0,,,NA,lin-sv,40,FALSE,TRUE,,-16.9867,TRUE,23,-850,TRUE,DPD_STATUS_OK,,-21.3147,TRUE,TRUE,40,22,46078,,CtrlLinStateStarted=started,5,38.7133,BOOST,-17.1333,TRUE,TRUE,FALSE,325,PA abnormal
3149,Radio 2271 B28,EM8A343071,8/8/2024 21:12,PA abnormal,pa_issues,,supervision,262,BF,TRUE,FALSE,on,27,47.2,51.3,128,CtrlGainStateTuned=started,46007,-10.7361,TRUE,0,,,DPD_SCHD_MEAS_STATUS_TOR_ADC_ERR_B,lin-sv,40,FALSE,TRUE,,-10.7275,TRUE,17,-850,TRUE,DPD_STATUS_FAIL,,-15.8295,FALSE,TRUE,40,21,46093,,CtrlLinStateStartLate=started,5,44.9725,BOOST,-10.7278,TRUE,TRUE,FALSE,226,PA abnormal
3150,Radio 2271 B28,EM8A343071,8/8/2024 21:27,PA abnormal,pa_issues,,supervision,173,BF,TRUE,FALSE,on,27,47.2,52.3,127,CtrlGainStateTuned=started,46023,-24.7439,TRUE,-20,,,NA,lin-sv,40,FALSE,TRUE,,-24.6805,TRUE,7,-850,TRUE,DPD_STATUS_OK,,-26.8419,FALSE,TRUE,40,21,46214,,CtrlLinStateStartLate=started,5,30.8195,NORMAL,-23.6673,TRUE,TRUE,FALSE,223,PA abnormal
3151,Radio 2271 B28,EM8A343071,8/9/2024 1:06,PA abnormal,pa_issues,,supervision,238,BF,TRUE,FALSE,on,15,47.2,51.1,125,CtrlGainStateTuned=started,45937,-18.8722,TRUE,0,,,NA,lin-sv,40,FALSE,TRUE,,-19.011,TRUE,14,-850,TRUE,DPD_STATUS_OK,,-23.1238,FALSE,TRUE,40,21,46113,,CtrlLinStateStartLate=started,5,36.689,BOOST,-18.55,TRUE,TRUE,FALSE,223,PA abnormal
3152,Radio 2271 B28,EM8A343071,8/9/2024 1:53,PA abnormal,pa_issues,,supervision,260,BF,TRUE,FALSE,on,26,47.2,51.9,127,CtrlGainStateTuned=started,46007,-10.7017,TRUE,-20,,,DPD_SCHD_MEAS_STATUS_TOR_ADC_ERR_B,lin-sv,40,FALSE,TRUE,,-10.7198,TRUE,9,-850,TRUE,DPD_STATUS_FAIL,,-15.4517,FALSE,TRUE,40,20,46148,,CtrlLinStateStartLate=started,5,44.7802,BOOST,-10.5419,TRUE,TRUE,FALSE,247,PA abnormal
3153,Radio 2271 B28,EM8A343071,8/9/2024 3:47,PA abnormal,pa_issues,,supervision,268,BF,TRUE,FALSE,on,18,47.2,39,113,CtrlGainStateTuned=started,45921,-14.2524,TRUE,-20,,,NA,lin-sv,40,FALSE,TRUE,,-14.3606,TRUE,9,-850,TRUE,DPD_STATUS_OK,,-19.6305,FALSE,TRUE,40,20,46199,,CtrlLinStateStartLate=started,5,41.1394,BOOST,-14.3981,TRUE,TRUE,FALSE,334,PA abnormal
3154,Radio 2271 B28,EM8A343071,8/9/2024 11:19,PA abnormal,pa_issues,,supervision,537,BF,TRUE,FALSE,on,18,47.2,31.8,102,CtrlGainStateTuned=started,45921,-10.612,TRUE,0,,,DPD_SCHD_MEAS_STATUS_TOR_ADC_ERR_B,lin-sv,40,FALSE,TRUE,,-10.6295,TRUE,20,-850,TRUE,DPD_STATUS_FAIL,,-15.7164,FALSE,TRUE,40,21,46113,,CtrlLinStateStartLate=started,5,45.0705,BOOST,-10.6513,TRUE,TRUE,FALSE,340,PA abnormal
3155,Radio 2271 B28,EM8A343071,8/9/2024 11:19,PA abnormal,pa_issues,,supervision,105,BF,TRUE,FALSE,on,15,47.2,32,103,CtrlGainStateTuned=started,45957,-10.9198,TRUE,-20,,,DPD_SCHD_MEAS_STATUS_TOR_ADC_ERR_B,lin-sv,40,FALSE,TRUE,,-10.9174,TRUE,5,-850,TRUE,DPD_STATUS_FAIL,,-15.1965,TRUE,TRUE,40,21,46093,,CtrlLinStateStarted=started,5,44.5826,NORMAL,-10.8383,TRUE,TRUE,FALSE,415,PA abnormal
3156,Radio 2271 B28,EM8A343071,8/9/2024 12:03,PA abnormal,pa_issues,,supervision,365,BF,TRUE,FALSE,on,14,47.2,30.3,97,CtrlGainStateTuned=started,45886,-10.0493,TRUE,-40,,,DPD_SCHD_MEAS_STATUS_TOR_ADC_ERR_B,lin-sv,40,FALSE,TRUE,,-10.1079,TRUE,13,-850,TRUE,DPD_STATUS_FAIL,,-15.0222,FALSE,TRUE,40,21,46199,,CtrlLinStateStartLate=started,5,45.1921,BOOST,-9.8894,TRUE,TRUE,FALSE,382,PA abnormal
3157,Radio 2271 B28,EM8A343071,8/9/2024 15:03,PA abnormal,pa_issues,,supervision,54,BF,TRUE,FALSE,on,22,47.2,26.7,81,CtrlGainStateTuned=started,45886,-9.6183,TRUE,-20,,,DPD_SCHD_MEAS_STATUS_TOR_ADC_ERR_B,lin-sv,40,FALSE,TRUE,,-9.3612,TRUE,19,-850,TRUE,DPD_STATUS_FAIL,,-15.1146,FALSE,TRUE,40,20,46214,,CtrlLinStateStartLate=started,5,46.1388,NORMAL,-9.528,TRUE,TRUE,FALSE,259,PA abnormal
3158,Radio 2271 B28,EM8A343071,8/9/2024 15:57,PA abnormal,pa_issues,,supervision,529,BF,TRUE,FALSE,on,15,47.2,28.3,89,CtrlGainStateTuned=started,46042,-10.1097,TRUE,0,,,DPD_SCHD_MEAS_STATUS_TOR_ADC_ERR_B,lin-sv,40,FALSE,TRUE,,-10.0547,TRUE,5,-850,TRUE,DPD_STATUS_FAIL,,-15.5377,FALSE,TRUE,40,20,46214,,CtrlLinStateStartLate=started,5,45.6453,BOOST,-10.2985,TRUE,TRUE,FALSE,334,PA abnormal
3159,Radio 2271 B28,EM8A343071,8/9/2024 16:43,PA abnormal,pa_issues,,supervision,332,BF,TRUE,FALSE,on,16,47.2,24.2,80,CtrlGainStateTuned=started,45867,-10.8858,TRUE,-20,,,DPD_SCHD_MEAS_STATUS_TOR_ADC_ERR_B,lin-sv,40,FALSE,TRUE,,-10.95,TRUE,20,-850,TRUE,DPD_STATUS_FAIL,,-16.4819,TRUE,TRUE,40,20,46128,,CtrlLinStateStarted=started,5,44.55,BOOST,-11.0201,TRUE,TRUE,FALSE,388,PA abnormal
3160,Radio 2271 B28,EM8A343071,8/9/2024 16:43,PA abnormal,pa_issues,,supervision,328,BF,TRUE,FALSE,on,15,47.2,24.3,83,CtrlGainStateTuned=started,46007,-15.1636,TRUE,-40,,,NA,lin-sv,40,FALSE,TRUE,,-15.1456,TRUE,5,-850,TRUE,DPD_STATUS_OK,,-19.7605,TRUE,TRUE,40,20,46128,,CtrlLinStateStarted=started,5,40.1544,BOOST,-15.2207,TRUE,TRUE,FALSE,403,PA abnormal
3161,Radio 2271 B28,EM8A343071,8/9/2024 16:44,PA abnormal,pa_issues,,supervision,404,BF,TRUE,FALSE,on,12,47.2,24.2,83,CtrlGainStateTuned=started,45957,-17.7,TRUE,-60,,,NA,lin-sv,40,FALSE,TRUE,,-17.6966,TRUE,5,-850,TRUE,DPD_STATUS_OK,,-21.7367,TRUE,TRUE,40,20,46164,,CtrlLinStateStarted=started,5,37.4034,BOOST,-17.8812,TRUE,TRUE,FALSE,427,PA abnormal
3162,Radio 2271 B28,EM8A343071,8/9/2024 16:44,PA abnormal,pa_issues,,supervision,73,BF,TRUE,FALSE,on,22,47.2,24.3,76,CtrlGainStateTuned=started,46058,-10.975,TRUE,-80,,,DPD_SCHD_MEAS_STATUS_TOR_ADC_ERR_B,lin-sv,40,FALSE,TRUE,,-10.9958,TRUE,5,-850,TRUE,DPD_STATUS_FAIL,,-16.066,TRUE,TRUE,40,20,46214,,CtrlLinStateStarted=started,5,43.9042,NORMAL,-11.1557,TRUE,TRUE,FALSE,427,PA abnormal
3163,Radio 2271 B28,EM8A343071,8/9/2024 16:52,PA abnormal,pa_issues,,supervision,276,BF,TRUE,FALSE,on,19,47.2,24.7,87,CtrlGainStateTuned=started,46058,-9.7314,TRUE,-100,,,DPD_SCHD_MEAS_STATUS_TOR_ADC_ERR_B,lin-sv,40,FALSE,TRUE,,-9.6241,TRUE,7,-850,TRUE,DPD_STATUS_FAIL,,-15.1944,TRUE,TRUE,40,21,46164,,CtrlLinStateStarted=started,5,45.0759,BOOST,-9.6446,TRUE,TRUE,FALSE,454,PA abnormal
3164,Radio 2271 B28,EM8A343071,8/9/2024 17:15,PA abnormal,pa_issues,,supervision,492,BF,TRUE,FALSE,on,20,47.2,25.8,91,CtrlGainStateTuned=started,45937,-12.914,TRUE,-120,,,DPD_SCHD_MEAS_STATUS_TOR_ADC_ERR_B,lin-sv,40,FALSE,TRUE,,-12.9427,TRUE,13,-850,TRUE,DPD_STATUS_FAIL,,-18.1728,FALSE,TRUE,40,20,46113,,CtrlLinStateStartLate=started,5,41.5573,BOOST,-12.9927,TRUE,TRUE,FALSE,475,PA abnormal
3165,Radio 2271 B28,EM8A343071,8/9/2024 17:15,PA abnormal,pa_issues,,supervision,642,BF,TRUE,FALSE,on,22,47.2,25.9,94,CtrlGainStateTuned=started,45921,-9.8759,TRUE,-140,,,DPD_SCHD_MEAS_STATUS_TOR_ADC_ERR_B,lin-sv,40,FALSE,TRUE,,-9.8592,TRUE,5,-850,TRUE,DPD_STATUS_FAIL,,-15.0712,FALSE,TRUE,40,20,46128,,CtrlLinStateStartLate=started,5,44.4408,BOOST,-9.8403,TRUE,TRUE,FALSE,499,PA abnormal
3166,Radio 2271 B28,EM8A343071,8/9/2024 17:26,PA abnormal,pa_issues,,supervision,121,BF,TRUE,FALSE,on,22,47.2,27.8,93,CtrlGainStateTuned=started,45992,-9.6894,TRUE,-160,,,DPD_SCHD_MEAS_STATUS_TOR_ADC_ERR_B,lin-sv,40,FALSE,TRUE,,-9.7393,TRUE,8,-850,TRUE,DPD_STATUS_FAIL,,-14.2945,TRUE,TRUE,40,21,46128,,CtrlLinStateStarted=started,5,44.3607,NORMAL,-9.9641,TRUE,TRUE,FALSE,556,PA abnormal
3167,Radio 2271 B28,EM8A343071,8/9/2024 17:39,PA abnormal,pa_issues,,supervision,640,BF,TRUE,FALSE,on,17,47.2,26.6,99,CtrlGainStateTuned=started,45937,-9.9347,TRUE,-180,,,DPD_SCHD_MEAS_STATUS_TOR_ADC_ERR_B,lin-sv,40,FALSE,TRUE,,-9.9346,TRUE,7,-850,TRUE,DPD_STATUS_FAIL,,-14.8576,TRUE,TRUE,40,20,46199,,CtrlLinStateStarted=started,5,43.9654,BOOST,-10.0491,TRUE,TRUE,FALSE,565,PA abnormal
3168,Radio 2271 B28,EM8A343071,8/15/2024 15:07,PA abnormal,pa_issues,,supervision,97,BF,TRUE,FALSE,on,24,47.2,37,108,CtrlGainStateTuned=started,45957,-10.5939,TRUE,0,,,DPD_SCHD_MEAS_STATUS_TOR_ADC_ERR_B,lin-sv,40,FALSE,TRUE,,-10.5065,TRUE,28,-850,TRUE,DPD_STATUS_FAIL,,-15.7248,FALSE,TRUE,40,22,46199,,CtrlLinStateStartLate=started,5,45.1935,NORMAL,-10.4165,TRUE,TRUE,FALSE,301,PA abnormal
3169,Radio 2271 B28,EM8A343071,8/15/2024 17:03,PA abnormal,pa_issues,,supervision,99,BF,TRUE,FALSE,on,25,47.2,40.7,113,CtrlGainStateTuned=started,45957,-10.3443,TRUE,0,,,DPD_SCHD_MEAS_STATUS_TOR_ADC_ERR_B,lin-sv,40,FALSE,TRUE,,-10.3303,TRUE,11,-850,TRUE,DPD_STATUS_FAIL,,-15.6096,FALSE,TRUE,40,21,46078,,CtrlLinStateStartLate=started,5,45.3697,NORMAL,-10.4366,TRUE,TRUE,FALSE,286,PA abnormal
3170,Radio 2271 B28,EM8A343071,8/15/2024 17:03,PA abnormal,pa_issues,,supervision,319,BF,TRUE,FALSE,on,25,47.2,40.7,118,CtrlGainStateTuned=started,45937,-9.8364,TRUE,-20,,,DPD_SCHD_MEAS_STATUS_TOR_ADC_ERR_B,lin-sv,40,FALSE,TRUE,,-9.8079,TRUE,5,-850,TRUE,DPD_STATUS_FAIL,,-14.9951,FALSE,TRUE,40,21,46128,,CtrlLinStateStartLate=started,5,45.6921,BOOST,-9.8725,TRUE,TRUE,FALSE,346,PA abnormal
3171,Radio 2271 B28,EM8A343071,8/15/2024 17:03,PA abnormal,pa_issues,,supervision,150,BF,TRUE,FALSE,on,26,47.2,40.8,114,CtrlGainStateTuned=started,45992,-10.1709,TRUE,-40,,,DPD_SCHD_MEAS_STATUS_TOR_ADC_ERR_B,lin-sv,40,FALSE,TRUE,,-10.1753,TRUE,5,-850,TRUE,DPD_STATUS_FAIL,,-15.4913,FALSE,TRUE,40,22,46199,,CtrlLinStateStartLate=started,5,45.1247,NORMAL,-10.3531,TRUE,TRUE,FALSE,331,PA abnormal
3172,Radio 2271 B28,EM8A343071,8/15/2024 21:38,PA abnormal,pa_issues,,supervision,202,BF,TRUE,FALSE,on,27,47.2,54.6,129,CtrlGainStateTuned=started,46023,-9.9599,TRUE,0,,,DPD_SCHD_MEAS_STATUS_TOR_ADC_ERR_B,lin-sv,40,FALSE,TRUE,,-9.9597,TRUE,24,-850,TRUE,DPD_STATUS_FAIL,,-15.2763,TRUE,TRUE,40,22,46058,,CtrlLinStateStarted=started,5,45.7403,BOOST,-9.8499,TRUE,TRUE,FALSE,166,PA abnormal
3173,Radio 2271 B28,EM8A343071,8/15/2024 21:38,PA abnormal,pa_issues,,supervision,213,BF,TRUE,FALSE,on,27,47.2,54.8,130,CtrlGainStateTuned=started,46023,-11.2971,TRUE,-20,,,DPD_SCHD_MEAS_STATUS_TOR_ADC_ERR_B,lin-sv,40,FALSE,TRUE,,-11.2139,TRUE,5,-850,TRUE,DPD_STATUS_FAIL,,-16.3326,FALSE,TRUE,40,21,46164,,CtrlLinStateStartLate=started,5,44.2861,BOOST,-11.1809,TRUE,TRUE,FALSE,187,PA abnormal
3174,Radio 2271 B28,EM8A343071,8/15/2024 22:15,PA abnormal,pa_issues,,supervision,174,BF,TRUE,FALSE,on,27,47.2,52,127,CtrlGainStateTuned=started,45992,-11.4632,TRUE,-40,,,DPD_SCHD_MEAS_STATUS_TOR_ADC_ERR_B,lin-sv,40,FALSE,TRUE,,-11.4094,TRUE,11,-850,TRUE,DPD_STATUS_FAIL,,-16.9524,FALSE,TRUE,40,22,46148,,CtrlLinStateStartLate=started,5,43.8906,NORMAL,-11.9826,TRUE,TRUE,FALSE,241,PA abnormal
3175,Radio 2271 B28,EM8A343071,8/15/2024 23:47,PA abnormal,pa_issues,,supervision,305,BF,TRUE,FALSE,on,26,47.2,48.6,124,CtrlGainStateTuned=started,45957,-10.1645,TRUE,-40,,,DPD_SCHD_MEAS_STATUS_TOR_ADC_ERR_B,lin-sv,40,FALSE,TRUE,,-10.1155,TRUE,13,-850,TRUE,DPD_STATUS_FAIL,,-15.2544,FALSE,TRUE,40,21,46078,,CtrlLinStateStartLate=started,5,45.1845,BOOST,-10.1625,TRUE,TRUE,FALSE,286,PA abnormal
3176,Radio 2271 B28,EM8A343071,8/15/2024 23:47,PA abnormal,pa_issues,,supervision,307,BF,TRUE,FALSE,on,26,47.2,48.7,126,CtrlGainStateTuned=started,46023,-10.4397,TRUE,-60,,,DPD_SCHD_MEAS_STATUS_TOR_ADC_ERR_B,lin-sv,40,FALSE,TRUE,,-10.3727,TRUE,5,-850,TRUE,DPD_STATUS_FAIL,,-15.6198,FALSE,TRUE,40,21,46058,,CtrlLinStateStartLate=started,5,44.7273,BOOST,-10.6145,TRUE,TRUE,FALSE,301,PA abnormal
3177,Radio 2271 B28,EM8A343071,8/15/2024 23:48,PA abnormal,pa_issues,,supervision,125,BF,TRUE,FALSE,on,17,47.2,48.5,124,CtrlGainStateTuned=started,45992,-9.8192,TRUE,-80,,,DPD_SCHD_MEAS_STATUS_TOR_ADC_ERR_B,lin-sv,40,FALSE,TRUE,,-9.9014,TRUE,5,-850,TRUE,DPD_STATUS_FAIL,,-15.3787,FALSE,TRUE,40,21,46078,,CtrlLinStateStartLate=started,5,44.9986,NORMAL,-9.9392,TRUE,TRUE,FALSE,304,PA abnormal
3178,Radio 2271 B28,EM8A343071,8/16/2024 7:20,PA abnormal,pa_issues,,supervision,532,BF,TRUE,FALSE,on,23,47.2,36.5,111,CtrlGainStateTuned=started,46007,-10.1615,TRUE,0,,,DPD_SCHD_MEAS_STATUS_TOR_ADC_ERR_B,lin-sv,40,FALSE,TRUE,,-10.053,TRUE,30,-850,TRUE,DPD_STATUS_FAIL,,-15.0678,FALSE,TRUE,40,21,46128,,CtrlLinStateStartLate=started,5,45.647,BOOST,-10.0381,TRUE,TRUE,FALSE,331,PA abnormal
3179,Radio 2271 B28,EM8A343071,8/16/2024 10:16,PA abnormal,pa_issues,,supervision,450,BF,TRUE,FALSE,on,25,47.2,40.7,118,CtrlGainStateTuned=started,46042,-10.1348,TRUE,0,,,DPD_SCHD_MEAS_STATUS_TOR_ADC_ERR_B,lin-sv,40,FALSE,TRUE,,-10.1703,TRUE,16,-850,TRUE,DPD_STATUS_FAIL,,-14.9763,FALSE,TRUE,40,21,46128,,CtrlLinStateStartLate=started,5,45.5297,BOOST,-9.9513,TRUE,TRUE,FALSE,322,PA abnormal
3180,Radio 2271 B28,EM8A343071,8/16/2024 10:17,PA abnormal,pa_issues,,supervision,316,BF,TRUE,FALSE,on,20,47.2,40.7,115,CtrlGainStateTuned=started,45867,-10.64,TRUE,-20,,,DPD_SCHD_MEAS_STATUS_TOR_ADC_ERR_B,lin-sv,40,FALSE,TRUE,,-10.5978,TRUE,5,-850,TRUE,DPD_STATUS_FAIL,,-15.5981,FALSE,TRUE,40,20,46164,,CtrlLinStateStartLate=started,5,44.9022,BOOST,-10.5091,TRUE,TRUE,FALSE,313,PA abnormal
3181,Radio 2271 B28,EM8A343071,8/16/2024 11:00,PA abnormal,pa_issues,,supervision,287,BF,TRUE,FALSE,on,26,47.2,48.2,126,CtrlGainStateTuned=started,45957,-10.0485,TRUE,-40,,,DPD_SCHD_MEAS_STATUS_TOR_ADC_ERR_B,lin-sv,40,FALSE,TRUE,,-10.0446,TRUE,8,-850,TRUE,DPD_STATUS_FAIL,,-15.1702,FALSE,TRUE,40,21,46078,,CtrlLinStateStartLate=started,5,45.2554,BOOST,-10.0182,TRUE,TRUE,FALSE,277,PA abnormal
3182,Radio 2271 B28,EM8A343071,8/16/2024 13:09,PA abnormal,pa_issues,,supervision,166,BF,TRUE,FALSE,on,26,47.2,48.5,123,CtrlGainStateTuned=started,45937,-9.9201,TRUE,-20,,,DPD_SCHD_MEAS_STATUS_TOR_ADC_ERR_B,lin-sv,40,FALSE,TRUE,,-9.9365,TRUE,5,-850,TRUE,DPD_STATUS_FAIL,,-14.5827,FALSE,TRUE,40,20,46128,,CtrlLinStateStartLate=started,5,45.5635,NORMAL,-9.5621,TRUE,TRUE,FALSE,271,PA abnormal
3183,Radio 2271 B28,EM8A343071,8/16/2024 13:10,PA abnormal,pa_issues,,supervision,298,BF,TRUE,FALSE,on,26,47.2,48.7,125,CtrlGainStateTuned=started,45867,-10.4261,TRUE,-40,,,DPD_SCHD_MEAS_STATUS_TOR_ADC_ERR_B,lin-sv,40,FALSE,TRUE,,-10.4153,TRUE,5,-850,TRUE,DPD_STATUS_FAIL,,-15.2215,FALSE,TRUE,40,21,46058,,CtrlLinStateStartLate=started,5,44.8847,BOOST,-10.5802,TRUE,TRUE,FALSE,322,PA abnormal
3184,Radio 2271 B28,EM8A343071,8/16/2024 13:10,PA abnormal,pa_issues,,supervision,303,BF,TRUE,FALSE,on,26,47.2,49,126,CtrlGainStateTuned=started,45992,-9.9177,TRUE,-60,,,DPD_SCHD_MEAS_STATUS_TOR_ADC_ERR_B,lin-sv,40,FALSE,TRUE,,-9.928,TRUE,5,-850,TRUE,DPD_STATUS_FAIL,,-14.9006,FALSE,TRUE,40,21,46199,,CtrlLinStateStartLate=started,5,45.172,BOOST,-10.0602,TRUE,TRUE,FALSE,328,PA abnormal
3185,Radio 2271 B28,EM8A343071,8/16/2024 13:42,PA abnormal,pa_issues,,supervision,156,BF,TRUE,FALSE,on,25,47.2,42.9,115,CtrlGainStateTuned=started,45992,-9.888,TRUE,-80,,,DPD_SCHD_MEAS_STATUS_TOR_ADC_ERR_B,lin-sv,40,FALSE,TRUE,,-9.9205,TRUE,9,-850,TRUE,DPD_STATUS_FAIL,,-15.0654,FALSE,TRUE,40,21,46199,,CtrlLinStateStartLate=started,5,44.9795,NORMAL,-9.7836,TRUE,TRUE,FALSE,337,PA abnormal
3186,Radio 2271 B28,EM8A343071,8/16/2024 14:01,PA abnormal,pa_issues,,supervision,145,BF,TRUE,FALSE,on,26,47.2,47.2,120,CtrlGainStateTuned=started,45867,-10.9361,TRUE,-100,,,DPD_SCHD_MEAS_STATUS_TOR_ADC_ERR_B,lin-sv,40,FALSE,TRUE,,-10.9694,TRUE,11,-850,TRUE,DPD_STATUS_FAIL,,-15.8154,FALSE,TRUE,40,21,46078,,CtrlLinStateStartLate=started,5,43.7306,NORMAL,-10.8319,TRUE,TRUE,FALSE,334,PA abnormal
3187,Radio 2271 B28,EM8A343071,8/16/2024 15:09,PA abnormal,pa_issues,,supervision,287,BF,TRUE,FALSE,on,11,47.2,44.1,120,CtrlGainStateTuned=started,45867,-10.1038,TRUE,-100,,,DPD_SCHD_MEAS_STATUS_TOR_ADC_ERR_B,lin-sv,40,FALSE,TRUE,,-10.1148,TRUE,5,-850,TRUE,DPD_STATUS_FAIL,,-14.8804,TRUE,TRUE,40,20,46148,,CtrlLinStateStarted=started,5,44.5852,BOOST,-10.138,TRUE,TRUE,FALSE,388,PA abnormal
3188,Radio 2271 B28,EM8A383378,11/23/2024 3:29,PA abnormal,pa_issues,,ramping timeout.,5291,BF,TRUE,TRUE,off,0,47.23,42.2,3,CtrlGainStateRamping=starting,363,-1000,TRUE,0,,,EXT_DPD_IDLE | EXT_TDD_TX_OFF,lin-ramping,40,TRUE,TRUE,,-61.8876,TRUE,0,-850,TRUE,DPD_STATUS_OK,,-1000,FALSE,TRUE,40,0,66,,ns=stopped,20,0,NORMAL,-1000,TRUE,FALSE,,1903,PA abnormal
3189,Radio 2271 B28,EM8A383378,11/23/2024 3:29,PA abnormal,pa_issues,,ramping timeout.,3,BF,TRUE,TRUE,off,0,47.23,42.2,2,CtrlGainStateRamping=starting,292,-1000,TRUE,-120,,,EXT_DPD_IDLE | EXT_TDD_TX_OFF,lin-ramping,40,TRUE,TRUE,,-61.0186,TRUE,0,-850,TRUE,DPD_STATUS_OK,,-1000,FALSE,TRUE,40,0,66,,ns=stopped,20,0,NORMAL,-1000,TRUE,FALSE,,1903,PA abnormal
3190,Radio 2271 B28,EM8A383378,11/23/2024 4:31,PA abnormal,pa_issues,,ramping timeout.,266,BF,TRUE,TRUE,off,73,47.23,42.1,422,CtrlGainStateRamping=starting,45800,-1000,FALSE,0,,,NA,lin-ramping,40,TRUE,TRUE,,-63.0744,TRUE,0,-850,TRUE,DPD_STATUS_OK,,-1000,FALSE,TRUE,40,50,46234,,ns=stopped,20,0,NORMAL,-1000,TRUE,FALSE,,1903,PA abnormal
3191,Radio 2271 B28,EM8A383378,11/23/2024 4:31,PA abnormal,pa_issues,,ramping timeout.,266,BF,TRUE,TRUE,off,73,47.23,42.7,425,CtrlGainStateRamping=starting,45816,-32.351,FALSE,-120,,,NA,lin-ramping,40,TRUE,TRUE,,-62.0272,TRUE,0,-850,TRUE,DPD_STATUS_OK,,-1000,FALSE,TRUE,40,51,46164,,ns=stopped,20,0,NORMAL,-1000,TRUE,FALSE,,1903,PA abnormal
3192,Radio 2271 B28,EM8A383378,11/23/2024 4:33,PA abnormal,pa_issues,,ramping timeout.,259,BF,TRUE,TRUE,off,73,47.23,42.2,416,CtrlGainStateRamping=starting,45800,-1000,FALSE,0,,,NA,lin-ramping,40,TRUE,TRUE,,-63.0316,TRUE,0,-850,TRUE,DPD_STATUS_OK,,-1000,FALSE,TRUE,40,51,46164,,ns=stopped,20,0,NORMAL,-1000,TRUE,FALSE,,1903,PA abnormal
3193,Radio 2271 B28,EM8A383378,11/23/2024 4:33,PA abnormal,pa_issues,,ramping timeout.,255,BF,TRUE,TRUE,off,73,47.23,42.8,414,CtrlGainStateRamping=starting,45851,-23.3281,FALSE,-120,,,NA,lin-ramping,40,TRUE,TRUE,,-61.7918,TRUE,0,-850,TRUE,DPD_STATUS_OK,,-26.0914,FALSE,TRUE,40,50,46164,,ns=stopped,20,-7.26183,NORMAL,-22.1195,TRUE,FALSE,,1903,PA abnormal
3194,Radio 2271 B28,EM8A383378,11/23/2024 4:38,PA abnormal,pa_issues,,ramping timeout.,237,BF,TRUE,TRUE,off,74,47.23,44.6,396,CtrlGainStateRamping=paused,46007,-1000,FALSE,-240,,,NA,lin-ramping,40,TRUE,TRUE,,-60.6558,TRUE,0,-850,TRUE,DPD_STATUS_OK,,-1000,FALSE,TRUE,40,51,46214,,ns=stopped,20,0,NORMAL,-1000,TRUE,FALSE,,1903,PA abnormal
3195,Radio 2271 B28,EM8A383378,11/23/2024 5:01,PA abnormal,pa_issues,,ramping timeout.,190,BF,TRUE,TRUE,off,73,47.23,42.8,342,CtrlGainStateRamping=starting,45937,-1000,FALSE,0,,,NA,lin-ramping,40,TRUE,TRUE,,-62.973,TRUE,0,-850,TRUE,DPD_STATUS_OK,,-1000,FALSE,TRUE,40,50,46164,,ns=stopped,20,0,NORMAL,-1000,TRUE,FALSE,,1903,PA abnormal
3196,Radio 2271 B28,EM8A383378,11/23/2024 5:01,PA abnormal,pa_issues,,ramping timeout.,191,BF,TRUE,TRUE,off,73,47.23,43.4,344,CtrlGainStateRamping=starting,45992,-35.8687,FALSE,-120,,,NA,lin-ramping,40,TRUE,TRUE,,-61.8317,TRUE,0,-850,TRUE,DPD_STATUS_OK,,-1000,FALSE,TRUE,40,51,46164,,ns=stopped,20,0,NORMAL,-1000,TRUE,FALSE,,1903,PA abnormal
3197,Radio 2271 B28,EM8A383378,11/23/2024 5:06,PA abnormal,pa_issues,,ramping timeout.,187,BF,TRUE,TRUE,off,73,47.23,45,341,CtrlGainStateRamping=starting,46023,-1000,FALSE,-240,,,NA,lin-ramping,40,TRUE,TRUE,,-60.6664,TRUE,0,-850,TRUE,DPD_STATUS_OK,,-1000,FALSE,TRUE,40,51,46269,,ns=stopped,20,0,NORMAL,-1000,TRUE,FALSE,,1903,PA abnormal
3198,Radio 2271 B28,EM8A383378,11/25/2024 15:40,PA abnormal,pa_issues,,ramping timeout.,125,BF,TRUE,TRUE,off,76,47.23,49.8,288,CtrlGainStateRamping=starting,45992,-1000,FALSE,0,,,NA,lin-ramping,40,TRUE,TRUE,,-62.8916,TRUE,0,-850,TRUE,DPD_STATUS_OK,,-1000,FALSE,TRUE,40,50,46234,,ns=stopped,20,0,NORMAL,-1000,TRUE,FALSE,,1903,PA abnormal
3199,Radio 2271 B28,EM8A383378,11/25/2024 15:41,PA abnormal,pa_issues,,ramping timeout.,125,BF,TRUE,TRUE,off,76,47.23,50.3,290,CtrlGainStateRamping=starting,45937,-30.4853,FALSE,-120,,,NA,lin-ramping,40,TRUE,TRUE,,-61.7523,TRUE,0,-850,TRUE,DPD_STATUS_OK,,-31.6517,FALSE,TRUE,40,50,46234,,ns=stopped,20,-7.22229,NORMAL,-27.5192,TRUE,FALSE,,1903,PA abnormal
3200,Radio 2271 B28,EM8A383378,11/25/2024 15:42,PA abnormal,pa_issues,,ramping timeout.,125,BF,TRUE,TRUE,off,76,47.23,49,286,CtrlGainStateRamping=starting,46023,-1000,FALSE,0,,,NA,lin-ramping,40,TRUE,TRUE,,-62.6263,TRUE,0,-850,TRUE,DPD_STATUS_OK,,-1000,FALSE,TRUE,40,50,46269,,ns=stopped,20,0,NORMAL,-1000,TRUE,FALSE,,1903,PA abnormal
3201,Radio 2271 B28,EM8A383378,11/25/2024 15:42,PA abnormal,pa_issues,,ramping timeout.,125,BF,TRUE,TRUE,off,76,47.23,49.4,288,CtrlGainStateRamping=paused,45867,-27.6305,FALSE,-120,,,NA,lin-ramping,40,TRUE,TRUE,,-61.4118,TRUE,0,-850,TRUE,DPD_STATUS_OK,,-28.8237,FALSE,TRUE,40,50,46234,,ns=stopped,20,-6.88178,NORMAL,-24.6847,TRUE,FALSE,,1903,PA abnormal
3202,Radio 2271 B28,EM8A383378,11/25/2024 15:47,PA abnormal,pa_issues,,ramping timeout.,125,BF,TRUE,TRUE,off,75,47.23,48.8,289,CtrlGainStateRamping=starting,45972,-1000,FALSE,-240,,,NA,lin-ramping,40,TRUE,TRUE,,-60.2765,TRUE,0,-850,TRUE,DPD_STATUS_OK,,-1000,FALSE,TRUE,40,51,46128,,ns=stopped,20,0,NORMAL,-1000,TRUE,FALSE,,1903,PA abnormal
3203,Radio 2271 B28,EM8A383378,11/26/2024 17:17,PA abnormal,pa_issues,,ramping timeout.,128,BF,TRUE,TRUE,off,76,47.23,50.8,290,CtrlGainStateRamping=starting,45886,-1000,FALSE,0,,,NA,lin-ramping,40,TRUE,TRUE,,-62.4557,TRUE,0,-850,TRUE,DPD_STATUS_OK,,-1000,FALSE,TRUE,40,49,46148,,ns=stopped,20,0,NORMAL,-1000,TRUE,FALSE,,1903,PA abnormal
3204,Radio 2271 B28,EM8A383378,11/26/2024 17:18,PA abnormal,pa_issues,,ramping timeout.,128,BF,TRUE,TRUE,off,76,47.23,51.4,295,CtrlGainStateRamping=starting,45972,-22.3702,FALSE,-120,,,NA,lin-ramping,40,TRUE,TRUE,,-61.3396,TRUE,0,-850,TRUE,DPD_STATUS_OK,,-40.9022,FALSE,TRUE,40,49,46128,,ns=stopped,20,-6.8096,NORMAL,-39.7397,TRUE,FALSE,,1903,PA abnormal
3205,Radio 2271 B28,EM8A383378,11/26/2024 17:19,PA abnormal,pa_issues,,ramping timeout.,128,BF,TRUE,TRUE,off,76,47.23,50.8,290,CtrlGainStateRamping=paused,45816,-1000,FALSE,0,,,NA,lin-ramping,40,TRUE,TRUE,,-62.4843,TRUE,0,-850,TRUE,DPD_STATUS_OK,,-1000,FALSE,TRUE,40,50,46164,,ns=stopped,20,0,NORMAL,-1000,TRUE,FALSE,,1903,PA abnormal
3206,Radio 2271 B28,EM8A383378,11/26/2024 17:19,PA abnormal,pa_issues,,ramping timeout.,127,BF,TRUE,TRUE,off,77,47.23,51.4,291,CtrlGainStateRamping=starting,45886,-34.7397,FALSE,-120,,,NA,lin-ramping,40,TRUE,TRUE,,-61.5991,TRUE,0,-850,TRUE,DPD_STATUS_OK,,-1000,FALSE,TRUE,40,49,46199,,ns=stopped,20,0,NORMAL,-1000,TRUE,FALSE,,1903,PA abnormal
3207,Radio 2271 B28,EM8A383378,11/26/2024 17:24,PA abnormal,pa_issues,,ramping timeout.,126,BF,TRUE,TRUE,off,77,47.23,54.1,294,CtrlGainStateRamping=starting,45921,-1000,FALSE,-240,,,NA,lin-ramping,40,TRUE,TRUE,,-60.6924,TRUE,0,-850,TRUE,DPD_STATUS_OK,,-1000,FALSE,TRUE,40,50,46199,,ns=stopped,20,0,NORMAL,-1000,TRUE,FALSE,,1903,PA abnormal
3208,Radio 2271 B28,EM8A383378,11/26/2024 17:30,PA abnormal,pa_issues,,ramping timeout.,127,BF,TRUE,TRUE,off,78,47.23,54.7,294,CtrlGainStateRamping=starting,45800,-1000,FALSE,0,,,NA,lin-ramping,40,TRUE,TRUE,,-62.6023,TRUE,0,-850,TRUE,DPD_STATUS_OK,,-1000,FALSE,TRUE,40,50,46164,,ns=stopped,20,0,NORMAL,-1000,TRUE,FALSE,,1903,PA abnormal
3209,Radio 2271 B28,EM8A383378,11/26/2024 17:30,PA abnormal,pa_issues,,ramping timeout.,127,BF,TRUE,TRUE,off,78,47.23,55.2,295,CtrlGainStateRamping=paused,45957,-30.2531,FALSE,-120,,,NA,lin-ramping,40,TRUE,TRUE,,-61.4048,TRUE,0,-850,TRUE,DPD_STATUS_OK,,-31.4651,FALSE,TRUE,40,50,46113,,ns=stopped,20,-6.87479,NORMAL,-27.2828,TRUE,FALSE,,1903,PA abnormal
3210,Radio 2271 B28,EM8A383378,11/26/2024 17:31,PA abnormal,pa_issues,,ramping timeout.,126,BF,TRUE,TRUE,off,77,47.23,54.3,293,CtrlGainStateRamping=starting,45921,-1000,FALSE,0,,,NA,lin-ramping,40,TRUE,TRUE,,-62.2235,TRUE,0,-850,TRUE,DPD_STATUS_OK,,-1000,FALSE,TRUE,40,49,46199,,ns=stopped,20,0,NORMAL,-1000,TRUE,FALSE,,1903,PA abnormal
3211,Radio 2271 B28,EM8A383378,11/26/2024 17:32,PA abnormal,pa_issues,,ramping timeout.,126,BF,TRUE,TRUE,off,77,47.23,54.8,294,CtrlGainStateRamping=paused,45937,-1000,FALSE,-120,,,NA,lin-ramping,40,TRUE,TRUE,,-61.43,TRUE,0,-850,TRUE,DPD_STATUS_OK,,-1000,FALSE,TRUE,40,49,46148,,ns=stopped,20,0,NORMAL,-1000,TRUE,FALSE,,1903,PA abnormal
3212,Radio 2271 B28,EM8A383378,11/26/2024 17:36,PA abnormal,pa_issues,,ramping timeout.,125,BF,TRUE,TRUE,off,77,47.23,54.8,292,CtrlGainStateRamping=starting,45921,-1000,FALSE,-240,,,NA,lin-ramping,40,TRUE,TRUE,,-60.3735,TRUE,0,-850,TRUE,DPD_STATUS_OK,,-1000,FALSE,TRUE,40,49,46199,,ns=stopped,20,0,NORMAL,-1000,TRUE,FALSE,,1903,PA abnormal
3213,Radio 2271 B28,EM8A383378,11/26/2024 17:43,PA abnormal,pa_issues,,ramping timeout.,126,BF,TRUE,TRUE,off,77,47.23,53.1,294,CtrlGainStateRamping=starting,45851,-1000,FALSE,0,,,NA,lin-ramping,40,TRUE,TRUE,,-62.6412,TRUE,0,-850,TRUE,DPD_STATUS_OK,,-1000,FALSE,TRUE,40,49,46234,,ns=stopped,20,0,NORMAL,-1000,TRUE,FALSE,,1903,PA abnormal
3214,Radio 2271 B28,EM8A383378,11/26/2024 17:43,PA abnormal,pa_issues,,ramping timeout.,126,BF,TRUE,TRUE,off,77,47.23,53.8,293,CtrlGainStateRamping=starting,46007,-23.2552,FALSE,-120,,,NA,lin-ramping,40,TRUE,TRUE,,-61.3575,TRUE,0,-850,TRUE,DPD_STATUS_OK,,-28.9394,FALSE,TRUE,40,49,46164,,ns=stopped,20,-6.82754,NORMAL,-24.9988,TRUE,FALSE,,1903,PA abnormal
3215,Radio 2271 B28,EM8A383378,11/26/2024 17:44,PA abnormal,pa_issues,,ramping timeout.,125,BF,TRUE,TRUE,off,78,47.23,53.4,294,CtrlGainStateRamping=starting,45832,-1000,FALSE,0,,,NA,lin-ramping,40,TRUE,TRUE,,-62.6189,TRUE,0,-850,TRUE,DPD_STATUS_OK,,-1000,FALSE,TRUE,40,50,46113,,ns=stopped,20,0,NORMAL,-1000,TRUE,FALSE,,1903,PA abnormal
3216,Radio 2271 B28,EM8A383378,11/26/2024 17:45,PA abnormal,pa_issues,,ramping timeout.,125,BF,TRUE,TRUE,off,77,47.23,54,293,CtrlGainStateRamping=starting,45957,-26.402,FALSE,-120,,,NA,lin-ramping,40,TRUE,TRUE,,-61.5123,TRUE,0,-850,TRUE,DPD_STATUS_OK,,-1000,FALSE,TRUE,40,49,46214,,ns=stopped,20,0,NORMAL,-1000,TRUE,FALSE,,1903,PA abnormal
3217,Radio 2271 B28,EM8A383378,11/26/2024 17:56,PA abnormal,pa_issues,,ramping timeout.,125,BF,TRUE,TRUE,off,77,47.23,53.9,292,CtrlGainStateRamping=paused,45867,-1000,FALSE,-240,,,NA,lin-ramping,40,TRUE,TRUE,,-60.0672,TRUE,0,-850,TRUE,DPD_STATUS_OK,,-1000,FALSE,TRUE,40,49,46148,,ns=stopped,20,0,NORMAL,-1000,TRUE,FALSE,,1903,PA abnormal
3218,Radio 2271 B28,EM8A383378,11/26/2024 18:50,PA abnormal,pa_issues,,ramping timeout.,128,BF,TRUE,TRUE,off,78,47.23,57.9,296,CtrlGainStateRamping=starting,45937,-1000,FALSE,0,,,NA,lin-ramping,40,TRUE,TRUE,,-62.2847,TRUE,0,-850,TRUE,DPD_STATUS_OK,,-1000,FALSE,TRUE,40,49,46199,,ns=stopped,20,0,NORMAL,-1000,TRUE,FALSE,,1903,PA abnormal
3219,Radio 2271 B28,EM8A383378,11/26/2024 18:50,PA abnormal,pa_issues,,ramping timeout.,128,BF,TRUE,TRUE,off,78,47.23,58.3,298,CtrlGainStateRamping=paused,45902,-29.8757,FALSE,-120,,,NA,lin-ramping,40,TRUE,TRUE,,-61.3881,TRUE,0,-850,TRUE,DPD_STATUS_OK,,-31.2299,FALSE,TRUE,40,49,46113,,ns=stopped,20,-6.85805,NORMAL,-26.9689,TRUE,FALSE,,1903,PA abnormal
3220,Radio 2271 B28,EM8A383378,11/26/2024 18:51,PA abnormal,pa_issues,,ramping timeout.,127,BF,TRUE,TRUE,off,78,47.23,57,297,CtrlGainStateRamping=paused,45972,-1000,FALSE,0,,,NA,lin-ramping,40,TRUE,TRUE,,-62.1103,TRUE,0,-850,TRUE,DPD_STATUS_OK,,-1000,FALSE,TRUE,40,49,46148,,ns=stopped,20,0,NORMAL,-1000,TRUE,FALSE,,1903,PA abnormal
3221,Radio 2271 B28,EM8A383378,11/26/2024 18:51,PA abnormal,pa_issues,,ramping timeout.,127,BF,TRUE,TRUE,off,78,47.23,57.4,299,CtrlGainStateRamping=paused,45972,-23.2498,FALSE,-120,,,NA,lin-ramping,40,TRUE,TRUE,,-61.1143,TRUE,0,-850,TRUE,DPD_STATUS_OK,,-34.7886,FALSE,TRUE,40,50,46128,,ns=stopped,20,-6.5843,NORMAL,-31.3679,TRUE,FALSE,,1903,PA abnormal
3222,Radio 2271 B28,EM8A383378,11/26/2024 18:56,PA abnormal,pa_issues,,ramping timeout.,126,BF,TRUE,TRUE,off,78,47.23,57.6,297,CtrlGainStateRamping=starting,45957,-1000,FALSE,-240,,,NA,lin-ramping,40,TRUE,TRUE,,-60.4536,TRUE,0,-850,TRUE,DPD_STATUS_OK,,-1000,FALSE,TRUE,40,49,46199,,ns=stopped,20,0,NORMAL,-1000,TRUE,FALSE,,1903,PA abnormal
3223,Radio 2271 B28,EM8A383378,11/26/2024 20:32,PA abnormal,pa_issues,,ramping timeout.,124,BF,TRUE,TRUE,off,77,47.23,54.6,288,CtrlGainStateRamping=starting,45972,-1000,FALSE,0,,,NA,lin-ramping,40,TRUE,TRUE,,-62.4539,TRUE,0,-850,TRUE,DPD_STATUS_OK,,-1000,FALSE,TRUE,40,50,46214,,ns=stopped,20,0,NORMAL,-1000,TRUE,FALSE,,1903,PA abnormal
3224,Radio 2271 B28,EM8A383378,11/26/2024 20:32,PA abnormal,pa_issues,,ramping timeout.,124,BF,TRUE,TRUE,off,77,47.23,55,290,CtrlGainStateRamping=paused,45886,-23.3039,FALSE,-120,,,NA,lin-ramping,40,TRUE,TRUE,,-61.3603,TRUE,0,-850,TRUE,DPD_STATUS_OK,,-27.774,FALSE,TRUE,40,49,46164,,ns=stopped,20,-6.8303,NORMAL,-23.8304,TRUE,FALSE,,1903,PA abnormal
3225,Radio 2271 B28,EM8A383378,11/26/2024 20:34,PA abnormal,pa_issues,,ramping timeout.,124,BF,TRUE,TRUE,off,77,47.23,53.9,290,CtrlGainStateRamping=starting,45937,-1000,FALSE,0,,,NA,lin-ramping,40,TRUE,TRUE,,-62.6916,TRUE,0,-850,TRUE,DPD_STATUS_OK,,-1000,FALSE,TRUE,40,49,46199,,ns=stopped,20,0,NORMAL,-1000,TRUE,FALSE,,1903,PA abnormal
3226,Radio 2271 B28,EM8A383378,11/26/2024 20:34,PA abnormal,pa_issues,,ramping timeout.,124,BF,TRUE,TRUE,off,77,47.23,54.3,291,CtrlGainStateRamping=paused,45957,-27.1006,FALSE,-120,,,NA,lin-ramping,40,TRUE,TRUE,,-61.4342,TRUE,0,-850,TRUE,DPD_STATUS_OK,,-1000,FALSE,TRUE,40,49,46148,,ns=stopped,20,0,NORMAL,-1000,TRUE,FALSE,,1903,PA abnormal
3227,Radio 2271 B28,EM8A383378,11/26/2024 20:39,PA abnormal,pa_issues,,ramping timeout.,124,BF,TRUE,TRUE,off,77,47.23,54.2,291,CtrlGainStateRamping=starting,45992,-1000,FALSE,-240,,,NA,lin-ramping,40,TRUE,TRUE,,-60.333,TRUE,0,-850,TRUE,DPD_STATUS_OK,,-1000,FALSE,TRUE,40,49,46214,,ns=stopped,20,0,NORMAL,-1000,TRUE,FALSE,,1903,PA abnormal
3228,Radio 2271 B28,EM8A383378,11/26/2024 20:50,PA abnormal,pa_issues,,ramping timeout.,124,BF,TRUE,TRUE,off,77,47.23,53.7,288,CtrlGainStateRamping=starting,45867,-1000,FALSE,0,,,NA,lin-ramping,40,TRUE,TRUE,,-62.5022,TRUE,0,-850,TRUE,DPD_STATUS_OK,,-1000,FALSE,TRUE,40,49,46164,,ns=stopped,20,0,NORMAL,-1000,TRUE,FALSE,,1903,PA abnormal
3229,Radio 2271 B28,EM8A383378,11/26/2024 20:51,PA abnormal,pa_issues,,ramping timeout.,124,BF,TRUE,TRUE,off,77,47.23,54.2,290,CtrlGainStateRamping=starting,45867,-1000,FALSE,-120,,,NA,lin-ramping,40,TRUE,TRUE,,-61.6402,TRUE,0,-850,TRUE,DPD_STATUS_OK,,-1000,FALSE,TRUE,40,49,46164,,ns=stopped,20,0,NORMAL,-1000,TRUE,FALSE,,1903,PA abnormal
3230,Radio 2271 B28,EM8A383378,11/26/2024 20:52,PA abnormal,pa_issues,,ramping timeout.,124,BF,TRUE,TRUE,off,77,47.23,52.9,288,CtrlGainStateRamping=starting,45921,-1000,FALSE,0,,,NA,lin-ramping,40,TRUE,TRUE,,-62.7598,TRUE,0,-850,TRUE,DPD_STATUS_OK,,-1000,FALSE,TRUE,40,49,46128,,ns=stopped,20,0,NORMAL,-1000,TRUE,FALSE,,1903,PA abnormal
3231,Radio 2271 B28,EM8A383378,11/26/2024 20:52,PA abnormal,pa_issues,,ramping timeout.,124,BF,TRUE,TRUE,off,77,47.23,53.3,289,CtrlGainStateRamping=starting,45937,-23.3167,FALSE,-120,,,NA,lin-ramping,40,TRUE,TRUE,,-61.4006,TRUE,0,-850,TRUE,DPD_STATUS_OK,,-24.5752,FALSE,TRUE,40,50,46214,,ns=stopped,20,-6.8706,NORMAL,-20.574,TRUE,FALSE,,1903,PA abnormal
3232,Radio 2271 B28,EM8A383378,11/26/2024 20:57,PA abnormal,pa_issues,,ramping timeout.,124,BF,TRUE,TRUE,off,78,47.23,54,289,CtrlGainStateRamping=paused,45972,-1000,FALSE,-240,,,NA,lin-ramping,40,TRUE,TRUE,,-60.255,TRUE,0,-850,TRUE,DPD_STATUS_OK,,-1000,FALSE,TRUE,40,49,46128,,ns=stopped,20,0,NORMAL,-1000,TRUE,FALSE,,1903,PA abnormal
3233,Radio 2271 B28,EM8A383378,11/27/2024 12:44,PA abnormal,pa_issues,,ramping timeout.,118,BF,TRUE,TRUE,off,75,47.23,46.6,276,CtrlGainStateRamping=paused,45851,-1000,FALSE,0,,,NA,lin-ramping,40,TRUE,TRUE,,-62.606,TRUE,0,-850,TRUE,DPD_STATUS_OK,,-1000,FALSE,TRUE,40,51,46148,,ns=stopped,20,0,NORMAL,-1000,TRUE,FALSE,,1903,PA abnormal
3234,Radio 2271 B28,EM8A383378,11/27/2024 12:44,PA abnormal,pa_issues,,ramping timeout.,118,BF,TRUE,TRUE,off,74,47.23,46.9,277,CtrlGainStateRamping=paused,45832,-24.7114,FALSE,-120,,,NA,lin-ramping,40,TRUE,TRUE,,-61.5281,TRUE,0,-850,TRUE,DPD_STATUS_OK,,-1000,FALSE,TRUE,40,51,46214,,ns=stopped,20,0,NORMAL,-1000,TRUE,FALSE,,1903,PA abnormal
3235,Radio 2271 B28,EM8A383378,11/27/2024 12:45,PA abnormal,pa_issues,,ramping timeout.,118,BF,TRUE,TRUE,off,74,47.23,45.9,273,CtrlGainStateRamping=paused,45886,-1000,FALSE,0,,,NA,lin-ramping,40,TRUE,TRUE,,-62.9133,TRUE,0,-850,TRUE,DPD_STATUS_OK,,-1000,FALSE,TRUE,40,50,46148,,ns=stopped,20,0,NORMAL,-1000,TRUE,FALSE,,1903,PA abnormal
3236,Radio 2271 B28,EM8A383378,11/27/2024 12:46,PA abnormal,pa_issues,,ramping timeout.,118,BF,TRUE,TRUE,off,74,47.23,46.4,278,CtrlGainStateRamping=starting,45886,-1000,FALSE,-120,,,NA,lin-ramping,40,TRUE,TRUE,,-61.8117,TRUE,0,-850,TRUE,DPD_STATUS_OK,,-1000,FALSE,TRUE,40,51,46148,,ns=stopped,20,0,NORMAL,-1000,TRUE,FALSE,,1903,PA abnormal
3237,Radio 2271 B28,EM8A383378,11/27/2024 12:56,PA abnormal,pa_issues,,ramping timeout.,119,BF,TRUE,TRUE,off,75,47.23,48,280,CtrlGainStateRamping=starting,45937,-1000,FALSE,-240,,,NA,lin-ramping,40,TRUE,TRUE,,-60.239,TRUE,0,-850,TRUE,DPD_STATUS_OK,,-1000,FALSE,TRUE,40,50,46214,,ns=stopped,20,0,NORMAL,-1000,TRUE,FALSE,,1903,PA abnormal
2550,Radio 2271 B28,EA8C026193,8/11/2024 5:08,PA abnormal,pa_issues,,ramping timeout.,2,BF,TRUE,FALSE,off,0,43,62.4,2,CtrlGainStateRamping=starting,9722,-1000,FALSE,0,,,NA,lin-ramping,40,FALSE,TRUE,,-60.5986,TRUE,0,-850,TRUE,DPD_STATUS_OK,,-1000,FALSE,TRUE,20,0,11390,,ns=stopped,4,0,NORMAL,-1000,TRUE,TRUE,FALSE,1905,PA abnormal
2551,Radio 2271 B28,EA8C026193,8/13/2024 4:04,PA abnormal,pa_issues,,ramping timeout.,134,BF,TRUE,FALSE,off,79,43,54,287,CtrlGainStateRamping=starting,41902,-20.4591,FALSE,0,,,NA,lin-ramping,40,FALSE,TRUE,,-60.8066,TRUE,0,-850,TRUE,DPD_STATUS_OK,,-24.5911,FALSE,TRUE,20,51,42078,,ns=stopped,4,-9.30657,NORMAL,-20.6379,TRUE,TRUE,FALSE,1905,PA abnormal
499,Radio 2271 B0C,CN3A184292,10/9/2025 2:36,PA abnormal,pa_issues,,ramping timeout.,130,BF,TRUE,TRUE,off,2,49.03,48.2,139,CtrlGainStateRamping=starting,47886,-1000,FALSE,-240,,,NA,lin-ramping,40,TRUE,TRUE,,-61.57,TRUE,0,-950,TRUE,DPD_STATUS_OK,,-1000,FALSE,TRUE,80,3,48058,,ns=stopped,65,0,NORMAL,-1000,TRUE,FALSE,,2106,PA abnormal
3413,Radio 2271 B3,CN39930742,5/31/2025 5:14,PA abnormal,pa_issues,,ramping timeout.,0,BF,TRUE,FALSE,off,2,46.03,46.7,0,CtrlGainStateRamping=starting,312,-1000,TRUE,0,,,EXT_DPD_IDLE | EXT_TDD_TX_OFF,lin-ramping,40,FALSE,TRUE,,-60.9313,TRUE,0,-950,TRUE,DPD_STATUS_OK,,-1000,FALSE,TRUE,40,2,411.5,,ns=stopped,3,0,NORMAL,-1000,TRUE,FALSE,,1990,PA abnormal
3414,Radio 2271 B3,CN39930742,5/31/2025 5:14,PA abnormal,pa_issues,,ramping timeout.,0,BF,TRUE,FALSE,off,2,46.03,45.9,0,CtrlGainStateRamping=starting,328,-1000,TRUE,-120,,,EXT_DPD_IDLE | EXT_TDD_TX_OFF,lin-ramping,40,FALSE,TRUE,,-60.5501,TRUE,0,-950,TRUE,DPD_STATUS_OK,,-1000,FALSE,TRUE,40,2,375,,ns=stopped,3,0,NORMAL,-1000,TRUE,FALSE,,1990,PA abnormal
3415,Radio 2271 B3,CN39930742,5/31/2025 5:25,PA abnormal,pa_issues,,ramping timeout.,0,BF,TRUE,FALSE,off,2,46.03,34.4,0,CtrlGainStateRamping=starting,312,-1000,FALSE,0,,,EXT_DPD_IDLE | EXT_TDD_TX_OFF,lin-ramping,40,FALSE,TRUE,,-63.1136,TRUE,0,-950,TRUE,DPD_STATUS_OK,,-1000,FALSE,TRUE,40,2,207,,ns=stopped,3,0,NORMAL,-1000,TRUE,FALSE,,1971,PA abnormal
3416,Radio 2271 B3,CN39930742,5/31/2025 5:33,PA abnormal,pa_issues,,ramping timeout.,0,BF,TRUE,FALSE,off,2,46.03,32.9,0,CtrlGainStateRamping=starting,312,-1000,FALSE,0,,,EXT_DPD_IDLE | EXT_TDD_TX_OFF,lin-ramping,40,FALSE,TRUE,,-63.1804,TRUE,0,-950,TRUE,DPD_STATUS_OK,,-1000,FALSE,TRUE,40,2,136,,ns=stopped,3,0,NORMAL,-1000,TRUE,FALSE,,1971,PA abnormal
3417,Radio 2271 B3,CN39930742,5/31/2025 5:45,PA abnormal,pa_issues,,ramping timeout.,0,BF,TRUE,FALSE,off,2,46.03,32.9,0,CtrlGainStateRamping=paused,328,-1000,FALSE,0,,,EXT_DPD_IDLE | EXT_TDD_TX_OFF,lin-ramping,40,FALSE,TRUE,,-63.2397,TRUE,0,-950,TRUE,DPD_STATUS_OK,,-1000,FALSE,TRUE,40,2,175,,ns=stopped,3,0,NORMAL,-1000,TRUE,FALSE,,1971,PA abnormal
3418,Radio 2271 B3,CN39930742,5/31/2025 5:48,PA abnormal,pa_issues,,ramping timeout.,0,BF,TRUE,FALSE,off,2,46.03,32.9,0,CtrlGainStateRamping=starting,347,-1000,FALSE,0,,,EXT_DPD_IDLE | EXT_TDD_TX_OFF,lin-ramping,40,FALSE,TRUE,,-63.2184,TRUE,0,-950,TRUE,DPD_STATUS_OK,,-1000,FALSE,TRUE,40,2,128,,ns=stopped,3,0,NORMAL,-1000,TRUE,FALSE,,1971,PA abnormal
3419,Radio 2271 B3,CN39930742,5/31/2025 6:13,PA abnormal,pa_issues,,ramping timeout.,0,BF,TRUE,FALSE,off,2,46.03,32.9,0,CtrlGainStateRamping=starting,328,-1000,FALSE,0,,,EXT_DPD_IDLE | EXT_TDD_TX_OFF,lin-ramping,40,FALSE,TRUE,,-62.445,TRUE,0,-950,TRUE,DPD_STATUS_OK,,-1000,FALSE,TRUE,40,2,136,,ns=stopped,3,0,NORMAL,-1000,TRUE,FALSE,,1990,PA abnormal
3420,Radio 2271 B3,CN39930742,6/1/2025 8:15,PA abnormal,pa_issues,,ramping timeout.,0,BF,TRUE,FALSE,off,2,46.03,34.4,0,CtrlGainStateRamping=paused,328,-1000,FALSE,0,,,EXT_DPD_IDLE | EXT_TDD_TX_OFF,lin-ramping,40,FALSE,TRUE,,-62.3139,TRUE,0,-950,TRUE,DPD_STATUS_OK,,-1000,FALSE,TRUE,40,2,175,,ns=stopped,3,0,NORMAL,-1000,TRUE,FALSE,,1990,PA abnormal
3421,Radio 2271 B3,CN39930742,6/2/2025 4:58,PA abnormal,pa_issues,,ramping timeout.,0,BF,TRUE,FALSE,off,2,46.03,32.9,0,CtrlGainStateRamping=starting,328,-1000,FALSE,0,,,EXT_DPD_IDLE | EXT_TDD_TX_OFF,lin-ramping,40,FALSE,TRUE,,-62.3173,TRUE,0,-950,TRUE,DPD_STATUS_OK,,-1000,FALSE,TRUE,40,2,207,,ns=stopped,3,0,NORMAL,-1000,TRUE,FALSE,,1990,PA abnormal
3422,Radio 2271 B3,CN39930742,6/2/2025 5:10,PA abnormal,pa_issues,,ramping timeout.,0,BF,TRUE,FALSE,off,2,46.03,32.1,0,CtrlGainStateRamping=starting,347,-1000,FALSE,0,,,EXT_DPD_IDLE | EXT_TDD_TX_OFF,lin-ramping,40,FALSE,TRUE,,-62.2744,TRUE,0,-950,TRUE,DPD_STATUS_OK,,-1000,FALSE,TRUE,40,2,187,,ns=stopped,3,0,NORMAL,-1000,TRUE,FALSE,,1990,PA abnormal
3423,Radio 2271 B3,CN39930742,6/2/2025 7:02,PA abnormal,pa_issues,,ramping timeout.,0,BF,TRUE,FALSE,off,2,46.03,33.7,0,CtrlGainStateRamping=starting,328,-1000,FALSE,0,,,EXT_DPD_IDLE | EXT_TDD_TX_OFF,lin-ramping,40,FALSE,TRUE,,-62.3415,TRUE,0,-950,TRUE,DPD_STATUS_OK,,-1000,FALSE,TRUE,40,2,156,,ns=stopped,3,0,NORMAL,-1000,TRUE,FALSE,,1990,PA abnormal
3424,Radio 2271 B3,CN39930742,6/2/2025 7:02,PA abnormal,pa_issues,,ramping timeout.,0,BF,TRUE,FALSE,off,2,46.03,33.7,0,CtrlGainStateRamping=paused,320,-1000,FALSE,0,,,EXT_DPD_IDLE | EXT_TDD_TX_OFF,lin-ramping,40,FALSE,TRUE,,-63.1762,TRUE,0,-950,TRUE,DPD_STATUS_OK,,-1000,FALSE,TRUE,40,2,109,,ns=stopped,3,0,NORMAL,-1000,TRUE,FALSE,,1971,PA abnormal
3425,Radio 2271 B3,CN39930742,6/2/2025 7:02,PA abnormal,pa_issues,,ramping timeout.,0,BF,TRUE,FALSE,off,2,46.03,33.7,0,CtrlGainStateRamping=starting,312,-1000,FALSE,-120,,,EXT_DPD_IDLE | EXT_TDD_TX_OFF,lin-ramping,40,FALSE,TRUE,,-61.025,TRUE,0,-950,TRUE,DPD_STATUS_OK,,-1000,FALSE,TRUE,40,2,109,,ns=stopped,3,0,NORMAL,-1000,TRUE,FALSE,,1990,PA abnormal
3426,Radio 2271 B3,CN39930742,6/2/2025 7:06,PA abnormal,pa_issues,,ramping timeout.,0,BF,TRUE,FALSE,off,4,46.03,33.7,0,CtrlGainStateRamping=starting,328,-1000,FALSE,0,,,EXT_DPD_IDLE | EXT_TDD_TX_OFF,lin-ramping,40,FALSE,TRUE,,-63.2504,TRUE,0,-950,TRUE,DPD_STATUS_OK,,-1000,FALSE,TRUE,40,2,136,,ns=stopped,3,0,NORMAL,-1000,TRUE,FALSE,,1971,PA abnormal
3427,Radio 2271 B3,CN39930742,6/2/2025 7:10,PA abnormal,pa_issues,,ramping timeout.,0,BF,TRUE,FALSE,off,2,46.03,33.7,4864,CtrlGainStateRamping=paused,328,-1000,FALSE,0,,,EXT_DPD_IDLE | EXT_TDD_TX_OFF,lin-ramping,40,FALSE,TRUE,,-62.319,TRUE,0,-950,TRUE,DPD_STATUS_OK,,-1000,FALSE,TRUE,40,2,128,,ns=stopped,3,0,NORMAL,-1000,TRUE,FALSE,,1990,PA abnormal
3443,Radio 4471HP B1,CN39886598,8/13/2025 3:49,PA abnormal,pa_issues,,ramping timeout.,0,BF,TRUE,TRUE,off,541,47.18,29.8,132,CtrlGainStateRamping=paused,49140,-1000,FALSE,0,,,EXT_DPD_IDLE | EXT_TDD_TX_OFF,lin-ramping,40,TRUE,TRUE,,-62.63,TRUE,0,-850,TRUE,DPD_STATUS_OK,,-1000,FALSE,TRUE,60,682,0,,ns=stopped,2,0,NORMAL,-1000,TRUE,FALSE,,2004,PA abnormal
3444,Radio 4471HP B1,CN39886598,8/13/2025 3:51,PA abnormal,pa_issues,,ramping timeout.,0,BF,TRUE,TRUE,off,118,47.18,29.8,132,CtrlGainStateRamping=paused,49191,-1000,FALSE,0,,,EXT_DPD_IDLE | EXT_TDD_TX_OFF,lin-ramping,40,TRUE,TRUE,,-62.28,TRUE,0,-850,TRUE,DPD_STATUS_OK,,-1000,FALSE,TRUE,60,9,617,,ns=stopped,2,0,NORMAL,-1000,TRUE,FALSE,,2004,PA abnormal
3445,Radio 4471HP B1,CN39886598,8/13/2025 6:32,PA abnormal,pa_issues,,ramping timeout.,0,BF,TRUE,TRUE,off,21,47.18,29.8,134,CtrlGainStateRamping=starting,49277,-1000,FALSE,0,,,EXT_DPD_IDLE | EXT_TDD_TX_OFF,lin-ramping,40,TRUE,TRUE,,-62.33,TRUE,0,-850,TRUE,DPD_STATUS_OK,,-1000,FALSE,TRUE,60,5,5800,,ns=stopped,2,0,NORMAL,-1000,TRUE,FALSE,,2004,PA abnormal
3446,Radio 4471HP B1,CN39886598,8/13/2025 6:34,PA abnormal,pa_issues,,ramping timeout.,0,BF,TRUE,TRUE,off,788,47.18,29.8,139,CtrlGainStateRamping=starting,49226,-1000,FALSE,0,,,EXT_DPD_IDLE | EXT_TDD_TX_OFF,lin-ramping,40,TRUE,TRUE,,-61.86,TRUE,0,-850,TRUE,DPD_STATUS_OK,,-1000,FALSE,TRUE,60,751,0,,ns=stopped,2,0,NORMAL,-1000,TRUE,FALSE,,2004,PA abnormal
3447,Radio 4471HP B1,CN3A212023,9/17/2025 6:42,PA abnormal,pa_issues,,ramping timeout.,2,BF,TRUE,TRUE,off,0,45.98,71.3,2,CtrlGainStateRamping=starting,340.6666667,-1000,TRUE,0,,,EXT_DPD_IDLE | EXT_TDD_TX_OFF,lin-ramping,40,TRUE,TRUE,,-59.74,TRUE,0,-850,TRUE,DPD_STATUS_OK,,-1000,FALSE,TRUE,40,0,378.6666667,,ns=stopped,9,0,NORMAL,-1000,TRUE,FALSE,,2001,PA abnormal
3448,Radio 4471HP B1,CN3A212023,9/17/2025 6:42,PA abnormal,pa_issues,,ramping timeout.,2,BF,TRUE,TRUE,off,0,45.98,68.4,2,CtrlGainStateRamping=starting,337.5,-1000,TRUE,0,,,EXT_DPD_IDLE | EXT_TDD_TX_OFF,lin-ramping,40,TRUE,TRUE,,-59.68,TRUE,0,-850,TRUE,DPD_STATUS_OK,,-1000,FALSE,TRUE,40,0,375,,ns=stopped,9,0,NORMAL,-1000,TRUE,FALSE,,1999,PA abnormal
3449,Radio 4471HP B1,CN3A212023,9/17/2025 6:43,PA abnormal,pa_issues,,ramping timeout.,3,BF,TRUE,TRUE,off,0,45.98,70.8,3,CtrlGainStateRamping=paused,347,-1000,TRUE,-120,,,EXT_DPD_IDLE | EXT_TDD_TX_OFF,lin-ramping,40,TRUE,TRUE,,-59.33,TRUE,0,-850,TRUE,DPD_STATUS_OK,,-1000,FALSE,TRUE,40,0,355,,ns=stopped,9,0,NORMAL,-1000,TRUE,FALSE,,1999,PA abnormal
3450,Radio 4471HP B1,CN3A212023,9/17/2025 6:43,PA abnormal,pa_issues,,ramping timeout.,3,BF,TRUE,TRUE,off,0,45.98,70.8,3,CtrlGainStateRamping=starting,347,-1000,TRUE,-120,,,EXT_DPD_IDLE | EXT_TDD_TX_OFF,lin-ramping,40,TRUE,TRUE,,-59.38,TRUE,0,-850,TRUE,DPD_STATUS_OK,,-1000,FALSE,TRUE,40,0,355,,ns=stopped,9,0,NORMAL,-1000,TRUE,FALSE,,2001,PA abnormal
3451,Radio 4471HP B1,CN3A212023,9/17/2025 6:43,PA abnormal,pa_issues,,ramping timeout.,3,BF,TRUE,TRUE,off,0,45.98,68,3,CtrlGainStateRamping=starting,328,-1000,TRUE,-120,,,EXT_DPD_IDLE | EXT_TDD_TX_OFF,lin-ramping,40,TRUE,TRUE,,-59.67,TRUE,0,-850,TRUE,DPD_STATUS_OK,,-1000,FALSE,TRUE,40,0,355,,ns=stopped,9,0,NORMAL,-1000,TRUE,FALSE,,1999,PA abnormal
3452,Radio 4471HP B1,CN3A212023,9/17/2025 15:23,PA abnormal,pa_issues,,supervision,2009,BF,TRUE,TRUE,on,430,45.98,36.8,1872,CtrlGainStateTuned=started,47851,-8.89,TRUE,0,,,EXT_DPD_IDLE,lin-sv-high-freq-fault,40,TRUE,TRUE,,-11.71,TRUE,5,-850,TRUE,DPD_STATUS_OK,,-6.99,FALSE,TRUE,40,399,27941,,CtrlLinStateStartLate=started,9,42.7714,NORMAL,-8.99,TRUE,FALSE,,961,PA abnormal
3453,Radio 4471HP B1,CN3A212023,9/17/2025 15:23,PA abnormal,pa_issues,,supervision,1976,BF,TRUE,TRUE,on,429,45.98,37.6,1782,CtrlGainStateTuned=started,47902,-15.66,TRUE,-20,,,NA,lin-sv-high-freq-fault,40,TRUE,TRUE,,-15.75,TRUE,5,-850,TRUE,DPD_STATUS_OK,,-19.91,FALSE,TRUE,40,235,27953,,CtrlLinStateStartLate=started,9,38.533,NORMAL,-16.06,TRUE,FALSE,,919,PA abnormal
3454,Radio 4471HP B1,CN3A212023,9/17/2025 15:23,PA abnormal,pa_issues,,supervision,1327,BF,TRUE,TRUE,on,223,45.98,38,1096,CtrlGainStateTuned=started,48027,-17.2,TRUE,-40,,,NA,lin-sv-high-freq-fault,40,TRUE,TRUE,,-17.28,TRUE,5,-850,TRUE,DPD_STATUS_OK,,-19.22,FALSE,TRUE,40,385,27953,,CtrlLinStateStartLate=started,9,36.8015,NORMAL,-17.15,TRUE,FALSE,,883,PA abnormal
3455,Radio 4471HP B1,CN3A212023,9/17/2025 15:24,PA abnormal,pa_issues,,supervision,1791,BF,TRUE,TRUE,on,299,45.98,38.9,428,CtrlGainStateTuned=started,47957,-8.76,TRUE,-60,,,EXT_DPD_IDLE,lin-sv-high-freq-fault,40,TRUE,TRUE,,-12.11,TRUE,5,-850,TRUE,DPD_STATUS_OK,,-5.94,FALSE,TRUE,40,378,27933,,CtrlLinStateStartLate=started,9,41.7704,NORMAL,-8.59,TRUE,FALSE,,937,PA abnormal
3456,Radio 4471HP B1,CN3A212023,9/17/2025 15:24,PA abnormal,pa_issues,,supervision,1379,BF,TRUE,TRUE,on,331,45.98,38.9,599,CtrlGainStateTuned=started,47972,-17.7,TRUE,-80,,,NA,lin-sv-high-freq-fault,40,TRUE,TRUE,,-17.72,TRUE,5,-850,TRUE,DPD_STATUS_OK,,-21.26,FALSE,TRUE,40,302,27902,,CtrlLinStateStartLate=started,9,35.9574,NORMAL,-18.43,TRUE,FALSE,,844,PA abnormal
3457,Radio 4471HP B1,CN3A212023,9/17/2025 15:24,PA abnormal,pa_issues,,supervision,1832,BF,TRUE,TRUE,on,300,45.98,39.8,1577,CtrlGainStateTuned=started,48007,-18.42,TRUE,-100,,,NA,lin-sv-high-freq-fault,40,TRUE,TRUE,,-18.48,TRUE,5,-850,TRUE,DPD_STATUS_OK,,-22.59,FALSE,TRUE,40,378,27882,,CtrlLinStateStartLate=started,9,35.0045,NORMAL,-19.81,TRUE,FALSE,,958,PA abnormal
3458,Radio 4471HP B1,CN3A212023,9/17/2025 15:25,PA abnormal,pa_issues,,supervision,1718,BF,TRUE,TRUE,on,402,45.98,40.3,1608,CtrlGainStateTuned=started,48027,-8.57,TRUE,-120,,,EXT_DPD_IDLE,lin-sv-high-freq-fault,40,TRUE,TRUE,,-11.51,TRUE,5,-850,TRUE,DPD_STATUS_OK,,-6.18,FALSE,TRUE,40,366,27933,,CtrlLinStateStartLate=started,9,41.7733,NORMAL,-8.39,TRUE,FALSE,,940,PA abnormal
3459,Radio 4471HP B1,CN3A212023,9/17/2025 15:26,PA abnormal,pa_issues,,supervision,698,BF,TRUE,TRUE,on,275,45.98,39,402,CtrlGainStateTuned=started,47921,-18.15,TRUE,0,,,NA,lin-sv-high-freq-fault,40,TRUE,TRUE,,-18.27,TRUE,5,-850,TRUE,DPD_STATUS_OK,,-21.72,FALSE,TRUE,40,155,27933,,CtrlLinStateStartLate=started,9,36.2099,NORMAL,-19.66,TRUE,FALSE,,820,PA abnormal
3460,Radio 4471HP B1,CN3A212023,9/17/2025 15:26,PA abnormal,pa_issues,,supervision,2082,BF,TRUE,TRUE,on,423,45.98,39.8,1874,CtrlGainStateTuned=started,48078,-9.21,TRUE,-20,,,EXT_DPD_IDLE,lin-sv-high-freq-fault,40,TRUE,TRUE,,-13.62,TRUE,5,-850,TRUE,DPD_STATUS_OK,,-6.32,FALSE,TRUE,40,391,27953,,CtrlLinStateStartLate=started,9,40.6598,NORMAL,-9.2,TRUE,FALSE,,874,PA abnormal
3461,Radio 4471HP B1,CN3A212023,9/17/2025 15:27,PA abnormal,pa_issues,,supervision,1902,BF,TRUE,TRUE,on,409,45.98,40.4,1754,CtrlGainStateTuned=started,47992,-9.27,TRUE,-40,,,EXT_DPD_IDLE,lin-sv-high-freq-fault,40,TRUE,TRUE,,-13.87,TRUE,5,-850,TRUE,DPD_STATUS_OK,,-6.82,FALSE,TRUE,40,310,27894,,CtrlLinStateStartLate=started,9,40.2141,NORMAL,-9.28,TRUE,FALSE,,877,PA abnormal
3462,Radio 4471HP B1,CN3A212023,9/17/2025 15:27,PA abnormal,pa_issues,,supervision,1850,BF,TRUE,TRUE,on,343,45.98,40.7,602,CtrlGainStateTuned=started,48027,-18.41,TRUE,-60,,,NA,lin-sv-high-freq-fault,40,TRUE,TRUE,,-18.46,TRUE,5,-850,TRUE,DPD_STATUS_OK,,-21.49,FALSE,TRUE,40,367,27843,,CtrlLinStateStartLate=started,9,35.4248,NORMAL,-19.77,TRUE,FALSE,,916,PA abnormal
3463,Radio 4471HP B1,CN3A212023,9/17/2025 15:27,PA abnormal,pa_issues,,supervision,748,BF,TRUE,TRUE,on,193,45.98,40.7,1012,CtrlGainStateTuned=started,48078,-14.37,TRUE,-80,,,NA,lin-sv-high-freq-fault,40,TRUE,TRUE,,-15.13,TRUE,5,-850,TRUE,DPD_STATUS_OK,,-14.13,FALSE,TRUE,40,179,27894,,CtrlLinStateStartLate=started,9,38.5536,NORMAL,-14.36,TRUE,FALSE,,892,PA abnormal
3464,Radio 4471HP B1,CN3A212023,9/17/2025 15:28,PA abnormal,pa_issues,,supervision,1408,BF,TRUE,TRUE,on,403,45.98,41.5,1643,CtrlGainStateTuned=started,47972,-9.14,TRUE,-100,,,EXT_DPD_IDLE,lin-sv-high-freq-fault,40,TRUE,TRUE,,-11.41,TRUE,5,-850,TRUE,DPD_STATUS_OK,,-7.19,FALSE,TRUE,40,369,27863,,CtrlLinStateStartLate=started,9,42.0669,NORMAL,-8.9,TRUE,FALSE,,970,PA abnormal
3465,Radio 4471HP B1,CN3A212023,9/17/2025 15:28,PA abnormal,pa_issues,,supervision,1183,BF,TRUE,TRUE,on,335,45.98,41.6,959,CtrlGainStateTuned=started,48078,-20.26,TRUE,-120,,,NA,lin-sv-high-freq-fault,40,TRUE,TRUE,,-20.18,TRUE,5,-850,TRUE,DPD_STATUS_OK,,-24.78,FALSE,TRUE,40,169,27941,,CtrlLinStateStartLate=started,9,33.1035,NORMAL,-20.47,TRUE,FALSE,,931,PA abnormal
3466,Radio 4471HP B1,CN3A212023,9/17/2025 15:28,PA abnormal,pa_issues,,supervision,1083,BF,TRUE,TRUE,on,188,45.98,42.2,658,CtrlGainStateTuned=started,47957,-8.67,TRUE,-140,,,EXT_DPD_IDLE,lin-sv-high-freq-fault,40,TRUE,TRUE,,-10.62,TRUE,5,-850,TRUE,DPD_STATUS_OK,,-7.17,FALSE,TRUE,40,288,27921,,CtrlLinStateStartLate=started,9,42.4624,NORMAL,-8.7,TRUE,FALSE,,955,PA abnormal
3467,Radio 4471HP B1,CN3A212023,9/17/2025 15:28,PA abnormal,pa_issues,,supervision,1095,BF,TRUE,TRUE,on,227,45.98,42.4,972,CtrlGainStateTuned=started,48007,-15.1,TRUE,-160,,,NA,lin-sv-high-freq-fault,40,TRUE,TRUE,,-15.3,TRUE,5,-850,TRUE,DPD_STATUS_OK,,-17.96,FALSE,TRUE,40,301,27914,,CtrlLinStateStartLate=started,9,37.5778,NORMAL,-15.05,TRUE,FALSE,,928,PA abnormal
3468,Radio 4471HP B1,CN3A212023,9/17/2025 15:29,PA abnormal,pa_issues,,supervision,1022,BF,TRUE,TRUE,on,234,45.98,42.6,645,CtrlGainStateTuned=started,47957,-8.91,TRUE,-180,,,NA,lin-sv-high-freq-fault,40,TRUE,TRUE,,-10.26,TRUE,5,-850,TRUE,DPD_STATUS_OK,,-7.9,FALSE,TRUE,40,238,27914,,CtrlLinStateStartLate=started,9,42.4211,NORMAL,-8.8,TRUE,FALSE,,997,PA abnormal
3469,Radio 4471HP B1,CN3A212023,9/17/2025 15:29,PA abnormal,pa_issues,,supervision,1092,BF,TRUE,TRUE,on,283,45.98,42.6,1402,CtrlGainStateTuned=started,48042,-15.39,TRUE,-200,,,NA,lin-sv-high-freq-fault,40,TRUE,TRUE,,-15.43,TRUE,5,-850,TRUE,DPD_STATUS_OK,,-19.11,FALSE,TRUE,40,156,27933,,CtrlLinStateStartLate=started,9,37.0502,NORMAL,-15.26,TRUE,FALSE,,955,PA abnormal
3470,Radio 4471HP B1,CN3A212023,9/17/2025 15:29,PA abnormal,pa_issues,,supervision,596,BF,TRUE,TRUE,on,299,45.98,43.1,880,CtrlGainStateTuned=started,48027,-8.98,TRUE,-220,,,EXT_DPD_IDLE,lin-sv-high-freq-fault,40,TRUE,TRUE,,-10.23,TRUE,5,-850,TRUE,DPD_STATUS_OK,,-8.36,FALSE,TRUE,40,185,27894,,CtrlLinStateStartLate=started,9,42.0513,NORMAL,-8.93,TRUE,FALSE,,1036,PA abnormal
3471,Radio 4471HP B1,CN3A212023,9/17/2025 15:30,PA abnormal,pa_issues,,supervision,1539,BF,TRUE,TRUE,on,376,45.98,43.3,1320,CtrlGainStateTuned=started,47937,-9.18,TRUE,-240,,,NA,lin-sv-high-freq-fault,40,TRUE,TRUE,,-9.96,TRUE,5,-850,TRUE,DPD_STATUS_OK,,-9.9,FALSE,TRUE,40,343,27875,,CtrlLinStateStartLate=started,9,42.1224,NORMAL,-9.42,TRUE,FALSE,,1066,PA abnormal
3472,Radio 4471HP B1,CN3A212023,9/20/2025 14:28,PA abnormal,pa_issues,,supervision,1163,BF,TRUE,TRUE,on,185,45.98,48.4,315,CtrlGainStateTuned=started,48027,-17.64,TRUE,0,,,NA,lin-sv-high-freq-fault,40,TRUE,TRUE,,-17.62,TRUE,5,-850,TRUE,DPD_STATUS_OK,,-20.34,FALSE,TRUE,40,229,27882,,CtrlLinStateStartLate=started,9,36.8552,NORMAL,-17.78,TRUE,FALSE,,688,PA abnormal
3473,Radio 4471HP B1,CN3A212023,9/20/2025 14:28,PA abnormal,pa_issues,,supervision,618,BF,TRUE,TRUE,on,248,45.98,49,1044,CtrlGainStateTuned=started,47937,-8.77,TRUE,-20,,,EXT_DPD_IDLE,lin-sv-high-freq-fault,40,TRUE,TRUE,,-13.83,TRUE,5,-850,TRUE,DPD_STATUS_OK,,-5.6,FALSE,TRUE,40,192,27921,,CtrlLinStateStartLate=started,9,40.4542,NORMAL,-8.64,TRUE,FALSE,,718,PA abnormal
3474,Radio 4471HP B1,CN3A212023,9/20/2025 14:29,PA abnormal,pa_issues,,supervision,1230,BF,TRUE,TRUE,on,314,45.98,49.6,1739,CtrlGainStateTuned=started,47972,-8.78,TRUE,-40,,,EXT_DPD_IDLE,lin-sv-high-freq-fault,40,TRUE,TRUE,,-14.84,TRUE,5,-850,TRUE,DPD_STATUS_OK,,-5.93,FALSE,TRUE,40,376,27921,,CtrlLinStateStartLate=started,9,39.2435,NORMAL,-8.87,TRUE,FALSE,,775,PA abnormal
3475,Radio 4471HP B1,CN3A212023,9/20/2025 14:29,PA abnormal,pa_issues,,supervision,597,BF,TRUE,TRUE,on,421,45.98,49.7,413,CtrlGainStateTuned=started,47902,-22.79,TRUE,-60,,,NA,lin-sv-high-freq-fault,40,TRUE,TRUE,,-22.75,TRUE,5,-850,TRUE,DPD_STATUS_OK,,-63.93,FALSE,TRUE,40,327,27914,,CtrlLinStateStartLate=started,9,31.135,NORMAL,-71.53,TRUE,FALSE,,760,PA abnormal
3476,Radio 4471HP B1,CN3A212023,9/20/2025 14:29,PA abnormal,pa_issues,,supervision,1190,BF,TRUE,TRUE,on,320,45.98,50.1,287,CtrlGainStateTuned=started,47972,-12.12,TRUE,-80,,,NA,lin-sv-high-freq-fault,40,TRUE,TRUE,,-12.67,TRUE,5,-850,TRUE,DPD_STATUS_OK,,-13.05,FALSE,TRUE,40,335,27953,,CtrlLinStateStartLate=started,9,41.012,NORMAL,-12.12,TRUE,FALSE,,760,PA abnormal
3477,Radio 4471HP B1,CN3A212023,9/20/2025 14:30,PA abnormal,pa_issues,,supervision,487,BF,TRUE,TRUE,on,299,45.98,50.3,657,CtrlGainStateTuned=started,47921,-13.67,TRUE,-100,,,NA,lin-sv-high-freq-fault,40,TRUE,TRUE,,-14.57,TRUE,5,-850,TRUE,DPD_STATUS_OK,,-13.16,FALSE,TRUE,40,181,27902,,CtrlLinStateStartLate=started,9,38.9074,NORMAL,-13.58,TRUE,FALSE,,805,PA abnormal
3478,Radio 4471HP B1,CN3A212023,9/20/2025 14:30,PA abnormal,pa_issues,,supervision,476,BF,TRUE,TRUE,on,185,45.98,50.6,290,CtrlGainStateTuned=started,47937,-18.78,TRUE,-120,,,NA,lin-sv-high-freq-fault,40,TRUE,TRUE,,-19.04,TRUE,5,-850,TRUE,DPD_STATUS_OK,,-21.27,FALSE,TRUE,40,155,27914,,CtrlLinStateStartLate=started,9,34.2415,NORMAL,-18.87,TRUE,FALSE,,805,PA abnormal
3479,Radio 4471HP B1,CN3A212023,9/20/2025 14:32,PA abnormal,pa_issues,,supervision,1987,BF,TRUE,TRUE,on,429,45.98,49.3,1873,CtrlGainStateTuned=started,47972,-9.04,TRUE,0,,,EXT_DPD_IDLE,lin-sv-high-freq-fault,40,TRUE,TRUE,,-13.81,TRUE,5,-850,TRUE,DPD_STATUS_OK,,-5.89,FALSE,TRUE,40,400,27851,,CtrlLinStateStartLate=started,9,40.672,NORMAL,-9.1,TRUE,FALSE,,739,PA abnormal
3480,Radio 4471HP B1,CN3A212023,9/20/2025 14:32,PA abnormal,pa_issues,,supervision,2124,BF,TRUE,TRUE,on,438,45.98,49.9,1893,CtrlGainStateTuned=started,48042,-9.24,TRUE,-20,,,EXT_DPD_IDLE,lin-sv-high-freq-fault,40,TRUE,TRUE,,-13.84,TRUE,5,-850,TRUE,DPD_STATUS_OK,,-6.25,FALSE,TRUE,40,407,27933,,CtrlLinStateStartLate=started,9,40.4449,NORMAL,-9.17,TRUE,FALSE,,799,PA abnormal
3481,Radio 4471HP B1,CN3A212023,9/20/2025 14:32,PA abnormal,pa_issues,,supervision,468,BF,TRUE,TRUE,on,196,45.98,50,1745,CtrlGainStateTuned=started,47972,-8.67,TRUE,-40,,,EXT_DPD_IDLE,lin-sv-high-freq-fault,40,TRUE,TRUE,,-13.7,TRUE,5,-850,TRUE,DPD_STATUS_OK,,-5.96,FALSE,TRUE,40,167,27964,,CtrlLinStateStartLate=started,9,40.3799,NORMAL,-8.72,TRUE,FALSE,,790,PA abnormal
3482,Radio 4471HP B1,CN3A212023,9/20/2025 14:32,PA abnormal,pa_issues,,supervision,517,BF,TRUE,TRUE,on,188,45.98,50.7,394,CtrlGainStateTuned=started,48027,-9.08,TRUE,-60,,,EXT_DPD_IDLE,lin-sv-high-freq-fault,40,TRUE,TRUE,,-12.51,TRUE,5,-850,TRUE,DPD_STATUS_OK,,-6.5,FALSE,TRUE,40,159,27921,,CtrlLinStateStartLate=started,9,41.3668,NORMAL,-8.77,TRUE,FALSE,,787,PA abnormal
3483,Radio 4471HP B1,CN3A212023,9/20/2025 14:33,PA abnormal,pa_issues,,supervision,1176,BF,TRUE,TRUE,on,196,45.98,50.8,1072,CtrlGainStateTuned=started,48007,-15.83,TRUE,-80,,,NA,lin-sv-high-freq-fault,40,TRUE,TRUE,,-15.73,TRUE,5,-850,TRUE,DPD_STATUS_OK,,-20.75,FALSE,TRUE,40,231,27914,,CtrlLinStateStartLate=started,9,37.9461,NORMAL,-15.92,TRUE,FALSE,,775,PA abnormal
3484,Radio 4471HP B1,CN3A212023,9/20/2025 14:33,PA abnormal,pa_issues,,supervision,1627,BF,TRUE,TRUE,on,411,45.98,51,955,CtrlGainStateTuned=started,48042,-18.56,TRUE,-100,,,NA,lin-sv-high-freq-fault,40,TRUE,TRUE,,-18.39,TRUE,5,-850,TRUE,DPD_STATUS_OK,,-24.03,FALSE,TRUE,40,382,27882,,CtrlLinStateStartLate=started,9,35.0928,NORMAL,-20.91,TRUE,FALSE,,781,PA abnormal
3485,Radio 4471HP B1,CN3A212023,9/20/2025 14:33,PA abnormal,pa_issues,,supervision,489,BF,TRUE,TRUE,on,211,45.98,51.5,928,CtrlGainStateTuned=started,48007,-8.91,TRUE,-120,,,EXT_DPD_IDLE,lin-sv-high-freq-fault,40,TRUE,TRUE,,-10.79,TRUE,5,-850,TRUE,DPD_STATUS_OK,,-7.69,FALSE,TRUE,40,211,27882,,CtrlLinStateStartLate=started,9,42.49,NORMAL,-9.06,TRUE,FALSE,,874,PA abnormal
3486,Radio 4471HP B1,CN3A212023,9/20/2025 14:34,PA abnormal,pa_issues,,supervision,485,BF,TRUE,TRUE,on,196,45.98,51.6,308,CtrlGainStateTuned=started,47921,-15.38,TRUE,-140,,,NA,lin-sv-high-freq-fault,40,TRUE,TRUE,,-15.62,TRUE,5,-850,TRUE,DPD_STATUS_OK,,-17.76,FALSE,TRUE,40,199,27933,,CtrlLinStateStartLate=started,9,37.4608,NORMAL,-15.41,TRUE,FALSE,,820,PA abnormal
3487,Radio 4471HP B1,CN3A212023,9/20/2025 14:34,PA abnormal,pa_issues,,supervision,509,BF,TRUE,TRUE,on,206,45.98,52.1,382,CtrlGainStateTuned=started,47886,-19.35,TRUE,-160,,,NA,lin-sv-high-freq-fault,40,TRUE,TRUE,,-20.28,TRUE,5,-850,TRUE,DPD_STATUS_OK,,-96.33,FALSE,TRUE,40,159,27894,,CtrlLinStateStartLate=started,9,0,NORMAL,-1000,TRUE,FALSE,,853,PA abnormal
3488,Radio 4471HP B1,CN3A212023,9/20/2025 14:34,PA abnormal,pa_issues,,supervision,722,BF,TRUE,TRUE,on,295,45.98,52.5,578,CtrlGainStateTuned=started,47992,-8.75,TRUE,-180,,,EXT_DPD_IDLE,lin-sv-high-freq-fault,40,TRUE,TRUE,,-10.68,TRUE,5,-850,TRUE,DPD_STATUS_OK,,-7.67,FALSE,TRUE,40,205,27933,,CtrlLinStateStartLate=started,9,41.9994,NORMAL,-8.76,TRUE,FALSE,,829,PA abnormal
3489,Radio 4471HP B1,CN3A212023,9/20/2025 14:35,PA abnormal,pa_issues,,supervision,847,BF,TRUE,TRUE,on,256,45.98,52.5,786,CtrlGainStateTuned=started,47937,-16.13,TRUE,-200,,,NA,lin-sv-high-freq-fault,40,TRUE,TRUE,,-16.31,TRUE,5,-850,TRUE,DPD_STATUS_OK,,-19.54,FALSE,TRUE,40,291,27914,,CtrlLinStateStartLate=started,9,36.1713,NORMAL,-15.73,TRUE,FALSE,,847,PA abnormal
3490,Radio 4471HP B1,CN3A212023,9/20/2025 14:35,PA abnormal,pa_issues,,supervision,649,BF,TRUE,TRUE,on,258,45.98,52.8,1231,CtrlGainStateTuned=started,47871,-12.92,TRUE,-220,,,NA,lin-sv-high-freq-fault,40,TRUE,TRUE,,-13.34,TRUE,5,-850,TRUE,DPD_STATUS_OK,,-14.59,FALSE,TRUE,40,239,27875,,CtrlLinStateStartLate=started,9,38.9444,NORMAL,-12.82,TRUE,FALSE,,877,PA abnormal
3491,Radio 4471HP B1,CN3A212023,9/20/2025 14:35,PA abnormal,pa_issues,,supervision,733,BF,TRUE,TRUE,on,248,45.98,53,422,CtrlGainStateTuned=started,47972,-16.7,TRUE,-240,,,NA,lin-sv-high-freq-fault,40,TRUE,TRUE,,-17.03,TRUE,5,-850,TRUE,DPD_STATUS_OK,,-21.05,FALSE,TRUE,40,272,27894,,CtrlLinStateStartLate=started,9,35.0503,NORMAL,-16.8,TRUE,FALSE,,889,PA abnormal
3492,Radio 4471HP B1,CN3A212023,9/20/2025 17:52,PA abnormal,pa_issues,,supervision,466,BF,TRUE,TRUE,on,188,45.98,47.9,1107,CtrlGainStateTuned=started,47851,-26,TRUE,0,,,NA,lin-sv-high-freq-fault,40,TRUE,TRUE,,-25.91,TRUE,5,-850,TRUE,DPD_STATUS_OK,,-1000,FALSE,TRUE,40,158,27933,,CtrlLinStateStartLate=started,9,0,NORMAL,-1000,TRUE,FALSE,,763,PA abnormal
3493,Radio 4471HP B1,CN3A212023,9/20/2025 17:52,PA abnormal,pa_issues,,supervision,537,BF,TRUE,TRUE,on,311,45.98,48.3,379,CtrlGainStateTuned=started,47957,-8.73,TRUE,-20,,,EXT_DPD_IDLE,lin-sv-high-freq-fault,40,TRUE,TRUE,,-12.71,TRUE,5,-850,TRUE,DPD_STATUS_OK,,-6.16,FALSE,TRUE,40,154,27902,,CtrlLinStateStartLate=started,9,41.5679,NORMAL,-8.51,TRUE,FALSE,,787,PA abnormal
3494,Radio 4471HP B1,CN3A212023,9/20/2025 17:53,PA abnormal,pa_issues,,supervision,473,BF,TRUE,TRUE,on,226,45.98,48.5,286,CtrlGainStateTuned=started,47937,-8.69,TRUE,-40,,,EXT_DPD_IDLE,lin-sv-high-freq-fault,40,TRUE,TRUE,,-12.62,TRUE,5,-850,TRUE,DPD_STATUS_OK,,-6.43,FALSE,TRUE,40,153,27894,,CtrlLinStateStartLate=started,9,41.464,NORMAL,-8.75,TRUE,FALSE,,808,PA abnormal
3495,Radio 4471HP B1,CN3A212023,9/20/2025 17:53,PA abnormal,pa_issues,,supervision,619,BF,TRUE,TRUE,on,184,45.98,48.3,450,CtrlGainStateTuned=started,47871,-21.81,TRUE,-60,,,NA,lin-sv-high-freq-fault,40,TRUE,TRUE,,-21.7,TRUE,5,-850,TRUE,DPD_STATUS_OK,,-26.42,FALSE,TRUE,40,157,27902,,CtrlLinStateStartLate=started,9,32.1815,NORMAL,-22.06,TRUE,FALSE,,814,PA abnormal
3496,Radio 4471HP B1,CN3A212023,9/20/2025 17:53,PA abnormal,pa_issues,,supervision,464,BF,TRUE,TRUE,on,185,45.98,48.4,287,CtrlGainStateTuned=started,47937,-19.87,TRUE,-80,,,NA,lin-sv-high-freq-fault,40,TRUE,TRUE,,-19.94,TRUE,5,-850,TRUE,DPD_STATUS_OK,,-21.28,FALSE,TRUE,40,155,27914,,CtrlLinStateStartLate=started,9,33.7384,NORMAL,-19.61,TRUE,FALSE,,862,PA abnormal
3497,Radio 4471HP B1,CN3A212023,9/20/2025 17:54,PA abnormal,pa_issues,,supervision,1829,BF,TRUE,TRUE,on,415,45.98,48.9,975,CtrlGainStateTuned=started,48027,-19.35,TRUE,-100,,,NA,lin-sv-high-freq-fault,40,TRUE,TRUE,,-19.51,TRUE,5,-850,TRUE,DPD_STATUS_OK,,-21.33,FALSE,TRUE,40,384,27882,,CtrlLinStateStartLate=started,9,33.9695,NORMAL,-19.51,TRUE,FALSE,,889,PA abnormal
3498,Radio 4471HP B1,CN3A212023,9/20/2025 17:54,PA abnormal,pa_issues,,supervision,1126,BF,TRUE,TRUE,on,296,45.98,48.8,288,CtrlGainStateTuned=started,48007,-19.46,TRUE,-120,,,NA,lin-sv-high-freq-fault,40,TRUE,TRUE,,-19.46,TRUE,5,-850,TRUE,DPD_STATUS_OK,,-23.56,FALSE,TRUE,40,276,27941,,CtrlLinStateStartLate=started,9,33.8186,NORMAL,-19.41,TRUE,FALSE,,865,PA abnormal
3499,Radio 4471HP B1,CN3A212023,9/20/2025 17:55,PA abnormal,pa_issues,,supervision,640,BF,TRUE,TRUE,on,190,45.98,47.1,411,CtrlGainStateTuned=started,47992,-19.76,TRUE,0,,,NA,lin-sv-high-freq-fault,40,TRUE,TRUE,,-19.84,TRUE,5,-850,TRUE,DPD_STATUS_OK,,-23.09,FALSE,TRUE,40,208,27902,,CtrlLinStateStartLate=started,9,34.645,NORMAL,-19.7,TRUE,FALSE,,769,PA abnormal
3500,Radio 4471HP B1,CN3A212023,9/20/2025 17:56,PA abnormal,pa_issues,,supervision,525,BF,TRUE,TRUE,on,184,45.98,47.3,349,CtrlGainStateTuned=started,47871,-16.66,TRUE,-20,,,NA,lin-sv-high-freq-fault,40,TRUE,TRUE,,-16.69,TRUE,5,-850,TRUE,DPD_STATUS_OK,,-19.07,FALSE,TRUE,40,153,27914,,CtrlLinStateStartLate=started,9,37.591,NORMAL,-16.5,TRUE,FALSE,,790,PA abnormal
3501,Radio 4471HP B1,CN3A212023,9/20/2025 17:56,PA abnormal,pa_issues,,supervision,567,BF,TRUE,TRUE,on,306,45.98,47.6,539,CtrlGainStateTuned=started,48058,-12.24,TRUE,-40,,,NA,lin-sv-high-freq-fault,40,TRUE,TRUE,,-13.22,TRUE,5,-850,TRUE,DPD_STATUS_OK,,-11.52,FALSE,TRUE,40,177,27902,,CtrlLinStateStartLate=started,9,40.8644,NORMAL,-12.06,TRUE,FALSE,,805,PA abnormal
3502,Radio 4471HP B1,CN3A212023,9/20/2025 17:56,PA abnormal,pa_issues,,supervision,591,BF,TRUE,TRUE,on,183,45.98,47.7,416,CtrlGainStateTuned=started,47957,-20.43,TRUE,-60,,,NA,lin-sv-high-freq-fault,40,TRUE,TRUE,,-20.51,TRUE,5,-850,TRUE,DPD_STATUS_OK,,-23.91,FALSE,TRUE,40,153,27933,,CtrlLinStateStartLate=started,9,33.3715,NORMAL,-21.61,TRUE,FALSE,,829,PA abnormal
3503,Radio 4471HP B1,CN3A212023,9/20/2025 17:57,PA abnormal,pa_issues,,supervision,463,BF,TRUE,TRUE,on,185,45.98,47.8,447,CtrlGainStateTuned=started,47957,-19.27,TRUE,-80,,,NA,lin-sv-high-freq-fault,40,TRUE,TRUE,,-19.36,TRUE,5,-850,TRUE,DPD_STATUS_OK,,-22.88,FALSE,TRUE,40,154,27882,,CtrlLinStateStartLate=started,9,34.3152,NORMAL,-19.91,TRUE,FALSE,,835,PA abnormal
3504,Radio 4471HP B1,CN3A212023,9/20/2025 17:57,PA abnormal,pa_issues,,supervision,467,BF,TRUE,TRUE,on,185,45.98,47.9,288,CtrlGainStateTuned=started,47957,-22.63,TRUE,-100,,,NA,lin-sv-high-freq-fault,40,TRUE,TRUE,,-22.68,TRUE,5,-850,TRUE,DPD_STATUS_OK,,-32.3,FALSE,TRUE,40,155,27882,,CtrlLinStateStartLate=started,9,30.7993,NORMAL,-28.65,TRUE,FALSE,,859,PA abnormal
3505,Radio 4471HP B1,CN3A212023,9/20/2025 17:57,PA abnormal,pa_issues,,supervision,1100,BF,TRUE,TRUE,on,326,45.98,48.1,310,CtrlGainStateTuned=started,47886,-17.19,TRUE,-120,,,NA,lin-sv-high-freq-fault,40,TRUE,TRUE,,-17.3,TRUE,5,-850,TRUE,DPD_STATUS_OK,,-20.32,FALSE,TRUE,40,266,27851,,CtrlLinStateStartLate=started,9,35.9756,NORMAL,-18.2,TRUE,FALSE,,865,PA abnormal
3506,Radio 4471HP B1,CN3A212023,9/20/2025 17:58,PA abnormal,pa_issues,,supervision,470,BF,TRUE,TRUE,on,184,45.98,48.2,420,CtrlGainStateTuned=started,48042,-15.68,TRUE,-140,,,NA,lin-sv-high-freq-fault,40,TRUE,TRUE,,-15.93,TRUE,5,-850,TRUE,DPD_STATUS_OK,,-18.28,FALSE,TRUE,40,154,27882,,CtrlLinStateStartLate=started,9,37.1547,NORMAL,-15.74,TRUE,FALSE,,907,PA abnormal
3507,Radio 4471HP B1,CN3A212023,9/20/2025 17:58,PA abnormal,pa_issues,,supervision,627,BF,TRUE,TRUE,on,323,45.98,48.2,309,CtrlGainStateTuned=started,47957,-17.18,TRUE,-160,,,NA,lin-sv-high-freq-fault,40,TRUE,TRUE,,-17.28,TRUE,5,-850,TRUE,DPD_STATUS_OK,,-20.33,FALSE,TRUE,40,240,27941,,CtrlLinStateStartLate=started,9,35.6028,NORMAL,-17.96,TRUE,FALSE,,919,PA abnormal
3508,Radio 4471HP B1,CN3A212023,9/20/2025 17:58,PA abnormal,pa_issues,,supervision,459,BF,TRUE,TRUE,on,209,45.98,48.3,283,CtrlGainStateTuned=started,47972,-17.69,TRUE,-180,,,NA,lin-sv-high-freq-fault,40,TRUE,TRUE,,-17.86,TRUE,5,-850,TRUE,DPD_STATUS_OK,,-20.41,FALSE,TRUE,40,179,27941,,CtrlLinStateStartLate=started,9,34.8191,NORMAL,-18.26,TRUE,FALSE,,943,PA abnormal
3509,Radio 4471HP B1,CN3A212023,9/20/2025 17:59,PA abnormal,pa_issues,,supervision,611,BF,TRUE,TRUE,on,184,45.98,48.5,434,CtrlGainStateTuned=started,47972,-16.52,TRUE,-200,,,NA,lin-sv-high-freq-fault,40,TRUE,TRUE,,-16.67,TRUE,5,-850,TRUE,DPD_STATUS_OK,,-20.79,FALSE,TRUE,40,155,27875,,CtrlLinStateStartLate=started,9,35.815,NORMAL,-17.72,TRUE,FALSE,,940,PA abnormal
3510,Radio 4471HP B1,CN3A212023,9/20/2025 17:59,PA abnormal,pa_issues,,supervision,528,BF,TRUE,TRUE,on,198,45.98,48.6,290,CtrlGainStateTuned=started,47851,-20.25,TRUE,-220,,,NA,lin-sv-high-freq-fault,40,TRUE,TRUE,,-20.23,TRUE,5,-850,TRUE,DPD_STATUS_OK,,-25.61,FALSE,TRUE,40,206,27882,,CtrlLinStateStartLate=started,9,32.0507,NORMAL,-21.58,TRUE,FALSE,,958,PA abnormal
3511,Radio 4471HP B1,CN3A212023,9/20/2025 18:01,PA abnormal,pa_issues,,supervision,518,BF,TRUE,TRUE,on,184,45.98,46.7,346,CtrlGainStateTuned=started,47921,-12.72,TRUE,0,,,NA,lin-sv-high-freq-fault,40,TRUE,TRUE,,-13.9,TRUE,5,-850,TRUE,DPD_STATUS_OK,,-11.83,FALSE,TRUE,40,154,27921,,CtrlLinStateStartLate=started,9,40.5801,NORMAL,-12.62,TRUE,FALSE,,793,PA abnormal
3512,Radio 4471HP B1,CN3A212023,9/20/2025 18:01,PA abnormal,pa_issues,,supervision,473,BF,TRUE,TRUE,on,243,45.98,46.9,333,CtrlGainStateTuned=started,47921,-22,TRUE,-20,,,NA,lin-sv-high-freq-fault,40,TRUE,TRUE,,-22.07,TRUE,5,-850,TRUE,DPD_STATUS_OK,,-25.45,FALSE,TRUE,40,156,27941,,CtrlLinStateStartLate=started,9,32.2073,NORMAL,-23.08,TRUE,FALSE,,787,PA abnormal
3513,Radio 4471HP B1,CN3A212023,9/20/2025 18:01,PA abnormal,pa_issues,,supervision,842,BF,TRUE,TRUE,on,325,45.98,47.5,362,CtrlGainStateTuned=started,47886,-12.08,TRUE,-40,,,NA,lin-sv-high-freq-fault,40,TRUE,TRUE,,-13.23,TRUE,5,-850,TRUE,DPD_STATUS_OK,,-11.08,FALSE,TRUE,40,295,27894,,CtrlLinStateStartLate=started,9,40.8477,NORMAL,-11.65,TRUE,FALSE,,820,PA abnormal
3514,Radio 4471HP B1,CN3A212023,9/20/2025 18:02,PA abnormal,pa_issues,,supervision,463,BF,TRUE,TRUE,on,186,45.98,47.6,283,CtrlGainStateTuned=started,47886,-18.17,TRUE,-60,,,NA,lin-sv-high-freq-fault,40,TRUE,TRUE,,-18.21,TRUE,5,-850,TRUE,DPD_STATUS_OK,,-22.46,FALSE,TRUE,40,179,27953,,CtrlLinStateStartLate=started,9,35.6689,NORMAL,-19.61,TRUE,FALSE,,850,PA abnormal
3515,Radio 4471HP B1,CN3A212023,9/20/2025 18:02,PA abnormal,pa_issues,,supervision,473,BF,TRUE,TRUE,on,195,45.98,47.7,296,CtrlGainStateTuned=started,47921,-17.71,TRUE,-80,,,NA,lin-sv-high-freq-fault,40,TRUE,TRUE,,-17.74,TRUE,5,-850,TRUE,DPD_STATUS_OK,,-20.81,FALSE,TRUE,40,165,27914,,CtrlLinStateStartLate=started,9,35.9415,NORMAL,-18.39,TRUE,FALSE,,871,PA abnormal
3516,Radio 4471HP B1,CN3A212023,9/20/2025 18:02,PA abnormal,pa_issues,,supervision,466,BF,TRUE,TRUE,on,183,45.98,47.7,293,CtrlGainStateTuned=started,48042,-20.48,TRUE,-100,,,NA,lin-sv-high-freq-fault,40,TRUE,TRUE,,-20.31,TRUE,5,-850,TRUE,DPD_STATUS_OK,,-24.54,FALSE,TRUE,40,153,27894,,CtrlLinStateStartLate=started,9,33.1733,NORMAL,-20.48,TRUE,FALSE,,871,PA abnormal
3517,Radio 4471HP B1,CN3A212023,9/20/2025 18:02,PA abnormal,pa_issues,,supervision,478,BF,TRUE,TRUE,on,242,45.98,47.8,310,CtrlGainStateTuned=started,47957,-19.22,TRUE,-120,,,NA,lin-sv-high-freq-fault,40,TRUE,TRUE,,-19.35,TRUE,5,-850,TRUE,DPD_STATUS_OK,,-20.86,FALSE,TRUE,40,206,27921,,CtrlLinStateStartLate=started,9,33.9269,NORMAL,-19.04,TRUE,FALSE,,904,PA abnormal
3518,Radio 4471HP B1,CN3A212023,9/20/2025 18:04,PA abnormal,pa_issues,,supervision,465,BF,TRUE,TRUE,on,293,45.98,46.5,284,CtrlGainStateTuned=started,47921,-19.28,TRUE,0,,,NA,lin-sv-high-freq-fault,40,TRUE,TRUE,,-19.3,TRUE,5,-850,TRUE,DPD_STATUS_OK,,-21.84,FALSE,TRUE,40,191,27941,,CtrlLinStateStartLate=started,9,35.1821,NORMAL,-19.97,TRUE,FALSE,,772,PA abnormal
3519,Radio 4471HP B1,CN3A212023,9/20/2025 18:04,PA abnormal,pa_issues,,supervision,611,BF,TRUE,TRUE,on,324,45.98,46.5,330,CtrlGainStateTuned=started,48058,-17.46,TRUE,-20,,,NA,lin-sv-high-freq-fault,40,TRUE,TRUE,,-17.6,TRUE,5,-850,TRUE,DPD_STATUS_OK,,-19.89,FALSE,TRUE,40,246,27914,,CtrlLinStateStartLate=started,9,36.6796,NORMAL,-17.43,TRUE,FALSE,,763,PA abnormal
3520,Radio 4471HP B1,CN3A212023,9/20/2025 18:05,PA abnormal,pa_issues,,supervision,468,BF,TRUE,TRUE,on,185,45.98,46.8,290,CtrlGainStateTuned=started,47972,-17.04,TRUE,-40,,,NA,lin-sv-high-freq-fault,40,TRUE,TRUE,,-17.15,TRUE,5,-850,TRUE,DPD_STATUS_OK,,-19.28,FALSE,TRUE,40,155,27863,,CtrlLinStateStartLate=started,9,36.9271,NORMAL,-17.01,TRUE,FALSE,,820,PA abnormal
3521,Radio 4471HP B1,CN3A212023,9/20/2025 18:05,PA abnormal,pa_issues,,supervision,585,BF,TRUE,TRUE,on,191,45.98,47.1,360,CtrlGainStateTuned=started,48007,-16.32,TRUE,-60,,,NA,lin-sv-high-freq-fault,40,TRUE,TRUE,,-16.58,TRUE,5,-850,TRUE,DPD_STATUS_OK,,-17.99,FALSE,TRUE,40,161,27941,,CtrlLinStateStartLate=started,9,37.2963,NORMAL,-16.33,TRUE,FALSE,,829,PA abnormal
3522,Radio 4471HP B1,CN3A212023,9/20/2025 18:05,PA abnormal,pa_issues,,supervision,465,BF,TRUE,TRUE,on,186,45.98,47.4,325,CtrlGainStateTuned=started,48027,-16.88,TRUE,-80,,,NA,lin-sv-high-freq-fault,40,TRUE,TRUE,,-16.92,TRUE,5,-850,TRUE,DPD_STATUS_OK,,-20.54,FALSE,TRUE,40,154,27953,,CtrlLinStateStartLate=started,9,36.7573,NORMAL,-17.01,TRUE,FALSE,,841,PA abnormal
3523,Radio 4471HP B1,CN3A212023,9/20/2025 18:06,PA abnormal,pa_issues,,supervision,603,BF,TRUE,TRUE,on,187,45.98,47.4,376,CtrlGainStateTuned=started,47957,-20.3,TRUE,-100,,,NA,lin-sv-high-freq-fault,40,TRUE,TRUE,,-20.35,TRUE,5,-850,TRUE,DPD_STATUS_OK,,-24.25,FALSE,TRUE,40,189,27902,,CtrlLinStateStartLate=started,9,33.128,NORMAL,-20.12,TRUE,FALSE,,862,PA abnormal
3524,Radio 4471HP B1,CN3A212023,9/20/2025 18:06,PA abnormal,pa_issues,,supervision,696,BF,TRUE,TRUE,on,188,45.98,47.5,294,CtrlGainStateTuned=started,47957,-14.13,TRUE,-120,,,NA,lin-sv-high-freq-fault,40,TRUE,TRUE,,-14.44,TRUE,5,-850,TRUE,DPD_STATUS_OK,,-16.13,FALSE,TRUE,40,264,27882,,CtrlLinStateStartLate=started,9,38.8402,NORMAL,-14.28,TRUE,FALSE,,862,PA abnormal
3525,Radio 4471HP B1,CN3A212023,9/20/2025 18:06,PA abnormal,pa_issues,,supervision,532,BF,TRUE,TRUE,on,185,45.98,47.7,456,CtrlGainStateTuned=started,47851,-12.3,TRUE,-140,,,EXT_DPD_IDLE,lin-sv-high-freq-fault,40,TRUE,TRUE,,-15.24,TRUE,5,-850,TRUE,DPD_STATUS_OK,,-10.46,FALSE,TRUE,40,158,27882,,CtrlLinStateStartLate=started,9,37.8387,NORMAL,-11.85,TRUE,FALSE,,874,PA abnormal
3526,Radio 4471HP B1,CN3A212023,9/20/2025 18:07,PA abnormal,pa_issues,,supervision,469,BF,TRUE,TRUE,on,195,45.98,47.9,286,CtrlGainStateTuned=started,48042,-18.33,TRUE,-160,,,NA,lin-sv-high-freq-fault,40,TRUE,TRUE,,-18.38,TRUE,5,-850,TRUE,DPD_STATUS_OK,,-23.04,FALSE,TRUE,40,217,27921,,CtrlLinStateStartLate=started,9,34.5047,NORMAL,-18.94,TRUE,FALSE,,904,PA abnormal
3527,Radio 4471HP B1,CN3A212023,9/20/2025 18:07,PA abnormal,pa_issues,,supervision,661,BF,TRUE,TRUE,on,229,45.98,47.9,282,CtrlGainStateTuned=started,47851,-20.49,TRUE,-180,,,NA,lin-sv-high-freq-fault,40,TRUE,TRUE,,-20.3,TRUE,5,-850,TRUE,DPD_STATUS_OK,,-24.69,FALSE,TRUE,40,222,27894,,CtrlLinStateStartLate=started,9,32.3812,NORMAL,-20.85,TRUE,FALSE,,931,PA abnormal
3528,Radio 4471HP B1,CN3A212023,9/20/2025 18:07,PA abnormal,pa_issues,,supervision,464,BF,TRUE,TRUE,on,197,45.98,48,283,CtrlGainStateTuned=started,48093,-15.06,TRUE,-200,,,NA,lin-sv-high-freq-fault,40,TRUE,TRUE,,-15.14,TRUE,5,-850,TRUE,DPD_STATUS_OK,,-17.93,FALSE,TRUE,40,166,27953,,CtrlLinStateStartLate=started,9,37.3377,NORMAL,-15.06,TRUE,FALSE,,958,PA abnormal
3529,Radio 4471HP B1,CN3A212023,9/20/2025 18:08,PA abnormal,pa_issues,,supervision,538,BF,TRUE,TRUE,on,276,45.98,48.3,425,CtrlGainStateTuned=started,48042,-17.56,TRUE,-220,,,NA,lin-sv-high-freq-fault,40,TRUE,TRUE,,-17.58,TRUE,5,-850,TRUE,DPD_STATUS_OK,,-21.05,FALSE,TRUE,40,182,27894,,CtrlLinStateStartLate=started,9,34.6986,NORMAL,-17.95,TRUE,FALSE,,964,PA abnormal
3530,Radio 4471HP B1,CN3A212023,9/20/2025 18:08,PA abnormal,pa_issues,,supervision,546,BF,TRUE,TRUE,on,261,45.98,48.3,291,CtrlGainStateTuned=started,47972,-15.12,TRUE,-240,,,NA,lin-sv-high-freq-fault,40,TRUE,TRUE,,-15.27,TRUE,5,-850,TRUE,DPD_STATUS_OK,,-18.56,FALSE,TRUE,40,199,27914,,CtrlLinStateStartLate=started,9,36.8068,NORMAL,-15.13,TRUE,FALSE,,997,PA abnormal
3531,Radio 4471HP B3,CN39854078,10/20/2025 14:45,PA abnormal,pa_issues,,ramping timeout.,329,BF,TRUE,TRUE,off,210,47.19,54.3,576,CtrlGainStateRamping=starting,47710,-1000,TRUE,0,,,NA,lin-ramping,40,TRUE,TRUE,,-59.0436,TRUE,1,-850,TRUE,DPD_STATUS_OK,,-1000,FALSE,TRUE,60,100,27933,,ns=stopped,2,0,NORMAL,-1000,TRUE,FALSE,,2004,PA abnormal
3532,Radio 4471HP B3,CN39854078,10/20/2025 14:46,PA abnormal,pa_issues,,ramping timeout.,498,BF,TRUE,TRUE,off,128,47.19,54.3,457,CtrlGainStateRamping=starting,47679,-1000,TRUE,-120,,,NA,lin-ramping,40,TRUE,TRUE,,-58.6521,TRUE,0,-850,TRUE,DPD_STATUS_OK,,-1000,FALSE,TRUE,60,144,27953,,ns=stopped,2,0,NORMAL,-1000,TRUE,FALSE,,2004,PA abnormal
3533,Radio 4471HP B3,CN39854078,10/20/2025 14:47,PA abnormal,pa_issues,,ramping timeout.,467,BF,TRUE,TRUE,off,187,44.18,52.8,231,CtrlGainStateRamping=starting,46234,-1000,FALSE,0,,,NA,lin-ramping,40,TRUE,TRUE,,-60.9363,TRUE,0,-850,TRUE,DPD_STATUS_OK,,-1000,FALSE,TRUE,20,98,27941,,ns=stopped,2,0,NORMAL,-1000,TRUE,FALSE,,2004,PA abnormal
3534,Radio 4471HP B3,CN39854078,10/20/2025 14:47,PA abnormal,pa_issues,,ramping timeout.,326,BF,TRUE,TRUE,off,127,44.18,52.8,163,CtrlGainStateRamping=starting,47710,-29.1758,FALSE,-120,,,NA,lin-ramping,40,TRUE,TRUE,,-35.8391,TRUE,0,-850,TRUE,DPD_STATUS_OK,,-30.6307,FALSE,TRUE,20,100,27863,,ns=stopped,2,15.6409,NORMAL,-26.2432,TRUE,FALSE,,2004,PA abnormal
3535,Radio 4471HP B3,CN39854078,10/20/2025 14:52,PA abnormal,pa_issues,,ramping timeout.,341,BF,TRUE,TRUE,off,247,47.19,52.8,191,CtrlGainStateRamping=starting,47851,-1000,FALSE,-240,,,NA,lin-ramping,40,TRUE,TRUE,,-58.455,TRUE,0,-850,TRUE,DPD_STATUS_OK,,-1000,FALSE,TRUE,60,96,27875,,ns=stopped,2,0,NORMAL,-1000,TRUE,FALSE,,2004,PA abnormal
467,Radio 2271 B0C,CN3A184292,10/3/2025 3:26,PA abnormal,pa_issues,,ramping timeout.,113,BF,TRUE,TRUE,off,5,44.38,39.8,134,CtrlGainStateRamping=starting,43207,-1000,FALSE,0,,,NA,lin-ramping,40,TRUE,TRUE,,-63.96,TRUE,0,-950,TRUE,DPD_STATUS_OK,,-1000,FALSE,TRUE,20,3,43277,,ns=stopped,65,0,NORMAL,-1000,TRUE,FALSE,,2106,PA abnormal
2552,Radio 2271 B28,EA8C026193,8/13/2024 4:04,PA abnormal,pa_issues,,ramping timeout.,202,BF,TRUE,FALSE,off,78,49,54.6,358,CtrlGainStateRamping=starting,47851,-19.4573,FALSE,-120,,,NA,lin-ramping,40,FALSE,TRUE,,-59.3923,TRUE,0,-850,TRUE,DPD_STATUS_OK,,-20.5689,FALSE,TRUE,80,51,48148,,ns=stopped,4,-3.09233,NORMAL,-16.5592,TRUE,TRUE,FALSE,1905,PA abnormal
468,Radio 2271 B0C,CN3A184292,10/3/2025 3:26,PA abnormal,pa_issues,,ramping timeout.,120,BF,TRUE,TRUE,off,5,47.39,39.8,139,CtrlGainStateRamping=starting,46128,-27.36,FALSE,-120,,,NA,lin-ramping,40,TRUE,TRUE,,-61.9,TRUE,0,-950,TRUE,DPD_STATUS_OK,,-28.41,FALSE,TRUE,40,0,46199,,ns=stopped,65,-6.2148,NORMAL,-24.37,TRUE,FALSE,,2106,PA abnormal
2553,Radio 2271 B28,EA8C026193,8/13/2024 4:05,PA abnormal,pa_issues,,ramping timeout.,134,BF,TRUE,FALSE,off,79,43,54.1,287,CtrlGainStateRamping=starting,41988,-1000,FALSE,0,,,NA,lin-ramping,40,FALSE,TRUE,,-60.7246,TRUE,0,-850,TRUE,DPD_STATUS_OK,,-1000,FALSE,TRUE,20,51,42128,,ns=stopped,4,0,NORMAL,-1000,TRUE,TRUE,FALSE,1905,PA abnormal
332,Radio 2271 B0C,CN3A146184,11/14/2025 2:00,PA abnormal,pa_issues,,ramping timeout.,1091,BF,TRUE,TRUE,off,79,49.03,48.9,1167,CtrlGainStateRamping=starting,47921,-20,TRUE,0,,,NA,lin-ramping,40,TRUE,TRUE,,-61.74,TRUE,0,-950,TRUE,DPD_STATUS_OK,,-21.88,FALSE,TRUE,80,45,48093,,ns=stopped,2,-3.20567,NORMAL,-17.96,TRUE,FALSE,,2106,PA abnormal
333,Radio 2271 B0C,CN3A146184,11/14/2025 2:00,PA abnormal,pa_issues,,ramping timeout.,196,BF,TRUE,TRUE,off,79,49.03,48.9,367,CtrlGainStateRamping=paused,47886,-20.65,TRUE,-120,,,NA,lin-ramping,40,TRUE,TRUE,,-60.74,TRUE,0,-950,TRUE,DPD_STATUS_OK,,-1000,FALSE,TRUE,80,48,48128,,ns=stopped,2,0,NORMAL,-1000,TRUE,FALSE,,2106,PA abnormal
334,Radio 2271 B0C,CN3A146184,11/14/2025 2:02,PA abnormal,pa_issues,,ramping timeout.,177,BF,TRUE,TRUE,off,87,49.03,48.9,343,CtrlGainStateRamping=starting,47957,-1000,FALSE,0,,,NA,lin-ramping,40,TRUE,TRUE,,-63.04,TRUE,0,-950,TRUE,DPD_STATUS_OK,,-1000,FALSE,TRUE,80,47,48164,,ns=stopped,2,0,NORMAL,-1000,TRUE,FALSE,,2106,PA abnormal
474,Radio 2271 B0C,CN3A184292,10/4/2025 4:56,PA abnormal,pa_issues,,ramping timeout.,125,BF,TRUE,TRUE,off,8,49.03,43.6,144,CtrlGainStateRamping=starting,48007,-1000,FALSE,-240,,,NA,lin-ramping,40,TRUE,TRUE,,-61.62,TRUE,0,-950,TRUE,DPD_STATUS_OK,,-1000,FALSE,TRUE,80,4,48093,,ns=stopped,65,0,NORMAL,-1000,TRUE,FALSE,,2106,PA abnormal
335,Radio 2271 B0C,CN3A146184,11/14/2025 2:07,PA abnormal,pa_issues,,ramping timeout.,110,BF,TRUE,TRUE,off,84,49.03,48.2,274,CtrlGainStateRamping=paused,47902,-1000,FALSE,-120,,,NA,lin-ramping,40,TRUE,TRUE,,-62.02,TRUE,0,-950,TRUE,DPD_STATUS_OK,,-1000,FALSE,TRUE,80,53,48093,,ns=stopped,2,0,NORMAL,-1000,TRUE,FALSE,,2106,PA abnormal
336,Radio 2271 B0C,CN3A146184,11/14/2025 2:12,PA abnormal,pa_issues,,ramping timeout.,63,BF,TRUE,TRUE,off,86,49.03,48.2,225,CtrlGainStateRamping=paused,47886,-1000,FALSE,-240,,,NA,lin-ramping,40,TRUE,TRUE,,-61.06,TRUE,0,-950,TRUE,DPD_STATUS_OK,,-1000,FALSE,TRUE,80,51,48093,,ns=stopped,2,0,NORMAL,-1000,TRUE,FALSE,,2106,PA abnormal
475,Radio 2271 B0C,CN3A184292,10/5/2025 3:53,PA abnormal,pa_issues,,ramping timeout.,117,BF,TRUE,TRUE,off,3,44.38,40.5,130,CtrlGainStateRamping=starting,43171,-1000,FALSE,0,,,NA,lin-ramping,40,TRUE,TRUE,,-63.91,TRUE,0,-950,TRUE,DPD_STATUS_OK,,-1000,FALSE,TRUE,20,3,43257,,ns=stopped,65,0,NORMAL,-1000,TRUE,FALSE,,2106,PA abnormal
476,Radio 2271 B0C,CN3A184292,10/5/2025 3:53,PA abnormal,pa_issues,,ramping timeout.,122,BF,TRUE,TRUE,off,0,49.03,39.8,136,CtrlGainStateRamping=starting,47992,-25.86,FALSE,-120,,,NA,lin-ramping,40,TRUE,TRUE,,-62.47,TRUE,0,-950,TRUE,DPD_STATUS_OK,,-30.36,FALSE,TRUE,80,6,48058,,ns=stopped,65,-5.13639,NORMAL,-26.44,TRUE,FALSE,,2106,PA abnormal
477,Radio 2271 B0C,CN3A184292,10/5/2025 3:55,PA abnormal,pa_issues,,ramping timeout.,115,BF,TRUE,TRUE,off,1,44.38,38.2,134,CtrlGainStateRamping=starting,43085,-1000,FALSE,0,,,NA,lin-ramping,40,TRUE,TRUE,,-63.98,TRUE,0,-950,TRUE,DPD_STATUS_OK,,-1000,FALSE,TRUE,20,3,43191,,ns=stopped,65,0,NORMAL,-1000,TRUE,FALSE,,2106,PA abnormal
2554,Radio 2271 B28,EA8C026193,8/13/2024 4:06,PA abnormal,pa_issues,,ramping timeout.,202,BF,TRUE,FALSE,off,78,49,54.7,358,CtrlGainStateRamping=starting,47851,-22.2907,FALSE,-120,,,NA,lin-ramping,40,FALSE,TRUE,,-58.968,TRUE,0,-850,TRUE,DPD_STATUS_OK,,-1000,FALSE,TRUE,80,51,48093,,ns=stopped,4,0,NORMAL,-1000,TRUE,TRUE,FALSE,1905,PA abnormal
354,Radio 2271 B0C,CN3A184292,9/4/2025 20:10,PA abnormal,pa_issues,,ramping timeout.,122,BF,TRUE,TRUE,off,2,47.39,34.4,136,CtrlGainStateRamping=paused,45992,-26.6,FALSE,-240,,,NA,lin-ramping,40,TRUE,TRUE,,-60.99,TRUE,0,-950,TRUE,DPD_STATUS_OK,,-27.64,FALSE,TRUE,40,1,46250,,ns=stopped,65,-6.50188,NORMAL,-23.62,TRUE,FALSE,,2106,PA abnormal
478,Radio 2271 B0C,CN3A184292,10/5/2025 3:55,PA abnormal,pa_issues,,ramping timeout.,122,BF,TRUE,TRUE,off,4,47.39,39,134,CtrlGainStateRamping=starting,46148,-29.75,FALSE,-120,,,NA,lin-ramping,40,TRUE,TRUE,,-61.85,TRUE,0,-950,TRUE,DPD_STATUS_OK,,-1000,FALSE,TRUE,40,2,46250,,ns=stopped,65,0,NORMAL,-1000,TRUE,FALSE,,2106,PA abnormal
355,Radio 2271 B0C,CN3A184292,9/6/2025 0:36,PA abnormal,pa_issues,,ramping timeout.,113,BF,TRUE,TRUE,off,0,44.38,39,134,CtrlGainStateRamping=paused,43207,-1000,FALSE,0,,,NA,lin-ramping,40,TRUE,TRUE,,-63.85,TRUE,0,-950,TRUE,DPD_STATUS_OK,,-1000,FALSE,TRUE,20,2,43191,,ns=stopped,65,0,NORMAL,-1000,TRUE,FALSE,,2106,PA abnormal
356,Radio 2271 B0C,CN3A184292,9/6/2025 0:36,PA abnormal,pa_issues,,ramping timeout.,117,BF,TRUE,TRUE,off,3,47.39,39,136,CtrlGainStateRamping=paused,45992,-28.79,FALSE,-120,,,NA,lin-ramping,40,TRUE,TRUE,,-61.54,TRUE,0,-950,TRUE,DPD_STATUS_OK,,-29.91,FALSE,TRUE,40,3,46269,,ns=stopped,65,-5.85249,NORMAL,-25.84,TRUE,FALSE,,2106,PA abnormal
357,Radio 2271 B0C,CN3A184292,9/6/2025 0:38,PA abnormal,pa_issues,,ramping timeout.,122,BF,TRUE,TRUE,off,6,44.38,37.5,134,CtrlGainStateRamping=starting,43101,-1000,FALSE,0,,,NA,lin-ramping,40,TRUE,TRUE,,-63.68,TRUE,0,-950,TRUE,DPD_STATUS_OK,,-1000,FALSE,TRUE,20,4,43242,,ns=stopped,65,0,NORMAL,-1000,TRUE,FALSE,,2106,PA abnormal
358,Radio 2271 B0C,CN3A184292,9/6/2025 0:38,PA abnormal,pa_issues,,ramping timeout.,120,BF,TRUE,TRUE,off,1,47.39,38.2,136,CtrlGainStateRamping=starting,46148,-33.37,FALSE,-120,,,NA,lin-ramping,40,TRUE,TRUE,,-61.64,TRUE,0,-950,TRUE,DPD_STATUS_OK,,-1000,FALSE,TRUE,40,4,46183,,ns=stopped,65,0,NORMAL,-1000,TRUE,FALSE,,2106,PA abnormal
359,Radio 2271 B0C,CN3A184292,9/6/2025 0:38,PA abnormal,pa_issues,,ramping timeout.,125,BF,TRUE,TRUE,off,5,47.39,38.2,134,CtrlGainStateRamping=starting,46023,-27.45,FALSE,-240,,,NA,lin-ramping,40,TRUE,TRUE,,-60.73,TRUE,0,-950,TRUE,DPD_STATUS_OK,,-28.53,FALSE,TRUE,40,8,46269,,ns=stopped,65,-6.24412,NORMAL,-24.48,TRUE,FALSE,,2106,PA abnormal
479,Radio 2271 B0C,CN3A184292,10/5/2025 3:55,PA abnormal,pa_issues,,ramping timeout.,122,BF,TRUE,TRUE,off,4,49.03,39,141,CtrlGainStateRamping=starting,47921,-27.03,FALSE,-240,,,NA,lin-ramping,40,TRUE,TRUE,,-61.69,TRUE,0,-950,TRUE,DPD_STATUS_OK,,-28.89,FALSE,TRUE,80,7,48148,,ns=stopped,65,-5.56067,NORMAL,-24.92,TRUE,FALSE,,2106,PA abnormal
2396,Radio 2271 B1,EA8C089682,6/21/2025 16:14,PA abnormal,pa_issues,,ramping timeout.,1,BF,TRUE,FALSE,off,0,47.23,60.8,1,CtrlGainStateRamping=paused,319.5,-1000,TRUE,0,,,EXT_DPD_IDLE | EXT_TDD_TX_OFF,lin-ramping,40,FALSE,TRUE,,-59.2778,TRUE,0,-850,TRUE,DPD_STATUS_OK,,-1000,FALSE,TRUE,40,0,326,,ns=stopped,5,0,NORMAL,-1000,TRUE,FALSE,,1992,PA abnormal
2397,Radio 2271 B1,EA8C089682,6/21/2025 16:14,PA abnormal,pa_issues,,ramping timeout.,0,BF,TRUE,FALSE,off,0,47.23,60.8,0,CtrlGainStateRamping=starting,347,-1000,TRUE,-120,,,EXT_DPD_IDLE | EXT_TDD_TX_OFF,lin-ramping,40,FALSE,TRUE,,-58.4799,TRUE,0,-850,TRUE,DPD_STATUS_OK,,-1000,FALSE,TRUE,40,0,386,,ns=stopped,5,0,NORMAL,-1000,TRUE,FALSE,,1993,PA abnormal
2398,Radio 2271 B1,EA8C089682,6/21/2025 16:16,PA abnormal,pa_issues,,ramping timeout.,0,BF,TRUE,FALSE,off,0,47.23,59.6,0,CtrlGainStateRamping=starting,277,-1000,FALSE,0,,,EXT_DPD_IDLE | EXT_TDD_TX_OFF,lin-ramping,40,FALSE,TRUE,,-60.2315,TRUE,0,-850,TRUE,DPD_STATUS_OK,,-1000,FALSE,TRUE,40,0,265,,ns=stopped,5,0,NORMAL,-1000,TRUE,FALSE,,1993,PA abnormal
363,Radio 2271 B0C,CN3A184292,9/6/2025 21:06,PA abnormal,pa_issues,,ramping timeout.,122,BF,TRUE,TRUE,off,1,47.39,41.3,139,CtrlGainStateRamping=starting,46007,-23.61,FALSE,-120,,,NA,lin-ramping,40,TRUE,TRUE,,-61.67,TRUE,0,-950,TRUE,DPD_STATUS_OK,,-27.29,FALSE,TRUE,40,3,46250,,ns=stopped,65,-5.98428,NORMAL,-23.28,TRUE,FALSE,,2106,PA abnormal
2399,Radio 2271 B1,EA8C089682,6/30/2025 7:13,PA abnormal,pa_issues,,ramping timeout.,32,BF,TRUE,FALSE,off,152,47.23,46.4,43,CtrlGainStateRamping=paused,47937,-1000,FALSE,0,,,NA,lin-ramping,40,FALSE,TRUE,,-60.7485,TRUE,0,-850,TRUE,DPD_STATUS_OK,,-1000,FALSE,TRUE,40,102,29796,,ns=stopped,5,0,NORMAL,-1000,TRUE,FALSE,,1992,PA abnormal
364,Radio 2271 B0C,CN3A184292,9/6/2025 21:06,PA abnormal,pa_issues,,ramping timeout.,122,BF,TRUE,TRUE,off,4,47.39,42.1,134,CtrlGainStateRamping=starting,46023,-1000,FALSE,-240,,,NA,lin-ramping,40,TRUE,TRUE,,-61.31,TRUE,0,-950,TRUE,DPD_STATUS_OK,,-1000,FALSE,TRUE,40,2,46183,,ns=stopped,65,0,NORMAL,-1000,TRUE,FALSE,,2106,PA abnormal
2400,Radio 2271 B1,EA8C089682,6/30/2025 7:18,PA abnormal,pa_issues,,ramping timeout.,32,BF,TRUE,FALSE,off,152,47.23,47.2,46,CtrlGainStateRamping=starting,47972,-1000,FALSE,-120,,,NA,lin-ramping,40,FALSE,TRUE,,-59.2428,TRUE,0,-850,TRUE,DPD_STATUS_OK,,-1000,FALSE,TRUE,40,102,29769,,ns=stopped,5,0,NORMAL,-1000,TRUE,FALSE,,1992,PA abnormal
365,Radio 2271 B0C,CN3A184292,9/8/2025 1:54,PA abnormal,pa_issues,,ramping timeout.,117,BF,TRUE,TRUE,off,4,44.38,38.2,134,CtrlGainStateRamping=paused,43207,-1000,FALSE,0,,,NA,lin-ramping,40,TRUE,TRUE,,-63.82,TRUE,0,-950,TRUE,DPD_STATUS_OK,,-1000,FALSE,TRUE,20,6,43171,,ns=stopped,65,0,NORMAL,-1000,TRUE,FALSE,,2106,PA abnormal
480,Radio 2271 B0C,CN3A184292,10/6/2025 1:55,PA abnormal,pa_issues,,ramping timeout.,111,BF,TRUE,TRUE,off,4,44.38,45.1,132,CtrlGainStateRamping=paused,43121,-1000,FALSE,0,,,NA,lin-ramping,40,TRUE,TRUE,,-64.03,TRUE,0,-950,TRUE,DPD_STATUS_OK,,-1000,FALSE,TRUE,20,0,43226,,ns=stopped,65,0,NORMAL,-1000,TRUE,FALSE,,2106,PA abnormal
366,Radio 2271 B0C,CN3A184292,9/8/2025 1:54,PA abnormal,pa_issues,,ramping timeout.,115,BF,TRUE,TRUE,off,2,47.39,39,132,CtrlGainStateRamping=starting,46164,-25.42,FALSE,-120,,,NA,lin-ramping,40,TRUE,TRUE,,-61.57,TRUE,0,-950,TRUE,DPD_STATUS_OK,,-29.86,FALSE,TRUE,40,1,46234,,ns=stopped,65,-5.88434,NORMAL,-25.93,TRUE,FALSE,,2106,PA abnormal
2401,Radio 2271 B1,EA8C089682,6/30/2025 7:19,PA abnormal,pa_issues,,ramping timeout.,33,BF,TRUE,FALSE,off,152,47.23,47,42,CtrlGainStateRamping=starting,47957,-1000,FALSE,0,,,NA,lin-ramping,40,FALSE,TRUE,,-60.7593,TRUE,0,-850,TRUE,DPD_STATUS_OK,,-1000,FALSE,TRUE,40,102,29789,,ns=stopped,5,0,NORMAL,-1000,TRUE,FALSE,,1992,PA abnormal
2402,Radio 2271 B1,EA8C089682,6/30/2025 7:33,PA abnormal,pa_issues,,ramping timeout.,33,BF,TRUE,FALSE,off,152,47.23,48.9,46,CtrlGainStateRamping=paused,47972,-1000,FALSE,-120,,,NA,lin-ramping,40,FALSE,TRUE,,-59.3774,TRUE,0,-850,TRUE,DPD_STATUS_OK,,-1000,FALSE,TRUE,40,102,29847,,ns=stopped,5,0,NORMAL,-1000,TRUE,FALSE,,1992,PA abnormal
367,Radio 2271 B0C,CN3A184292,9/8/2025 1:55,PA abnormal,pa_issues,,ramping timeout.,122,BF,TRUE,TRUE,off,5,44.38,38.2,139,CtrlGainStateRamping=starting,43191,-1000,FALSE,0,,,NA,lin-ramping,40,TRUE,TRUE,,-63.79,TRUE,0,-950,TRUE,DPD_STATUS_OK,,-1000,FALSE,TRUE,20,0,43207,,ns=stopped,65,0,NORMAL,-1000,TRUE,FALSE,,2106,PA abnormal
2403,Radio 2271 B1,EA8C089682,6/30/2025 7:34,PA abnormal,pa_issues,,ramping timeout.,33,BF,TRUE,FALSE,off,152,47.23,48.1,43,CtrlGainStateRamping=starting,47937,-1000,FALSE,0,,,NA,lin-ramping,40,FALSE,TRUE,,-60.4559,TRUE,0,-850,TRUE,DPD_STATUS_OK,,-1000,FALSE,TRUE,40,102,29835,,ns=stopped,5,0,NORMAL,-1000,TRUE,FALSE,,1992,PA abnormal
368,Radio 2271 B0C,CN3A184292,9/8/2025 1:56,PA abnormal,pa_issues,,ramping timeout.,120,BF,TRUE,TRUE,off,1,47.39,38.2,136,CtrlGainStateRamping=starting,45972,-29.74,FALSE,-120,,,NA,lin-ramping,40,TRUE,TRUE,,-61.55,TRUE,0,-950,TRUE,DPD_STATUS_OK,,-1000,FALSE,TRUE,40,4,46214,,ns=stopped,65,0,NORMAL,-1000,TRUE,FALSE,,2106,PA abnormal
2404,Radio 2271 B1,EA8C089682,6/30/2025 7:40,PA abnormal,pa_issues,,ramping timeout.,32,BF,TRUE,FALSE,off,152,47.23,49.6,46,CtrlGainStateRamping=starting,47972,-1000,FALSE,-120,,,NA,lin-ramping,40,FALSE,TRUE,,-59.3234,TRUE,0,-850,TRUE,DPD_STATUS_OK,,-1000,FALSE,TRUE,40,102,29796,,ns=stopped,5,0,NORMAL,-1000,TRUE,FALSE,,1992,PA abnormal
369,Radio 2271 B0C,CN3A184292,9/8/2025 1:56,PA abnormal,pa_issues,,ramping timeout.,122,BF,TRUE,TRUE,off,2,47.39,39,136,CtrlGainStateRamping=starting,46148,-27.99,FALSE,-240,,,NA,lin-ramping,40,TRUE,TRUE,,-60.55,TRUE,0,-950,TRUE,DPD_STATUS_OK,,-1000,FALSE,TRUE,40,2,46234,,ns=stopped,65,0,NORMAL,-1000,TRUE,FALSE,,2106,PA abnormal
2405,Radio 2271 B1,EA8C089682,6/30/2025 7:53,PA abnormal,pa_issues,,ramping timeout.,33,BF,TRUE,FALSE,off,152,47.23,49.1,46,CtrlGainStateRamping=starting,48007,-1000,FALSE,0,,,NA,lin-ramping,40,FALSE,TRUE,,-60.2561,TRUE,0,-850,TRUE,DPD_STATUS_OK,,-1000,FALSE,TRUE,40,102,29828,,ns=stopped,5,0,NORMAL,-1000,TRUE,FALSE,,1992,PA abnormal
370,Radio 2271 B0C,CN3A184292,9/10/2025 17:55,PA abnormal,pa_issues,,ramping timeout.,113,BF,TRUE,TRUE,off,0,44.38,34.4,132,CtrlGainStateRamping=starting,43191,-1000,FALSE,0,,,NA,lin-ramping,40,TRUE,TRUE,,-63.95,TRUE,0,-950,TRUE,DPD_STATUS_OK,,-1000,FALSE,TRUE,20,2,43257,,ns=stopped,65,0,NORMAL,-1000,TRUE,FALSE,,2106,PA abnormal
481,Radio 2271 B0C,CN3A184292,10/6/2025 1:55,PA abnormal,pa_issues,,ramping timeout.,120,BF,TRUE,TRUE,off,1,49.03,45.1,134,CtrlGainStateRamping=paused,48042,-1000,FALSE,-120,,,NA,lin-ramping,40,TRUE,TRUE,,-62.42,TRUE,0,-950,TRUE,DPD_STATUS_OK,,-1000,FALSE,TRUE,80,5,48148,,ns=stopped,65,0,NORMAL,-1000,TRUE,FALSE,,2106,PA abnormal
371,Radio 2271 B0C,CN3A184292,9/10/2025 17:55,PA abnormal,pa_issues,,ramping timeout.,125,BF,TRUE,TRUE,off,5,47.39,34.4,134,CtrlGainStateRamping=starting,46113,-25.44,FALSE,-120,,,NA,lin-ramping,40,TRUE,TRUE,,-61.56,TRUE,0,-950,TRUE,DPD_STATUS_OK,,-31.42,FALSE,TRUE,40,3,46269,,ns=stopped,65,-5.86549,NORMAL,-27.48,TRUE,FALSE,,2106,PA abnormal
372,Radio 2271 B0C,CN3A184292,9/10/2025 17:57,PA abnormal,pa_issues,,ramping timeout.,127,BF,TRUE,TRUE,off,2,44.38,33.7,132,CtrlGainStateRamping=starting,43050,-1000,FALSE,0,,,NA,lin-ramping,40,TRUE,TRUE,,-63.84,TRUE,0,-950,TRUE,DPD_STATUS_OK,,-1000,FALSE,TRUE,20,1,43257,,ns=stopped,65,0,NORMAL,-1000,TRUE,FALSE,,2106,PA abnormal
373,Radio 2271 B0C,CN3A184292,9/10/2025 17:57,PA abnormal,pa_issues,,ramping timeout.,120,BF,TRUE,TRUE,off,1,47.39,33.7,141,CtrlGainStateRamping=paused,46164,-28.69,FALSE,-120,,,NA,lin-ramping,40,TRUE,TRUE,,-61.76,TRUE,0,-950,TRUE,DPD_STATUS_OK,,-29.78,FALSE,TRUE,40,6,46269,,ns=stopped,65,-6.06684,NORMAL,-25.71,TRUE,FALSE,,2106,PA abnormal
374,Radio 2271 B0C,CN3A184292,9/10/2025 17:57,PA abnormal,pa_issues,,ramping timeout.,122,BF,TRUE,TRUE,off,9,47.39,33.7,132,CtrlGainStateRamping=starting,46113,-27.45,FALSE,-240,,,NA,lin-ramping,40,TRUE,TRUE,,-61.05,TRUE,0,-950,TRUE,DPD_STATUS_OK,,-28.51,FALSE,TRUE,40,1,46285,,ns=stopped,65,-6.56459,NORMAL,-24.46,TRUE,FALSE,,2106,PA abnormal
375,Radio 2271 B0C,CN3A184292,9/11/2025 18:38,PA abnormal,pa_issues,,ramping timeout.,106,BF,TRUE,TRUE,off,5,44.38,35.9,125,CtrlGainStateRamping=paused,43171,-1000,FALSE,0,,,NA,lin-ramping,40,TRUE,TRUE,,-63.93,TRUE,0,-950,TRUE,DPD_STATUS_OK,,-1000,FALSE,TRUE,20,5,43226,,ns=stopped,65,0,NORMAL,-1000,TRUE,FALSE,,2106,PA abnormal
482,Radio 2271 B0C,CN3A184292,10/6/2025 1:57,PA abnormal,pa_issues,,ramping timeout.,117,BF,TRUE,TRUE,off,3,44.38,42.8,144,CtrlGainStateRamping=starting,43035,-1000,FALSE,0,,,NA,lin-ramping,40,TRUE,TRUE,,-63.98,TRUE,0,-950,TRUE,DPD_STATUS_OK,,-1000,FALSE,TRUE,20,6,43257,,ns=stopped,65,0,NORMAL,-1000,TRUE,FALSE,,2106,PA abnormal
376,Radio 2271 B0C,CN3A184292,9/11/2025 18:38,PA abnormal,pa_issues,,ramping timeout.,117,BF,TRUE,TRUE,off,1,47.39,35.9,134,CtrlGainStateRamping=starting,46023,-29.28,FALSE,-120,,,NA,lin-ramping,40,TRUE,TRUE,,-61.63,TRUE,0,-950,TRUE,DPD_STATUS_OK,,-30.36,FALSE,TRUE,40,1,46269,,ns=stopped,65,-5.94138,NORMAL,-26.3,TRUE,FALSE,,2106,PA abnormal
377,Radio 2271 B0C,CN3A184292,9/11/2025 18:39,PA abnormal,pa_issues,,ramping timeout.,108,BF,TRUE,TRUE,off,0,44.38,34.4,132,CtrlGainStateRamping=starting,43136,-1000,FALSE,0,,,NA,lin-ramping,40,TRUE,TRUE,,-63.82,TRUE,0,-950,TRUE,DPD_STATUS_OK,,-1000,FALSE,TRUE,20,7,43207,,ns=stopped,65,0,NORMAL,-1000,TRUE,FALSE,,2106,PA abnormal
378,Radio 2271 B0C,CN3A184292,9/11/2025 18:40,PA abnormal,pa_issues,,ramping timeout.,122,BF,TRUE,TRUE,off,1,47.39,34.4,134,CtrlGainStateRamping=starting,46007,-27,FALSE,-120,,,NA,lin-ramping,40,TRUE,TRUE,,-61.6,TRUE,0,-950,TRUE,DPD_STATUS_OK,,-1000,FALSE,TRUE,40,0,46234,,ns=stopped,65,0,NORMAL,-1000,TRUE,FALSE,,2106,PA abnormal
2555,Radio 2271 B28,EA8C026193,8/13/2024 4:06,PA abnormal,pa_issues,,ramping timeout.,203,BF,TRUE,FALSE,off,78,49,54.9,361,CtrlGainStateRamping=starting,47886,-23.0402,FALSE,-240,,,NA,lin-ramping,40,FALSE,TRUE,,-58.1918,TRUE,0,-850,TRUE,DPD_STATUS_OK,,-24.4574,FALSE,TRUE,80,51,48093,,ns=stopped,4,-3.09179,NORMAL,-20.3437,TRUE,TRUE,FALSE,1905,PA abnormal
379,Radio 2271 B0C,CN3A184292,9/11/2025 18:40,PA abnormal,pa_issues,,ramping timeout.,122,BF,TRUE,TRUE,off,2,47.39,34.4,132,CtrlGainStateRamping=starting,45957,-34.59,FALSE,-240,,,NA,lin-ramping,40,TRUE,TRUE,,-61.01,TRUE,0,-950,TRUE,DPD_STATUS_OK,,-35.96,FALSE,TRUE,40,3,46234,,ns=stopped,65,-6.51588,NORMAL,-31.72,TRUE,FALSE,,2106,PA abnormal
380,Radio 2271 B0C,CN3A184292,9/13/2025 1:48,PA abnormal,pa_issues,,ramping timeout.,120,BF,TRUE,TRUE,off,4,44.38,42.8,132,CtrlGainStateRamping=starting,43066,-1000,FALSE,0,,,NA,lin-ramping,40,TRUE,TRUE,,-63.76,TRUE,0,-950,TRUE,DPD_STATUS_OK,,-1000,FALSE,TRUE,20,4,43277,,ns=stopped,65,0,NORMAL,-1000,TRUE,FALSE,,2106,PA abnormal
483,Radio 2271 B0C,CN3A184292,10/6/2025 1:57,PA abnormal,pa_issues,,ramping timeout.,122,BF,TRUE,TRUE,off,0,47.39,42.8,139,CtrlGainStateRamping=starting,46128,-26.78,FALSE,-120,,,NA,lin-ramping,40,TRUE,TRUE,,-61.67,TRUE,0,-950,TRUE,DPD_STATUS_OK,,-27.86,FALSE,TRUE,40,2,46164,,ns=stopped,65,-5.9828,NORMAL,-23.79,TRUE,FALSE,,2106,PA abnormal
381,Radio 2271 B0C,CN3A184292,9/13/2025 1:49,PA abnormal,pa_issues,,ramping timeout.,125,BF,TRUE,TRUE,off,0,47.39,43.6,139,CtrlGainStateRamping=paused,46093,-25.44,FALSE,-120,,,NA,lin-ramping,40,TRUE,TRUE,,-61.46,TRUE,0,-950,TRUE,DPD_STATUS_OK,,-28.45,FALSE,TRUE,40,6,46214,,ns=stopped,65,-5.7668,NORMAL,-24.47,TRUE,FALSE,,2106,PA abnormal
2417,Radio 2271 B1,EA8C383109,4/13/2025 3:33,PA abnormal,pa_issues,,ramping timeout.,94,BF,TRUE,FALSE,off,0,49.03,30,1,CtrlGainStateRamping=starting,370.5,-1000,TRUE,0,,,EXT_DPD_IDLE | EXT_TDD_TX_OFF,lin-ramping,40,FALSE,TRUE,,-59.6318,TRUE,0,-850,TRUE,DPD_STATUS_OK,,-1000,FALSE,TRUE,80,0,367,,ns=stopped,2,0,NORMAL,-1000,TRUE,FALSE,,1975,PA abnormal
382,Radio 2271 B0C,CN3A184292,9/13/2025 1:50,PA abnormal,pa_issues,,ramping timeout.,125,BF,TRUE,TRUE,off,1,47.39,42.1,139,CtrlGainStateRamping=starting,46023,-1000,FALSE,0,,,NA,lin-ramping,40,TRUE,TRUE,,-62.48,TRUE,0,-950,TRUE,DPD_STATUS_OK,,-1000,FALSE,TRUE,40,4,46199,,ns=stopped,65,0,NORMAL,-1000,TRUE,FALSE,,2106,PA abnormal
2418,Radio 2271 B1,EA8C383109,4/13/2025 3:33,PA abnormal,pa_issues,,ramping timeout.,1,BF,TRUE,FALSE,off,0,49.03,29.8,2645.5,CtrlGainStateRamping=starting,355,-1000,TRUE,-120,,,EXT_DPD_IDLE | EXT_TDD_TX_OFF,lin-ramping,40,FALSE,TRUE,,-58.8207,TRUE,0,-850,TRUE,DPD_STATUS_OK,,-1000,FALSE,TRUE,80,0,132.5,,ns=stopped,2,0,NORMAL,-1000,TRUE,FALSE,,1976,PA abnormal
383,Radio 2271 B0C,CN3A184292,9/13/2025 1:50,PA abnormal,pa_issues,,ramping timeout.,127,BF,TRUE,TRUE,off,2,47.39,42.8,146,CtrlGainStateRamping=starting,46007,-50.85,FALSE,-120,,,NA,lin-ramping,40,TRUE,TRUE,,-61.72,TRUE,0,-950,TRUE,DPD_STATUS_OK,,-77.88,FALSE,TRUE,40,3,46234,,ns=stopped,65,-6.02611,NORMAL,-53.02,TRUE,FALSE,,2106,PA abnormal
2419,Radio 2271 B1,EA8C383109,4/13/2025 3:33,PA abnormal,pa_issues,,ramping timeout.,1,BF,TRUE,FALSE,off,0,49.03,29.8,2645.5,CtrlGainStateRamping=starting,355,-1000,TRUE,-120,,,EXT_DPD_IDLE | EXT_TDD_TX_OFF,lin-ramping,40,FALSE,TRUE,,-59.1804,TRUE,0,-850,TRUE,DPD_STATUS_OK,,-1000,FALSE,TRUE,80,0,132.5,,ns=stopped,2,0,NORMAL,-1000,TRUE,FALSE,,1975,PA abnormal
384,Radio 2271 B0C,CN3A184292,9/13/2025 1:50,PA abnormal,pa_issues,,ramping timeout.,127,BF,TRUE,TRUE,off,2,47.39,42.8,139,CtrlGainStateRamping=starting,45992,-25.44,FALSE,-240,,,NA,lin-ramping,40,TRUE,TRUE,,-61.19,TRUE,0,-950,TRUE,DPD_STATUS_OK,,-31.6,FALSE,TRUE,40,4,46164,,ns=stopped,65,-6.70343,NORMAL,-27.69,TRUE,FALSE,,2106,PA abnormal
385,Radio 2271 B0C,CN3A184292,9/14/2025 20:35,PA abnormal,pa_issues,,ramping timeout.,115,BF,TRUE,TRUE,off,3,44.38,32.9,132,CtrlGainStateRamping=starting,43101,-1000,FALSE,0,,,NA,lin-ramping,40,TRUE,TRUE,,-63.84,TRUE,0,-950,TRUE,DPD_STATUS_OK,,-1000,FALSE,TRUE,20,4,43257,,ns=stopped,65,0,NORMAL,-1000,TRUE,FALSE,,2106,PA abnormal
484,Radio 2271 B0C,CN3A184292,10/6/2025 1:57,PA abnormal,pa_issues,,ramping timeout.,122,BF,TRUE,TRUE,off,1,49.03,42.8,136,CtrlGainStateRamping=starting,47851,-44.9,FALSE,-240,,,NA,lin-ramping,40,TRUE,TRUE,,-61.5,TRUE,0,-950,TRUE,DPD_STATUS_OK,,-48.91,FALSE,TRUE,80,3,48148,,ns=stopped,65,-5.36658,NORMAL,-42.89,TRUE,FALSE,,2106,PA abnormal
386,Radio 2271 B0C,CN3A184292,9/14/2025 20:35,PA abnormal,pa_issues,,ramping timeout.,120,BF,TRUE,TRUE,off,1,47.39,32.9,136,CtrlGainStateRamping=starting,46164,-29.55,FALSE,-120,,,NA,lin-ramping,40,TRUE,TRUE,,-61.62,TRUE,0,-950,TRUE,DPD_STATUS_OK,,-30.69,FALSE,TRUE,40,2,46285,,ns=stopped,65,-5.93402,NORMAL,-26.58,TRUE,FALSE,,2106,PA abnormal
387,Radio 2271 B0C,CN3A184292,9/14/2025 20:37,PA abnormal,pa_issues,,ramping timeout.,113,BF,TRUE,TRUE,off,3,44.38,32.1,134,CtrlGainStateRamping=starting,43156,-1000,FALSE,0,,,NA,lin-ramping,40,TRUE,TRUE,,-63.96,TRUE,0,-950,TRUE,DPD_STATUS_OK,,-1000,FALSE,TRUE,20,1,43277,,ns=stopped,65,0,NORMAL,-1000,TRUE,FALSE,,2106,PA abnormal
388,Radio 2271 B0C,CN3A184292,9/14/2025 20:37,PA abnormal,pa_issues,,ramping timeout.,115,BF,TRUE,TRUE,off,1,47.39,32.1,132,CtrlGainStateRamping=starting,46007,-1000,FALSE,-120,,,NA,lin-ramping,40,TRUE,TRUE,,-61.6,TRUE,0,-950,TRUE,DPD_STATUS_OK,,-1000,FALSE,TRUE,40,6,46214,,ns=stopped,65,0,NORMAL,-1000,TRUE,FALSE,,2106,PA abnormal
389,Radio 2271 B0C,CN3A184292,9/14/2025 20:37,PA abnormal,pa_issues,,ramping timeout.,122,BF,TRUE,TRUE,off,2,47.39,32.9,136,CtrlGainStateRamping=paused,46023,-1000,FALSE,-240,,,NA,lin-ramping,40,TRUE,TRUE,,-60.86,TRUE,0,-950,TRUE,DPD_STATUS_OK,,-1000,FALSE,TRUE,40,4,46214,,ns=stopped,65,0,NORMAL,-1000,TRUE,FALSE,,2106,PA abnormal
390,Radio 2271 B0C,CN3A184292,9/16/2025 2:15,PA abnormal,pa_issues,,ramping timeout.,115,BF,TRUE,TRUE,off,0,44.38,42.8,141,CtrlGainStateRamping=starting,43085,-1000,FALSE,0,,,NA,lin-ramping,40,TRUE,TRUE,,-63.87,TRUE,0,-950,TRUE,DPD_STATUS_OK,,-1000,FALSE,TRUE,20,0,43257,,ns=stopped,65,0,NORMAL,-1000,TRUE,FALSE,,2106,PA abnormal
485,Radio 2271 B0C,CN3A184292,10/7/2025 2:40,PA abnormal,pa_issues,,ramping timeout.,117,BF,TRUE,TRUE,off,5,44.38,42.1,137,CtrlGainStateRamping=starting,43171,-1000,FALSE,0,,,NA,lin-ramping,40,TRUE,TRUE,,-63.82,TRUE,0,-950,TRUE,DPD_STATUS_OK,,-1000,FALSE,TRUE,20,4,43207,,ns=stopped,65,0,NORMAL,-1000,TRUE,FALSE,,2106,PA abnormal
391,Radio 2271 B0C,CN3A184292,9/16/2025 2:15,PA abnormal,pa_issues,,ramping timeout.,125,BF,TRUE,TRUE,off,1,47.39,43.6,139,CtrlGainStateRamping=starting,46093,-1000,FALSE,-120,,,NA,lin-ramping,40,TRUE,TRUE,,-61.56,TRUE,0,-950,TRUE,DPD_STATUS_OK,,-1000,FALSE,TRUE,40,3,46269,,ns=stopped,65,0,NORMAL,-1000,TRUE,FALSE,,2106,PA abnormal
392,Radio 2271 B0C,CN3A184292,9/16/2025 2:16,PA abnormal,pa_issues,,ramping timeout.,115,BF,TRUE,TRUE,off,3,44.38,42.1,129,CtrlGainStateRamping=starting,43171,-1000,FALSE,0,,,NA,lin-ramping,40,TRUE,TRUE,,-63.73,TRUE,0,-950,TRUE,DPD_STATUS_OK,,-1000,FALSE,TRUE,20,0,43257,,ns=stopped,65,0,NORMAL,-1000,TRUE,FALSE,,2106,PA abnormal
393,Radio 2271 B0C,CN3A184292,9/16/2025 2:17,PA abnormal,pa_issues,,ramping timeout.,129,BF,TRUE,TRUE,off,1,47.39,42.1,136,CtrlGainStateRamping=starting,46042,-26.39,FALSE,-120,,,NA,lin-ramping,40,TRUE,TRUE,,-61.69,TRUE,0,-950,TRUE,DPD_STATUS_OK,,-31.59,FALSE,TRUE,40,1,46214,,ns=stopped,65,-5.99768,NORMAL,-27.65,TRUE,FALSE,,2106,PA abnormal
394,Radio 2271 B0C,CN3A184292,9/16/2025 2:17,PA abnormal,pa_issues,,ramping timeout.,122,BF,TRUE,TRUE,off,0,47.39,42.1,132,CtrlGainStateRamping=starting,46093,-1000,FALSE,-240,,,NA,lin-ramping,40,TRUE,TRUE,,-60.74,TRUE,0,-950,TRUE,DPD_STATUS_OK,,-1000,FALSE,TRUE,40,2,46199,,ns=stopped,65,0,NORMAL,-1000,TRUE,FALSE,,2106,PA abnormal
395,Radio 2271 B0C,CN3A184292,9/17/2025 1:37,PA abnormal,pa_issues,,ramping timeout.,117,BF,TRUE,TRUE,off,5,47.39,44.4,134,CtrlGainStateRamping=starting,46007,-1000,FALSE,0,,,NA,lin-ramping,40,TRUE,TRUE,,-62.42,TRUE,0,-950,TRUE,DPD_STATUS_OK,,-1000,FALSE,TRUE,40,3,46269,,ns=stopped,65,0,NORMAL,-1000,TRUE,FALSE,,2106,PA abnormal
486,Radio 2271 B0C,CN3A184292,10/7/2025 2:41,PA abnormal,pa_issues,,ramping timeout.,125,BF,TRUE,TRUE,off,2,49.03,42.1,139,CtrlGainStateRamping=starting,47886,-27.06,FALSE,-120,,,NA,lin-ramping,40,TRUE,TRUE,,-62.26,TRUE,0,-950,TRUE,DPD_STATUS_OK,,-31.08,FALSE,TRUE,80,3,48058,,ns=stopped,65,-4.92909,NORMAL,-27.11,TRUE,FALSE,,2106,PA abnormal
396,Radio 2271 B0C,CN3A184292,9/17/2025 1:37,PA abnormal,pa_issues,,ramping timeout.,120,BF,TRUE,TRUE,off,1,47.39,44.4,134,CtrlGainStateRamping=starting,46148,-35.61,FALSE,-120,,,NA,lin-ramping,40,TRUE,TRUE,,-61.44,TRUE,0,-950,TRUE,DPD_STATUS_OK,,-1000,FALSE,TRUE,40,3,46164,,ns=stopped,65,0,NORMAL,-1000,TRUE,FALSE,,2106,PA abnormal
397,Radio 2271 B0C,CN3A184292,9/17/2025 1:39,PA abnormal,pa_issues,,ramping timeout.,125,BF,TRUE,TRUE,off,4,44.38,42.8,132,CtrlGainStateRamping=paused,43207,-1000,FALSE,0,,,NA,lin-ramping,40,TRUE,TRUE,,-63.79,TRUE,0,-950,TRUE,DPD_STATUS_OK,,-1000,FALSE,TRUE,20,1,43277,,ns=stopped,65,0,NORMAL,-1000,TRUE,FALSE,,2106,PA abnormal
398,Radio 2271 B0C,CN3A184292,9/17/2025 1:39,PA abnormal,pa_issues,,ramping timeout.,122,BF,TRUE,TRUE,off,4,47.39,42.8,139,CtrlGainStateRamping=starting,46148,-28.45,FALSE,-120,,,NA,lin-ramping,40,TRUE,TRUE,,-61.56,TRUE,0,-950,TRUE,DPD_STATUS_OK,,-1000,FALSE,TRUE,40,0,46285,,ns=stopped,65,0,NORMAL,-1000,TRUE,FALSE,,2106,PA abnormal
399,Radio 2271 B0C,CN3A184292,9/17/2025 1:39,PA abnormal,pa_issues,,ramping timeout.,125,BF,TRUE,TRUE,off,6,47.39,43.6,141,CtrlGainStateRamping=paused,46042,-1000,FALSE,-240,,,NA,lin-ramping,40,TRUE,TRUE,,-60.68,TRUE,0,-950,TRUE,DPD_STATUS_OK,,-1000,FALSE,TRUE,40,4,46234,,ns=stopped,65,0,NORMAL,-1000,TRUE,FALSE,,2106,PA abnormal
400,Radio 2271 B0C,CN3A184292,9/18/2025 1:00,PA abnormal,pa_issues,,ramping timeout.,120,BF,TRUE,TRUE,off,3,44.38,45.1,136,CtrlGainStateRamping=starting,43035,-1000,FALSE,0,,,NA,lin-ramping,40,TRUE,TRUE,,-63.53,TRUE,0,-950,TRUE,DPD_STATUS_OK,,-1000,FALSE,TRUE,20,4,43207,,ns=stopped,65,0,NORMAL,-1000,TRUE,FALSE,,2106,PA abnormal
487,Radio 2271 B0C,CN3A184292,10/7/2025 2:42,PA abnormal,pa_issues,,ramping timeout.,117,BF,TRUE,TRUE,off,7,44.38,40.5,141,CtrlGainStateRamping=paused,43066,-1000,FALSE,0,,,NA,lin-ramping,40,TRUE,TRUE,,-63.68,TRUE,0,-950,TRUE,DPD_STATUS_OK,,-1000,FALSE,TRUE,20,4,43207,,ns=stopped,65,0,NORMAL,-1000,TRUE,FALSE,,2106,PA abnormal
401,Radio 2271 B0C,CN3A184292,9/18/2025 1:00,PA abnormal,pa_issues,,ramping timeout.,127,BF,TRUE,TRUE,off,1,47.39,45.1,141,CtrlGainStateRamping=starting,46128,-26.38,FALSE,-120,,,NA,lin-ramping,40,TRUE,TRUE,,-61.38,TRUE,0,-950,TRUE,DPD_STATUS_OK,,-27.96,FALSE,TRUE,40,2,46183,,ns=stopped,65,-5.68832,NORMAL,-23.97,TRUE,FALSE,,2106,PA abnormal
402,Radio 2271 B0C,CN3A184292,9/18/2025 1:02,PA abnormal,pa_issues,,ramping timeout.,120,BF,TRUE,TRUE,off,3,44.38,44.4,139,CtrlGainStateRamping=starting,43171,-1000,FALSE,0,,,NA,lin-ramping,40,TRUE,TRUE,,-63.61,TRUE,0,-950,TRUE,DPD_STATUS_OK,,-1000,FALSE,TRUE,20,1,43207,,ns=stopped,65,0,NORMAL,-1000,TRUE,FALSE,,2106,PA abnormal
403,Radio 2271 B0C,CN3A184292,9/18/2025 1:02,PA abnormal,pa_issues,,ramping timeout.,130,BF,TRUE,TRUE,off,0,47.39,43.6,144,CtrlGainStateRamping=starting,46023,-1000,FALSE,-120,,,NA,lin-ramping,40,TRUE,TRUE,,-61.38,TRUE,0,-950,TRUE,DPD_STATUS_OK,,-1000,FALSE,TRUE,40,2,46250,,ns=stopped,65,0,NORMAL,-1000,TRUE,FALSE,,2106,PA abnormal
404,Radio 2271 B0C,CN3A184292,9/18/2025 1:02,PA abnormal,pa_issues,,ramping timeout.,130,BF,TRUE,TRUE,off,0,47.39,44.4,139,CtrlGainStateRamping=paused,46148,-39.66,FALSE,-240,,,NA,lin-ramping,40,TRUE,TRUE,,-60.66,TRUE,0,-950,TRUE,DPD_STATUS_OK,,-41.43,FALSE,TRUE,40,4,46148,,ns=stopped,65,-6.17169,NORMAL,-36.96,TRUE,FALSE,,2106,PA abnormal
405,Radio 2271 B0C,CN3A184292,9/18/2025 23:15,PA abnormal,pa_issues,,ramping timeout.,120,BF,TRUE,TRUE,off,2,44.38,43.6,132,CtrlGainStateRamping=starting,43121,-1000,FALSE,0,,,NA,lin-ramping,40,TRUE,TRUE,,-63.61,TRUE,0,-950,TRUE,DPD_STATUS_OK,,-1000,FALSE,TRUE,20,1,43171,,ns=stopped,65,0,NORMAL,-1000,TRUE,FALSE,,2106,PA abnormal
488,Radio 2271 B0C,CN3A184292,10/7/2025 2:42,PA abnormal,pa_issues,,ramping timeout.,125,BF,TRUE,TRUE,off,2,47.39,40.5,134,CtrlGainStateRamping=starting,46007,-26.48,FALSE,-120,,,NA,lin-ramping,40,TRUE,TRUE,,-61.69,TRUE,0,-950,TRUE,DPD_STATUS_OK,,-30.89,FALSE,TRUE,40,2,46214,,ns=stopped,65,-5.99918,NORMAL,-26.96,TRUE,FALSE,,2106,PA abnormal
406,Radio 2271 B0C,CN3A184292,9/18/2025 23:15,PA abnormal,pa_issues,,ramping timeout.,127,BF,TRUE,TRUE,off,5,47.39,43.6,141,CtrlGainStateRamping=starting,46042,-30.29,FALSE,-120,,,NA,lin-ramping,40,TRUE,TRUE,,-61.6,TRUE,0,-950,TRUE,DPD_STATUS_OK,,-1000,FALSE,TRUE,40,1,46164,,ns=stopped,65,0,NORMAL,-1000,TRUE,FALSE,,2106,PA abnormal
