SampleIndex,ProductName,Serial,Timestamp,PA Status Repair Info,Repair Info Details,IDpaSv:.3,desc,IMpaSv:.0,runMode,dpdAutoStart,shpGanAlgHwCapablility,dpd,IDpaSv:.0,powerLevel,torTemp,IMpaSv:.1,gainStateMachine,PaVddSv,txPmb,islastDelEstFracSuccess,torGainBackoff,delayEst,shpGanAlgFunctionStatus,statusBit,subId,txDpdGainDefault,shpGanAlgEnabled,torSupported,IDpaSv:.2,txTorPmb,dpTsEnable,dpdRestartCounter,dpdNomPwr,shpAutoStart,status,IMpaSv:.2,txDpdPma,delayEstimationEnable,gainAutoStart,powerClass,IDpaSv:.1,DpaVddSv,IMpaSv:.3,linearizationStateMachine,LinAlarm,rfPower,ganBoostModeState,txPma,dpGainLoopEnable,ganBoostModeEnable,autoPeakPhaseCal,txAtt,PA Status Repair Info
0,Radio 2271 B0C,CN3A177826,6/29/2025 0:21,Normal,dcdc_issues,,ramping timeout.,12,BF,TRUE,TRUE,off,0,49.03,47.4,52,CtrlGainStateRamping=starting,20210.5,-1000,TRUE,0,,,EXT_DPD_IDLE | EXT_TDD_TX_OFF,lin-ramping,40,TRUE,TRUE,,-60.65,TRUE,0,-950,TRUE,DPD_STATUS_OK,,-1000,FALSE,TRUE,80,28,19968,,ns=stopped,1,0,NORMAL,-1000,TRUE,FALSE,,2107,Normal
1,Radio 2271 B0C,CN3A177826,6/29/2025 0:21,Normal,dcdc_issues,,ramping timeout.,12,BF,TRUE,TRUE,off,0,49.03,47.4,52,CtrlGainStateRamping=paused,17394,-1000,TRUE,0,,,EXT_DPD_IDLE | EXT_TDD_TX_OFF,lin-ramping,40,TRUE,TRUE,,-60.58,TRUE,0,-950,TRUE,DPD_STATUS_OK,,-1000,FALSE,TRUE,80,28,19968,,ns=stopped,1,0,NORMAL,-1000,TRUE,FALSE,,2073,Normal
2,Radio 2271 B0C,CN3A177826,6/29/2025 0:21,Normal,dcdc_issues,,ramping timeout.,,BF,TRUE,TRUE,off,,49.03,47.1,,CtrlGainStateRamping=starting,12226,-1000,TRUE,-120,,,EXT_DPD_IDLE | EXT_TDD_TX_OFF,lin-ramping,40,TRUE,TRUE,,-59.83,TRUE,0,-950,TRUE,DPD_STATUS_OK,,-1000,FALSE,TRUE,80,,11964,,ns=stopped,1,0,NORMAL,-1000,TRUE,FALSE,,2107,Normal
3,Radio 2271 B0C,CN3A177826,6/29/2025 0:21,Normal,dcdc_issues,,ramping timeout.,12,BF,TRUE,TRUE,off,0,49.03,47.1,57,CtrlGainStateRamping=starting,17878,-1000,TRUE,-120,,,EXT_DPD_IDLE | EXT_TDD_TX_OFF,lin-ramping,40,TRUE,TRUE,,-60.18,TRUE,0,-950,TRUE,DPD_STATUS_OK,,-1000,FALSE,TRUE,80,30,17722,,ns=stopped,1,0,NORMAL,-1000,TRUE,FALSE,,2106,Normal
4,Radio 2271 B0C,CN3A177826,6/29/2025 2:08,Normal,dcdc_issues,,ramping timeout.,12,BF,TRUE,TRUE,off,0,44.38,34,57,CtrlGainStateRamping=starting,23359,-1000,FALSE,0,,,EXT_DPD_IDLE | EXT_TDD_TX_OFF,lin-ramping,40,TRUE,TRUE,,-63.14,TRUE,0,-950,TRUE,DPD_STATUS_OK,,-1000,FALSE,TRUE,20,28,23238,,ns=stopped,1,0,NORMAL,-1000,TRUE,FALSE,,2106,Normal
5,Radio 2271 B0C,CN3A038640,9/10/2025 17:33,Normal,nff_issues,,ramping timeout.,,BF,TRUE,TRUE,off,,47.38,30.6,,CtrlGainStateRamping=starting,46093,-1000,FALSE,0,,,TOR_ADC_ERR,lin-ramping,40,TRUE,TRUE,,-14.7,TRUE,0,-950,TRUE,DPD_STATUS_OK,,-1000,FALSE,TRUE,40,,46339,,ns=stopped,5,0,NORMAL,-1000,TRUE,FALSE,,2109,Normal
6,Radio 2271 B0C,CN3A038640,9/10/2025 17:33,Normal,nff_issues,,ramping timeout.,,BF,TRUE,TRUE,off,,47.38,30.6,,CtrlGainStateRamping=starting,46093,-1000,FALSE,0,,,TOR_ADC_ERR,lin-ramping,40,TRUE,TRUE,,-14.76,TRUE,0,-950,TRUE,DPD_STATUS_OK,,-1000,FALSE,TRUE,40,,46339,,ns=stopped,5,0,NORMAL,-1000,TRUE,FALSE,,2106,Normal
7,Radio 2271 B0C,CN3A038640,9/10/2025 17:33,Normal,nff_issues,,ramping timeout.,136,BF,TRUE,TRUE,off,84,47.38,30.6,113,CtrlGainStateRamping=paused,46128,-28.35,FALSE,-120,,,TOR_ADC_ERR,lin-ramping,40,TRUE,TRUE,,-14.46,TRUE,0,-950,TRUE,DPD_STATUS_OK,,-1000,FALSE,TRUE,40,49,46250,,ns=stopped,5,0,NORMAL,-1000,TRUE,FALSE,,2106,Normal
8,Radio 2271 B0C,CN3A038640,9/11/2025 1:45,Normal,nff_issues,,ramping timeout.,141,BF,TRUE,TRUE,off,83,47.38,30.6,111,CtrlGainStateRamping=starting,46023,-1000,FALSE,0,,,NA,lin-ramping,40,TRUE,TRUE,,-1000,TRUE,0,-950,TRUE,DPD_STATUS_OK,,-1000,FALSE,TRUE,40,51,46320,,ns=stopped,5,0,NORMAL,-1000,TRUE,FALSE,,2106,Normal
9,Radio 2271 B0C,CN3A038640,11/16/2025 5:47,Normal,nff_issues,,ramping timeout.,,BF,TRUE,TRUE,off,,47.38,31.4,,CtrlGainStateRamping=starting,46007,-1000,FALSE,0,,,TOR_ADC_ERR,lin-ramping,40,TRUE,TRUE,,-10.62,TRUE,0,-950,TRUE,DPD_STATUS_OK,,-1000,FALSE,TRUE,40,,46199,,ns=stopped,5,0,NORMAL,-1000,TRUE,FALSE,,2109,Normal
10,Radio 2271 B0C,CN3A038640,11/16/2025 5:47,Normal,nff_issues,,ramping timeout.,,BF,TRUE,TRUE,off,,47.38,31.4,,CtrlGainStateRamping=paused,46007,-1000,FALSE,0,,,TOR_ADC_ERR,lin-ramping,40,TRUE,TRUE,,-10.57,TRUE,0,-950,TRUE,DPD_STATUS_OK,,-1000,FALSE,TRUE,40,,46199,,ns=stopped,5,0,NORMAL,-1000,TRUE,FALSE,,2106,Normal
11,Radio 2271 B0C,CN3A038640,11/16/2025 5:47,Normal,nff_issues,,ramping timeout.,134,BF,TRUE,TRUE,off,86,47.38,31.4,111,CtrlGainStateRamping=starting,46023,-21.42,FALSE,-120,,,TOR_ADC_ERR,lin-ramping,40,TRUE,TRUE,,-10.11,TRUE,0,-950,TRUE,DPD_STATUS_OK,,-23.64,FALSE,TRUE,40,51,46214,,ns=stopped,5,45.5676,NORMAL,-19.69,TRUE,FALSE,,2106,Normal
12,Radio 2271 B0C,CN3A038640,11/16/2025 5:48,Normal,nff_issues,,ramping timeout.,132,BF,TRUE,TRUE,off,84,47.38,30.6,111,CtrlGainStateRamping=paused,46042,-1000,FALSE,0,,,TOR_ADC_ERR,lin-ramping,40,TRUE,TRUE,,-3.74,TRUE,0,-950,TRUE,DPD_STATUS_OK,,-1000,FALSE,TRUE,40,51,46320,,ns=stopped,5,0,NORMAL,-1000,TRUE,FALSE,,2106,Normal
13,Radio 2271 B0C,CN3A038640,11/16/2025 5:49,Normal,nff_issues,,ramping timeout.,126.5,BF,TRUE,TRUE,off,85.5,47.38,30.6,102.5,CtrlGainStateRamping=starting,46015,-1000,FALSE,0,,,TOR_ADC_ERR,lin-ramping,40,TRUE,TRUE,,-3.77,TRUE,0,-950,TRUE,DPD_STATUS_OK,,-1000,FALSE,TRUE,40,50,46232,,ns=stopped,5,0,NORMAL,-1000,TRUE,FALSE,,2109,Normal
14,Radio 2271 B0C,CN3A038640,11/16/2025 5:49,Normal,nff_issues,,ramping timeout.,126.5,BF,TRUE,TRUE,off,85.5,47.38,31.4,102.5,CtrlGainStateRamping=starting,46058,-35.5,FALSE,-120,,,TOR_ADC_ERR,lin-ramping,40,TRUE,TRUE,,-3.32,TRUE,0,-950,TRUE,DPD_STATUS_OK,,-39.19,FALSE,TRUE,40,50,46214,,ns=stopped,5,52.3616,NORMAL,-33.21,TRUE,FALSE,,2106,Normal
15,Radio 2271 B0C,CN3A038640,11/16/2025 5:49,Normal,nff_issues,,ramping timeout.,132,BF,TRUE,TRUE,off,86,47.38,31.4,111,CtrlGainStateRamping=starting,46023,-32.78,FALSE,-240,,,TOR_ADC_ERR,lin-ramping,40,TRUE,TRUE,,-3.04,TRUE,0,-950,TRUE,DPD_STATUS_OK,,-1000,FALSE,TRUE,40,55,46339,,ns=stopped,5,0,NORMAL,-1000,TRUE,FALSE,,2106,Normal
16,Radio 2271 B0C,CN3A038640,11/16/2025 5:49,Normal,nff_issues,,ramping timeout.,125,BF,TRUE,TRUE,off,83,47.38,31.4,96,CtrlGainStateRamping=starting,45992,-1000,FALSE,-120,,,TOR_ADC_ERR,lin-ramping,40,TRUE,TRUE,,-3.2,TRUE,0,-950,TRUE,DPD_STATUS_OK,,-1000,FALSE,TRUE,40,47,46320,,ns=stopped,5,0,NORMAL,-1000,TRUE,FALSE,,2109,Normal
17,Radio 2271 B0C,CN3A038640,11/16/2025 5:54,Normal,nff_issues,,ramping timeout.,127,BF,TRUE,TRUE,off,85,47.38,29.8,98,CtrlGainStateRamping=starting,46058,-1000,FALSE,-240,,,TOR_ADC_ERR,lin-ramping,40,TRUE,TRUE,,-2.77,TRUE,0,-950,TRUE,DPD_STATUS_OK,,-1000,FALSE,TRUE,40,52,46269,,ns=stopped,5,0,NORMAL,-1000,TRUE,FALSE,,2109,Normal
18,Radio 2271 B0C,CN3A038640,11/16/2025 6:45,Normal,nff_issues,,ramping timeout.,132,BF,TRUE,TRUE,off,85,47.38,27.5,101,CtrlGainStateRamping=starting,46042,-1000,FALSE,0,,,NA,lin-ramping,40,TRUE,TRUE,,-1000,TRUE,0,-950,TRUE,DPD_STATUS_OK,,-1000,FALSE,TRUE,40,47,46320,,ns=stopped,5,0,NORMAL,-1000,TRUE,FALSE,,2106,Normal
19,Radio 2271 B0C,CN3A178828,9/2/2025 21:43,Normal,nff_issues,,supervision,114,BF,TRUE,TRUE,on,84,49.03,35.8,145,CtrlGainStateTuned=started,48007,-27.39,FALSE,0,,,NA,lin-sv-high-freq-fault,40,TRUE,TRUE,,-23.08,TRUE,7,-950,TRUE,DPD_STATUS_OK,,-26.88,FALSE,TRUE,80,51,48390,,CtrlLinStateStartLate=started,9,35.4465,NORMAL,-29.31,TRUE,FALSE,,1454,Normal
20,Radio 2271 B0C,CN3A178828,9/2/2025 21:43,Normal,nff_issues,,supervision,116,BF,TRUE,TRUE,on,81,49.03,35.8,135,CtrlGainStateTuned=started,47972,-19.32,TRUE,0,,,NA,lin-sv-high-freq-fault,40,TRUE,TRUE,,-10.53,TRUE,9,-950,TRUE,DPD_STATUS_OK,,-13.38,FALSE,TRUE,80,50,48320,,CtrlLinStateStartLate=started,9,47.9958,NORMAL,-19.71,TRUE,FALSE,,1354,Normal
21,Radio 2271 B0C,CN3A178828,9/2/2025 21:43,Normal,nff_issues,,supervision,115,BF,TRUE,TRUE,on,85,49.03,35.9,148,CtrlGainStateTuned=started,47921,-24.44,FALSE,-20,,,NA,lin-sv-high-freq-fault,40,TRUE,TRUE,,-20.64,TRUE,5,-950,TRUE,DPD_STATUS_OK,,-24.05,FALSE,TRUE,80,51,48285,,CtrlLinStateStartLate=started,9,37.6898,NORMAL,-25.23,TRUE,FALSE,,1472,Normal
22,Radio 2271 B0C,CN3A178828,9/2/2025 21:44,Normal,nff_issues,,supervision,116,BF,TRUE,TRUE,on,81,49.03,35.8,135,CtrlGainStateTuned=started,48007,-19.49,TRUE,-20,,,NA,lin-sv-high-freq-fault,40,TRUE,TRUE,,-11.64,TRUE,5,-950,TRUE,DPD_STATUS_OK,,-13.16,FALSE,TRUE,80,50,48304,,CtrlLinStateStartLate=started,9,46.6931,NORMAL,-19.13,TRUE,FALSE,,1366,Normal
23,Radio 2271 B0C,CN3A178828,9/2/2025 21:44,Normal,nff_issues,,supervision,115,BF,TRUE,TRUE,on,84,49.03,35.7,148,CtrlGainStateTuned=started,47871,-20.4,FALSE,-40,,,NA,lin-sv-high-freq-fault,40,TRUE,TRUE,,-17.91,TRUE,5,-950,TRUE,DPD_STATUS_OK,,-20.38,FALSE,TRUE,80,51,48375,,CtrlLinStateStartLate=started,9,40.2198,NORMAL,-20.12,TRUE,FALSE,,1493,Normal
24,Radio 2271 B0C,CN3A178828,9/2/2025 21:44,Normal,nff_issues,,supervision,117,BF,TRUE,TRUE,on,81,49.03,35.8,139,CtrlGainStateTuned=started,47902,-19.84,TRUE,-40,,,NA,lin-sv-high-freq-fault,40,TRUE,TRUE,,-13.47,TRUE,5,-950,TRUE,DPD_STATUS_OK,,-15.85,FALSE,TRUE,80,50,48375,,CtrlLinStateStartLate=started,9,44.6636,NORMAL,-19.82,TRUE,FALSE,,1372,Normal
25,Radio 2271 B0C,CN3A178828,9/2/2025 21:44,Normal,nff_issues,,supervision,117,BF,TRUE,TRUE,on,84,49.03,35.7,149,CtrlGainStateTuned=started,47902,-26.5,FALSE,-60,,,NA,lin-sv-high-freq-fault,40,TRUE,TRUE,,-22.33,TRUE,5,-950,TRUE,DPD_STATUS_OK,,-26.76,FALSE,TRUE,80,50,48375,,CtrlLinStateStartLate=started,9,35.5996,NORMAL,-28.61,TRUE,FALSE,,1514,Normal
26,Radio 2271 B0C,CN3A178828,9/2/2025 21:44,Normal,nff_issues,,supervision,116,BF,TRUE,TRUE,on,83,49.03,35.7,143.5,CtrlGainStateTuned=started,47868.5,-17.62,FALSE,-80,,,NA,lin-sv-high-freq-fault,40,TRUE,TRUE,,-14.28,TRUE,5,-950,TRUE,DPD_STATUS_OK,,-16.74,FALSE,TRUE,80,50,48329.5,,CtrlLinStateStartLate=started,9,43.4481,NORMAL,-17.79,TRUE,FALSE,,1532,Normal
27,Radio 2271 B0C,CN3A178828,9/2/2025 21:44,Normal,nff_issues,,supervision,116,BF,TRUE,TRUE,on,83,49.03,35.8,143.5,CtrlGainStateTuned=started,47851,-17.02,TRUE,-60,,,NA,lin-sv-high-freq-fault,40,TRUE,TRUE,,-7.84,TRUE,5,-950,TRUE,DPD_STATUS_OK,,-9.29,FALSE,TRUE,80,50,48390,,CtrlLinStateStartLate=started,9,50.0872,NORMAL,-16.52,TRUE,FALSE,,1393,Normal
28,Radio 2271 B0C,CN3A178828,9/2/2025 21:45,Normal,nff_issues,,supervision,115,BF,TRUE,TRUE,on,84,49.03,35.7,149,CtrlGainStateTuned=started,47902,-23.45,FALSE,-100,,,NA,lin-sv-high-freq-fault,40,TRUE,TRUE,,-19.58,TRUE,5,-950,TRUE,DPD_STATUS_OK,,-23.34,FALSE,TRUE,80,51,48339,,CtrlLinStateStartLate=started,9,37.9505,NORMAL,-24.55,TRUE,FALSE,,1553,Normal
29,Radio 2271 B0C,CN3A178828,9/2/2025 23:58,Normal,nff_issues,,supervision,130,BF,TRUE,TRUE,on,84,49.03,34.8,145,CtrlGainStateTuned=started,47921,-16.99,TRUE,0,,,NA,lin-sv-high-freq-fault,40,TRUE,TRUE,,-13.87,TRUE,5,-950,TRUE,DPD_STATUS_OK,,-16.04,FALSE,TRUE,80,50,48375,,CtrlLinStateStartLate=started,9,44.6637,NORMAL,-16.86,TRUE,FALSE,,1469,Normal
30,Radio 2271 B0C,CN3A178828,9/3/2025 0:06,Normal,nff_issues,,supervision,116,BF,TRUE,TRUE,on,84,49.03,35,140,CtrlGainStateTuned=started,47851,-21.04,TRUE,-20,,,NA,lin-sv-high-freq-fault,40,TRUE,TRUE,,-19.87,TRUE,5,-950,TRUE,DPD_STATUS_OK,,-23.98,FALSE,TRUE,80,50,48375,,CtrlLinStateStartLate=started,9,38.4606,NORMAL,-21.34,TRUE,FALSE,,1487,Normal
31,Radio 2271 B0C,CN3A178828,9/3/2025 0:06,Normal,nff_issues,,supervision,115,BF,TRUE,TRUE,on,82,49.03,35,133,CtrlGainStateTuned=started,48007,-14.8,TRUE,0,,,EXT_DPD_IDLE,lin-sv-high-freq-fault,40,TRUE,TRUE,,-5.72,TRUE,9,-950,TRUE,DPD_STATUS_OK,,-6.82,FALSE,TRUE,80,51,48390,,CtrlLinStateStartLate=started,9,52.8079,NORMAL,-14.9,TRUE,FALSE,,1369,Normal
32,Radio 2271 B0C,CN3A178828,9/3/2025 0:06,Normal,nff_issues,,supervision,125,BF,TRUE,TRUE,on,84,49.03,35,144,CtrlGainStateTuned=started,47851,-25.99,TRUE,-40,,,NA,lin-sv-high-freq-fault,40,TRUE,TRUE,,-24.43,TRUE,5,-950,TRUE,DPD_STATUS_OK,,-29.35,FALSE,TRUE,80,50,48320,,CtrlLinStateStartLate=started,9,33.7024,NORMAL,-27.3,TRUE,FALSE,,1499,Normal
33,Radio 2271 B0C,CN3A178828,9/3/2025 0:06,Normal,nff_issues,,ramping timeout.,144,BF,TRUE,TRUE,off,84,49.03,34.9,142,CtrlGainStateRamping=paused,47903.5,-20.91,TRUE,-20,,,EXT_DPD_IDLE,lin-ramping,40,TRUE,TRUE,,-28.5,TRUE,3,-950,TRUE,DPD_STATUS_OK,,-25.43,FALSE,TRUE,80,50.5,48355,,ns=stopped,9,29.8295,NORMAL,-21.43,TRUE,FALSE,,2104,Normal
34,Radio 2271 B0C,CN3A178828,9/3/2025 0:06,Normal,nff_issues,,ramping timeout.,144,BF,TRUE,TRUE,off,84,49.03,34.9,142,CtrlGainStateRamping=paused,47903.5,-22.49,TRUE,-60,,,EXT_DPD_IDLE,lin-ramping,40,TRUE,TRUE,,-28.64,TRUE,4,-950,TRUE,DPD_STATUS_OK,,-24.21,FALSE,TRUE,80,50.5,48355,,ns=stopped,9,29.2861,NORMAL,-20.23,TRUE,FALSE,,2108,Normal
35,Radio 2271 B0C,CN3A178828,9/3/2025 0:06,Normal,nff_issues,,ramping timeout.,147.5,BF,TRUE,TRUE,off,84.5,49.03,34.9,143,CtrlGainStateRamping=starting,47886,-17.77,TRUE,-140,,,EXT_DPD_IDLE,lin-ramping,40,TRUE,TRUE,,-24.41,TRUE,0,-950,TRUE,DPD_STATUS_OK,,-22.48,FALSE,TRUE,80,51,48355,,ns=stopped,9,32.7182,NORMAL,-18.5,TRUE,FALSE,,2104,Normal
36,Radio 2271 B0C,CN3A178828,9/3/2025 0:06,Normal,nff_issues,,ramping timeout.,147.5,BF,TRUE,TRUE,off,84.5,49.03,34.9,143,CtrlGainStateRamping=paused,47851,-24.66,TRUE,-180,,,EXT_DPD_IDLE,lin-ramping,40,TRUE,TRUE,,-30.35,TRUE,0,-950,TRUE,DPD_STATUS_OK,,-25.96,FALSE,TRUE,80,51,48320,,ns=stopped,9,26.3817,NORMAL,-21.9,TRUE,FALSE,,2108,Normal
37,Radio 2271 B0C,CN3A178828,9/3/2025 4:14,Normal,nff_issues,,supervision,116,BF,TRUE,TRUE,on,83,49.03,37.4,128,CtrlGainStateTuned=started,47851,-23.38,FALSE,0,,,NA,lin-sv-high-freq-fault,40,TRUE,TRUE,,-20.27,TRUE,7,-950,TRUE,DPD_STATUS_OK,,-22.33,FALSE,TRUE,80,50,48425,,CtrlLinStateStartLate=started,9,38.2646,NORMAL,-23.29,TRUE,FALSE,,1406,Normal
38,Radio 2271 B0C,CN3A178828,9/3/2025 4:14,Normal,nff_issues,,supervision,120,BF,TRUE,TRUE,on,80,49.03,37.5,140,CtrlGainStateTuned=started,47972,-15.09,FALSE,0,,,NA,lin-sv-high-freq-fault,40,TRUE,TRUE,,-6.05,TRUE,7,-950,TRUE,DPD_STATUS_OK,,-7.99,FALSE,TRUE,80,50,48355,,CtrlLinStateStartLate=started,9,52.4836,NORMAL,-15.08,TRUE,FALSE,,1297,Normal
39,Radio 2271 B0C,CN3A178828,9/3/2025 4:14,Normal,nff_issues,,supervision,114,BF,TRUE,TRUE,on,83,49.03,37.5,145,CtrlGainStateTuned=started,47851,-23.41,FALSE,-20,,,NA,lin-sv-high-freq-fault,40,TRUE,TRUE,,-19.33,TRUE,5,-950,TRUE,DPD_STATUS_OK,,-22.48,FALSE,TRUE,80,49,48285,,CtrlLinStateStartLate=started,9,39.0022,NORMAL,-23.18,TRUE,FALSE,,1415,Normal
40,Radio 2271 B0C,CN3A178828,9/3/2025 4:14,Normal,nff_issues,,supervision,121,BF,TRUE,TRUE,on,80,49.03,37.5,143,CtrlGainStateTuned=started,48007,-18.67,FALSE,-20,,,NA,lin-sv-high-freq-fault,40,TRUE,TRUE,,-13.3,TRUE,5,-950,TRUE,DPD_STATUS_OK,,-15.64,FALSE,TRUE,80,50,48390,,CtrlLinStateStartLate=started,9,45.0282,NORMAL,-18.52,TRUE,FALSE,,1333,Normal
41,Radio 2271 B0C,CN3A178828,9/3/2025 4:14,Normal,nff_issues,,supervision,108,BF,TRUE,TRUE,on,80,49.03,37.3,137,CtrlGainStateTuned=started,47886,-13.6,FALSE,-40,,,NA,lin-sv-high-freq-fault,40,TRUE,TRUE,,-10.12,TRUE,5,-950,TRUE,DPD_STATUS_OK,,-12.29,FALSE,TRUE,80,49,48375,,CtrlLinStateStartLate=started,9,48.0129,NORMAL,-13.45,TRUE,FALSE,,1424,Normal
42,Radio 2271 B0C,CN3A178828,9/3/2025 4:15,Normal,nff_issues,,supervision,121,BF,TRUE,TRUE,on,80,49.03,37.3,149,CtrlGainStateTuned=started,47972,-14.87,FALSE,-40,,,NA,lin-sv-high-freq-fault,40,TRUE,TRUE,,-7.41,TRUE,5,-950,TRUE,DPD_STATUS_OK,,-9.27,FALSE,TRUE,80,50,48320,,CtrlLinStateStartLate=started,9,50.7203,NORMAL,-14.76,TRUE,FALSE,,1342,Normal
43,Radio 2271 B0C,CN3A178828,9/3/2025 4:15,Normal,nff_issues,,supervision,116.5,BF,TRUE,TRUE,on,80,49.03,37.6,147,CtrlGainStateTuned=started,47929.5,-19.54,FALSE,-60,,,NA,lin-sv-high-freq-fault,40,TRUE,TRUE,,-16.16,TRUE,5,-950,TRUE,DPD_STATUS_OK,,-18.73,FALSE,TRUE,80,49.5,48329.5,,CtrlLinStateStartLate=started,9,41.7661,NORMAL,-19.48,TRUE,FALSE,,1366,Normal
44,Radio 2271 B0C,CN3A178828,9/3/2025 4:15,Normal,nff_issues,,supervision,112,BF,TRUE,TRUE,on,81,49.03,37.5,149,CtrlGainStateTuned=started,47902,-38.01,FALSE,-80,,,NA,lin-sv-high-freq-fault,40,TRUE,TRUE,,-33.43,TRUE,5,-950,TRUE,DPD_STATUS_OK,,-1000,FALSE,TRUE,80,49,48390,,CtrlLinStateStartLate=started,9,0,NORMAL,-1000,TRUE,FALSE,,1478,Normal
45,Radio 2271 B0C,CN3A178828,9/3/2025 4:15,Normal,nff_issues,,supervision,111,BF,TRUE,TRUE,on,81,49.03,37.8,150,CtrlGainStateTuned=started,47964.5,-23.72,FALSE,-100,,,NA,lin-sv-high-freq-fault,40,TRUE,TRUE,,-19.58,TRUE,5,-950,TRUE,DPD_STATUS_OK,,-21.52,FALSE,TRUE,80,50,48339.5,,CtrlLinStateStartLate=started,9,37.9457,NORMAL,-22.87,TRUE,FALSE,,1478,Normal
46,Radio 2271 B0C,CN3A178828,9/3/2025 4:59,Normal,nff_issues,,supervision,125,BF,TRUE,TRUE,on,81,49.03,37.9,150,CtrlGainStateTuned=started,47957,-22.1,TRUE,0,,,NA,lin-sv-high-freq-fault,40,TRUE,TRUE,,-21.4,TRUE,5,-950,TRUE,DPD_STATUS_OK,,-25.3,FALSE,TRUE,80,49,48250,,CtrlLinStateStartLate=started,9,37.1328,NORMAL,-22.22,TRUE,FALSE,,1409,Normal
47,Radio 2271 B0C,CN3A178828,9/3/2025 4:59,Normal,nff_issues,,supervision,128,BF,TRUE,TRUE,on,83,49.03,38,153,CtrlGainStateTuned=started,47851,-27.02,TRUE,-20,,,NA,lin-sv-high-freq-fault,40,TRUE,TRUE,,-24.86,TRUE,5,-950,TRUE,DPD_STATUS_OK,,-30.34,FALSE,TRUE,80,51,48441,,CtrlLinStateStartLate=started,9,33.4748,NORMAL,-29.05,TRUE,FALSE,,1427,Normal
48,Radio 2271 B0C,CN3A178828,9/3/2025 5:00,Normal,nff_issues,,supervision,126,BF,TRUE,TRUE,on,80,49.03,38.8,141.5,CtrlGainStateTuned=started,47972,-12.68,TRUE,0,,,NA,lin-sv-high-freq-fault,40,TRUE,TRUE,,-6.04,TRUE,5,-950,TRUE,DPD_STATUS_OK,,-7.57,FALSE,TRUE,80,49.5,48329.5,,CtrlLinStateStartLate=started,9,52.4925,NORMAL,-12.74,TRUE,FALSE,,1306,Normal
49,Radio 2271 B0C,CN3A178828,9/3/2025 5:00,Normal,nff_issues,,supervision,126,BF,TRUE,TRUE,on,80,49.03,37.7,141.5,CtrlGainStateTuned=started,47972,-12.65,TRUE,-40,,,NA,lin-sv-high-freq-fault,40,TRUE,TRUE,,-11.29,TRUE,5,-950,TRUE,DPD_STATUS_OK,,-14.35,FALSE,TRUE,80,49.5,48390,,CtrlLinStateStartLate=started,9,46.8386,NORMAL,-12.62,TRUE,FALSE,,1409,Normal
50,Radio 2271 B0C,CN3A178828,9/3/2025 5:00,Normal,nff_issues,,supervision,129,BF,TRUE,TRUE,on,84,49.03,37.7,157,CtrlGainStateTuned=started,47851,-26.01,TRUE,-60,,,NA,lin-sv-high-freq-fault,40,TRUE,TRUE,,-24.73,TRUE,5,-950,TRUE,DPD_STATUS_OK,,-28.42,FALSE,TRUE,80,51,48355,,CtrlLinStateStartLate=started,9,33.196,NORMAL,-25.78,TRUE,FALSE,,1466,Normal
51,Radio 2271 B0C,CN3A178828,9/3/2025 5:00,Normal,nff_issues,,supervision,118,BF,TRUE,TRUE,on,81,49.03,37.7,142,CtrlGainStateTuned=started,47851,-20.14,TRUE,-20,,,NA,lin-sv-high-freq-fault,40,TRUE,TRUE,,-18.2,TRUE,5,-950,TRUE,DPD_STATUS_OK,,-21.44,TRUE,TRUE,80,50,48375,,CtrlLinStateStarted=started,9,40.13,NORMAL,-20.2,TRUE,FALSE,,1348,Normal
52,Radio 2271 B0C,CN3A178828,9/3/2025 5:00,Normal,nff_issues,,supervision,125,BF,TRUE,TRUE,on,84,49.03,37.8,155,CtrlGainStateTuned=started,47851,-22.14,TRUE,-80,,,NA,lin-sv-high-freq-fault,40,TRUE,TRUE,,-20.44,TRUE,5,-950,TRUE,DPD_STATUS_OK,,-23.99,FALSE,TRUE,80,51,48375,,CtrlLinStateStartLate=started,9,37.2878,NORMAL,-22.1,TRUE,FALSE,,1439,Normal
53,Radio 2271 B0C,CN3A178828,9/3/2025 5:01,Normal,nff_issues,,supervision,125,BF,TRUE,TRUE,on,81,49.03,37.8,151.5,CtrlGainStateTuned=started,47982,-16.67,TRUE,-40,,,NA,lin-sv-high-freq-fault,40,TRUE,TRUE,,-13.45,TRUE,5,-950,TRUE,DPD_STATUS_OK,,-17.35,FALSE,TRUE,80,50,48355,,CtrlLinStateStartLate=started,9,44.6755,NORMAL,-16.73,TRUE,FALSE,,1339,Normal
54,Radio 2271 B0C,CN3A178828,9/3/2025 5:01,Normal,nff_issues,,supervision,131,BF,TRUE,TRUE,on,82,49.03,37.6,158,CtrlGainStateTuned=started,48027,-24.32,TRUE,-100,,,NA,lin-sv-high-freq-fault,40,TRUE,TRUE,,-22.2,TRUE,5,-950,TRUE,DPD_STATUS_OK,,-27.6,FALSE,TRUE,80,50,48390,,CtrlLinStateStartLate=started,9,35.3311,NORMAL,-25.37,TRUE,FALSE,,1463,Normal
55,Radio 2271 B0C,CN3A178828,9/3/2025 5:01,Normal,nff_issues,,supervision,123,BF,TRUE,TRUE,on,81.5,49.03,37.6,154,CtrlGainStateTuned=started,47946.5,-24.29,TRUE,-120,,,NA,lin-sv-high-freq-fault,40,TRUE,TRUE,,-23.2,TRUE,5,-950,TRUE,DPD_STATUS_OK,,-27.94,FALSE,TRUE,80,50.5,48347,,CtrlLinStateStartLate=started,9,34.132,NORMAL,-25.2,TRUE,FALSE,,1508,Normal
56,Radio 2271 B0C,CN3A178828,9/3/2025 7:49,Normal,nff_issues,,supervision,116,BF,TRUE,TRUE,on,80.5,49.03,37.9,142.5,CtrlGainStateTuned=started,47843,-17.27,FALSE,0,,,NA,lin-sv-high-freq-fault,40,TRUE,TRUE,,-15.19,TRUE,5,-950,TRUE,DPD_STATUS_OK,,-18.58,FALSE,TRUE,80,50.5,48347,,CtrlLinStateStartLate=started,9,43.3393,NORMAL,-17.09,TRUE,FALSE,,1318,Normal
57,Radio 2271 B0C,CN3A178828,9/3/2025 7:49,Normal,nff_issues,,supervision,116,BF,TRUE,TRUE,on,80.5,49.03,37.8,142.5,CtrlGainStateTuned=started,47851,-25.62,FALSE,0,,,NA,lin-sv-high-freq-fault,40,TRUE,TRUE,,-21.26,TRUE,5,-950,TRUE,DPD_STATUS_OK,,-24.47,FALSE,TRUE,80,50.5,48304,,CtrlLinStateStartLate=started,9,37.2669,NORMAL,-25.95,TRUE,FALSE,,1397,Normal
58,Radio 2271 B0C,CN3A178828,9/3/2025 7:49,Normal,nff_issues,,supervision,119,BF,TRUE,TRUE,on,80,49.03,38.1,142,CtrlGainStateTuned=started,47937,-19.77,FALSE,-20,,,NA,lin-sv-high-freq-fault,40,TRUE,TRUE,,-12.32,TRUE,5,-950,TRUE,DPD_STATUS_OK,,-14.08,FALSE,TRUE,80,50,48302.5,,CtrlLinStateStartLate=started,9,46.0115,NORMAL,-19.54,TRUE,FALSE,,1324,Normal
59,Radio 2271 B0C,CN3A178828,9/3/2025 7:50,Normal,nff_issues,,supervision,,BF,TRUE,TRUE,on,,49.03,38,,CtrlGainStateTuned=started,47902,-23.41,FALSE,-20,,,NA,lin-sv-high-freq-fault,40,TRUE,TRUE,,-18.94,TRUE,5,-950,TRUE,DPD_STATUS_OK,,-19.94,FALSE,TRUE,80,,48285,,CtrlLinStateStartLate=started,9,39.3937,NORMAL,-22.03,TRUE,FALSE,,1403,Normal
60,Radio 2271 B0C,CN3A178828,9/3/2025 7:50,Normal,nff_issues,,supervision,119,BF,TRUE,TRUE,on,80,49.03,38.2,141,CtrlGainStateTuned=started,48027,-12.12,FALSE,-40,,,NA,lin-sv-high-freq-fault,40,TRUE,TRUE,,-5.6,TRUE,5,-950,TRUE,DPD_STATUS_OK,,-7.6,FALSE,TRUE,80,50,48339,,CtrlLinStateStartLate=started,9,52.5293,NORMAL,-12.1,TRUE,FALSE,,1336,Normal
61,Radio 2271 B0C,CN3A178828,9/3/2025 7:50,Normal,nff_issues,,supervision,119,BF,TRUE,TRUE,on,80,49.03,38.2,148,CtrlGainStateTuned=started,47957,-19.73,FALSE,-60,,,NA,lin-sv-high-freq-fault,40,TRUE,TRUE,,-14.03,TRUE,5,-950,TRUE,DPD_STATUS_OK,,-16.2,FALSE,TRUE,80,50,48375,,CtrlLinStateStartLate=started,9,43.8964,NORMAL,-19.61,TRUE,FALSE,,1369,Normal
62,Radio 2271 B0C,CN3A178828,9/3/2025 7:50,Normal,nff_issues,,supervision,118,BF,TRUE,TRUE,on,83,49.03,38.2,151,CtrlGainStateTuned=started,48042,-25.22,FALSE,-60,,,NA,lin-sv-high-freq-fault,40,TRUE,TRUE,,-21.04,TRUE,5,-950,TRUE,DPD_STATUS_OK,,-25.5,FALSE,TRUE,80,51,48320,,CtrlLinStateStartLate=started,9,36.8892,NORMAL,-27.36,TRUE,FALSE,,1439,Normal
63,Radio 2271 B0C,CN3A178828,9/3/2025 7:51,Normal,nff_issues,,supervision,117,BF,TRUE,TRUE,on,81,49.03,38.2,149.5,CtrlGainStateTuned=started,47929.5,-17.64,FALSE,-80,,,NA,lin-sv-high-freq-fault,40,TRUE,TRUE,,-9.43,TRUE,5,-950,TRUE,DPD_STATUS_OK,,-12.06,FALSE,TRUE,80,50,48364.5,,CtrlLinStateStartLate=started,9,48.3033,NORMAL,-17.42,TRUE,FALSE,,1372,Normal
64,Radio 2271 B0C,CN3A178828,9/3/2025 8:14,Normal,nff_issues,,supervision,125,BF,TRUE,TRUE,on,78,49.03,42.5,155,CtrlGainStateTuned=started,47851,-22.26,FALSE,0,,,NA,lin-sv-high-freq-fault,40,TRUE,TRUE,,-17.52,TRUE,5,-950,TRUE,DPD_STATUS_OK,,-18.04,FALSE,TRUE,80,50,48250,,CtrlLinStateStartLate=started,9,41.0125,NORMAL,-20.53,TRUE,FALSE,,1289,Normal
65,Radio 2271 B0C,CN3A178828,9/3/2025 8:14,Normal,nff_issues,,supervision,126,BF,TRUE,TRUE,on,78.5,49.03,42.7,150,CtrlGainStateTuned=started,47876.5,-24.25,FALSE,-20,,,NA,lin-sv-high-freq-fault,40,TRUE,TRUE,,-20.79,TRUE,5,-950,TRUE,DPD_STATUS_OK,,-31.47,FALSE,TRUE,80,49,48321.5,,CtrlLinStateStartLate=started,9,37.5443,NORMAL,-28.22,TRUE,FALSE,,1286,Normal
66,Radio 2271 B0C,CN3A178828,9/3/2025 8:14,Normal,nff_issues,,supervision,128,BF,TRUE,TRUE,on,80,49.03,42.7,137,CtrlGainStateTuned=started,47851,-19.22,FALSE,0,,,NA,lin-sv-high-freq-fault,40,TRUE,TRUE,,-16.95,TRUE,5,-950,TRUE,DPD_STATUS_OK,,-21,TRUE,TRUE,80,49,48339,,CtrlLinStateStarted=started,9,41.5824,NORMAL,-19.22,TRUE,FALSE,,1207,Normal
67,Radio 2271 B0C,CN3A178828,9/3/2025 8:15,Normal,nff_issues,,supervision,127,BF,TRUE,TRUE,on,79,49.03,42.7,163,CtrlGainStateTuned=started,47851,-20.72,FALSE,-40,,,NA,lin-sv-high-freq-fault,40,TRUE,TRUE,,-16.69,TRUE,5,-950,TRUE,DPD_STATUS_OK,,-20.46,FALSE,TRUE,80,50,48250,,CtrlLinStateStartLate=started,9,41.4401,NORMAL,-22.04,TRUE,FALSE,,1325,Normal
68,Radio 2271 B0C,CN3A178828,9/3/2025 8:15,Normal,nff_issues,,supervision,125.5,BF,TRUE,TRUE,on,78.5,49.03,42.7,154,CtrlGainStateTuned=started,47921.5,-20.37,TRUE,-20,,,NA,lin-sv-high-freq-fault,40,TRUE,TRUE,,-17.54,TRUE,5,-950,TRUE,DPD_STATUS_OK,,-20.72,TRUE,TRUE,80,49.5,48365,,CtrlLinStateStarted=started,9,40.786,NORMAL,-20.21,TRUE,FALSE,,1237,Normal
69,Radio 2271 B0C,CN3A178828,9/3/2025 8:15,Normal,nff_issues,,supervision,125.5,BF,TRUE,TRUE,on,78.5,49.03,42.7,154,CtrlGainStateTuned=started,47992,-18.62,FALSE,-60,,,NA,lin-sv-high-freq-fault,40,TRUE,TRUE,,-14.43,TRUE,5,-950,TRUE,DPD_STATUS_OK,,-16.91,FALSE,TRUE,80,49.5,48355,,CtrlLinStateStartLate=started,9,43.5009,NORMAL,-18.63,TRUE,FALSE,,1346,Normal
70,Radio 2271 B0C,CN3A178828,9/3/2025 8:15,Normal,nff_issues,,supervision,127,BF,TRUE,TRUE,on,78,49.03,42.8,160,CtrlGainStateTuned=started,47992,-17.55,FALSE,-80,,,NA,lin-sv-high-freq-fault,40,TRUE,TRUE,,-17.11,TRUE,5,-950,TRUE,DPD_STATUS_OK,,-20.92,FALSE,TRUE,80,50,48364.5,,CtrlLinStateStartLate=started,9,40.6245,NORMAL,-17.55,TRUE,FALSE,,1367,Normal
71,Radio 2271 B0C,CN3A178828,9/3/2025 8:15,Normal,nff_issues,,supervision,,BF,TRUE,TRUE,on,,49.03,42.8,,CtrlGainStateTuned=started,47957,-19.01,TRUE,-40,,,NA,lin-sv-high-freq-fault,40,TRUE,TRUE,,-14.38,TRUE,5,-950,TRUE,DPD_STATUS_OK,,-15.04,FALSE,TRUE,80,,48390,,CtrlLinStateStartLate=started,9,43.7484,NORMAL,-17.71,TRUE,FALSE,,1261,Normal
72,Radio 2271 B0C,CN3A178828,9/3/2025 8:16,Normal,nff_issues,,supervision,133,BF,TRUE,TRUE,on,78,49.03,42.8,160,CtrlGainStateTuned=started,47992,-22.63,FALSE,-100,,,NA,lin-sv-high-freq-fault,40,TRUE,TRUE,,-21.36,TRUE,5,-950,TRUE,DPD_STATUS_OK,,-25.27,FALSE,TRUE,80,50,48355,,CtrlLinStateStartLate=started,9,36.1691,NORMAL,-22.6,TRUE,FALSE,,1388,Normal
73,Radio 2271 B0C,CN3A178828,9/3/2025 8:16,Normal,nff_issues,,supervision,130.5,BF,TRUE,TRUE,on,79,49.03,42.7,153.5,CtrlGainStateTuned=started,47904,-13.19,TRUE,-60,,,NA,lin-sv-high-freq-fault,40,TRUE,TRUE,,-6.14,TRUE,5,-950,TRUE,DPD_STATUS_OK,,-8.18,FALSE,TRUE,80,49.5,48287,,CtrlLinStateStartLate=started,9,51.7879,NORMAL,-13.05,TRUE,FALSE,,1288,Normal
74,Radio 2271 B0C,CN3A178828,9/3/2025 8:58,Normal,nff_issues,,supervision,117,BF,TRUE,TRUE,on,82,49.03,39.4,140,CtrlGainStateTuned=started,47886,-22.66,TRUE,0,,,NA,lin-sv-high-freq-fault,40,TRUE,TRUE,,-22.23,TRUE,7,-950,TRUE,DPD_STATUS_OK,,-26.37,FALSE,TRUE,80,51,48355,,CtrlLinStateStartLate=started,9,36.298,NORMAL,-23.41,TRUE,FALSE,,1361,Normal
75,Radio 2271 B0C,CN3A178828,9/3/2025 8:58,Normal,nff_issues,,supervision,116,BF,TRUE,TRUE,on,82,49.03,39.5,141,CtrlGainStateTuned=started,47886,-14.51,TRUE,-20,,,NA,lin-sv-high-freq-fault,40,TRUE,TRUE,,-9.54,TRUE,5,-950,TRUE,DPD_STATUS_OK,,-10.99,FALSE,TRUE,80,49,48355,,CtrlLinStateStartLate=started,9,48.7873,NORMAL,-14.31,TRUE,FALSE,,1364,Normal
76,Radio 2271 B0C,CN3A178828,9/3/2025 8:59,Normal,nff_issues,,supervision,116,BF,TRUE,TRUE,on,79,49.03,39.6,148,CtrlGainStateTuned=started,47902,-24.21,TRUE,-40,,,NA,lin-sv-high-freq-fault,40,TRUE,TRUE,,-22.82,TRUE,5,-950,TRUE,DPD_STATUS_OK,,-25.58,FALSE,TRUE,80,49,48339,,CtrlLinStateStartLate=started,9,35.3089,NORMAL,-23.33,TRUE,FALSE,,1370,Normal
77,Radio 2271 B0C,CN3A178828,9/3/2025 8:59,Normal,nff_issues,,supervision,121,BF,TRUE,TRUE,on,80,49.03,39.7,139,CtrlGainStateTuned=started,47921,-12.52,FALSE,0,,,NA,lin-sv-high-freq-fault,40,TRUE,TRUE,,-8.43,TRUE,7,-950,TRUE,DPD_STATUS_OK,,-10.86,TRUE,TRUE,80,50,48304,,CtrlLinStateStarted=started,9,50.1016,NORMAL,-12.56,TRUE,FALSE,,1282,Normal
78,Radio 2271 B0C,CN3A178828,9/3/2025 8:59,Normal,nff_issues,,supervision,118,BF,TRUE,TRUE,on,81,49.03,39.6,151,CtrlGainStateTuned=started,47921,-22.83,TRUE,-60,,,NA,lin-sv-high-freq-fault,40,TRUE,TRUE,,-21.54,TRUE,5,-950,TRUE,DPD_STATUS_OK,,-24.74,FALSE,TRUE,80,50,48304,,CtrlLinStateStartLate=started,9,36.3919,NORMAL,-22.65,TRUE,FALSE,,1391,Normal
79,Radio 2271 B0C,CN3A178828,9/3/2025 8:59,Normal,nff_issues,,supervision,114,BF,TRUE,TRUE,on,80,49.03,39.5,157,CtrlGainStateTuned=started,47957,-27.02,TRUE,-80,,,NA,lin-sv-high-freq-fault,40,TRUE,TRUE,,-26.26,TRUE,5,-950,TRUE,DPD_STATUS_OK,,-32.69,FALSE,TRUE,80,50,48339,,CtrlLinStateStartLate=started,9,31.4748,NORMAL,-29.3,TRUE,FALSE,,1409,Normal
80,Radio 2271 B0C,CN3A178828,9/3/2025 8:59,Normal,nff_issues,,supervision,119,BF,TRUE,TRUE,on,79.5,49.03,39.3,144,CtrlGainStateTuned=started,47999.5,-16.96,FALSE,-20,,,NA,lin-sv-high-freq-fault,40,TRUE,TRUE,,-15.38,TRUE,5,-950,TRUE,DPD_STATUS_OK,,-18.83,TRUE,TRUE,80,49.5,48329.5,,CtrlLinStateStarted=started,9,42.9488,NORMAL,-17.08,TRUE,FALSE,,1294,Normal
81,Radio 2271 B0C,CN3A178828,9/3/2025 8:59,Normal,nff_issues,,supervision,119,BF,TRUE,TRUE,on,79.5,49.03,39.3,144,CtrlGainStateTuned=started,48007,-24.69,TRUE,-100,,,NA,lin-sv-high-freq-fault,40,TRUE,TRUE,,-23.55,TRUE,5,-950,TRUE,DPD_STATUS_OK,,-27.97,FALSE,TRUE,80,49.5,48355,,CtrlLinStateStartLate=started,9,33.9808,NORMAL,-25.52,TRUE,FALSE,,1445,Normal
82,Radio 2271 B0C,CN3A178828,9/3/2025 9:00,Normal,nff_issues,,supervision,127,BF,TRUE,TRUE,on,79,49.03,39.3,165,CtrlGainStateTuned=started,47929,-13.48,TRUE,-120,,,NA,lin-sv-high-freq-fault,40,TRUE,TRUE,,-10.12,TRUE,5,-950,TRUE,DPD_STATUS_OK,,-12.54,FALSE,TRUE,80,49,48329.5,,CtrlLinStateStartLate=started,9,47.2084,NORMAL,-13.37,TRUE,FALSE,,1463,Normal
83,Radio 2271 B0C,CN3A178828,9/3/2025 9:00,Normal,nff_issues,,supervision,,BF,TRUE,TRUE,on,,49.03,39.3,,CtrlGainStateTuned=started,47886,-12.54,FALSE,-40,,,NA,lin-sv-high-freq-fault,40,TRUE,TRUE,,-11.15,TRUE,5,-950,TRUE,DPD_STATUS_OK,,-14.54,FALSE,TRUE,80,,48355,,CtrlLinStateStartLate=started,9,46.9848,NORMAL,-12.5,TRUE,FALSE,,1294,Normal
84,Radio 2271 B0C,CN3A178828,9/3/2025 9:36,Normal,nff_issues,,supervision,127,BF,TRUE,TRUE,on,79,49.03,40.9,147.5,CtrlGainStateTuned=started,47911.5,-29.53,TRUE,0,,,NA,lin-sv-high-freq-fault,40,TRUE,TRUE,,-29.25,TRUE,7,-950,TRUE,DPD_STATUS_OK,,-31.3,FALSE,TRUE,80,49.5,48234,,CtrlLinStateStartLate=started,9,29.282,NORMAL,-27.16,TRUE,FALSE,,1289,Normal
85,Radio 2271 B0C,CN3A178828,9/3/2025 9:36,Normal,nff_issues,,supervision,127,BF,TRUE,TRUE,on,79,49.03,41.1,147.5,CtrlGainStateTuned=started,47886,-20.23,TRUE,0,,,NA,lin-sv-high-freq-fault,40,TRUE,TRUE,,-16.7,TRUE,7,-950,TRUE,DPD_STATUS_OK,,-19.19,FALSE,TRUE,80,49.5,48269,,CtrlLinStateStartLate=started,9,41.826,NORMAL,-20.19,TRUE,FALSE,,1249,Normal
86,Radio 2271 B0C,CN3A178828,9/3/2025 9:36,Normal,nff_issues,,supervision,133,BF,TRUE,TRUE,on,80,49.03,41.2,161,CtrlGainStateTuned=started,48007,-25.06,TRUE,-20,,,NA,lin-sv-high-freq-fault,40,TRUE,TRUE,,-23.89,TRUE,5,-950,TRUE,DPD_STATUS_OK,,-26.6,FALSE,TRUE,80,51,48234,,CtrlLinStateStartLate=started,9,34.4408,NORMAL,-23.91,TRUE,FALSE,,1349,Normal
87,Radio 2271 B0C,CN3A178828,9/3/2025 9:36,Normal,nff_issues,,supervision,125,BF,TRUE,TRUE,on,80,49.03,41.5,140,CtrlGainStateTuned=started,47902,-11.6,TRUE,-20,,,NA,lin-sv-high-freq-fault,40,TRUE,TRUE,,-5.27,TRUE,5,-950,TRUE,DPD_STATUS_OK,,-6.73,FALSE,TRUE,80,50,48269,,CtrlLinStateStartLate=started,9,53.0606,NORMAL,-11.36,TRUE,FALSE,,1288,Normal
88,Radio 2271 B0C,CN3A178828,9/3/2025 9:36,Normal,nff_issues,,supervision,134,BF,TRUE,TRUE,on,81,49.03,40.9,161,CtrlGainStateTuned=started,47871,-21.7,TRUE,-40,,,NA,lin-sv-high-freq-fault,40,TRUE,TRUE,,-20.8,TRUE,5,-950,TRUE,DPD_STATUS_OK,,-23.47,FALSE,TRUE,80,50,48425,,CtrlLinStateStartLate=started,9,37.3273,NORMAL,-20.92,TRUE,FALSE,,1367,Normal
89,Radio 2271 B0C,CN3A178828,9/3/2025 9:37,Normal,nff_issues,,supervision,127.5,BF,TRUE,TRUE,on,79.5,49.03,41.5,152.5,CtrlGainStateTuned=started,47851,-13.01,TRUE,-60,,,NA,lin-sv-high-freq-fault,40,TRUE,TRUE,,-10.84,TRUE,5,-950,TRUE,DPD_STATUS_OK,,-13.4,FALSE,TRUE,80,49,48312,,CtrlLinStateStartLate=started,9,47.0902,NORMAL,-12.93,TRUE,FALSE,,1388,Normal
90,Radio 2271 B0C,CN3A178828,9/3/2025 9:37,Normal,nff_issues,,supervision,127.5,BF,TRUE,TRUE,on,79.5,49.03,41.2,152.5,CtrlGainStateTuned=started,47851,-12.22,TRUE,-40,,,NA,lin-sv-high-freq-fault,40,TRUE,TRUE,,-6.37,TRUE,5,-950,TRUE,DPD_STATUS_OK,,-8.59,FALSE,TRUE,80,49,48304,,CtrlLinStateStartLate=started,9,51.7646,NORMAL,-12.24,TRUE,FALSE,,1285,Normal
91,Radio 2271 B0C,CN3A178828,9/3/2025 9:37,Normal,nff_issues,,supervision,132.5,BF,TRUE,TRUE,on,79,49.03,40.9,161,CtrlGainStateTuned=started,47939,-24.88,TRUE,-80,,,NA,lin-sv-high-freq-fault,40,TRUE,TRUE,,-24.03,TRUE,5,-950,TRUE,DPD_STATUS_OK,,-28.3,FALSE,TRUE,80,50,48339.5,,CtrlLinStateStartLate=started,9,33.6982,NORMAL,-24.85,TRUE,FALSE,,1370,Normal
92,Radio 2271 B0C,CN3A178828,9/3/2025 9:37,Normal,nff_issues,,supervision,132.5,BF,TRUE,TRUE,on,79,49.03,40.9,161,CtrlGainStateTuned=started,47957,-12.72,TRUE,-60,,,NA,lin-sv-high-freq-fault,40,TRUE,TRUE,,-8.76,TRUE,5,-950,TRUE,DPD_STATUS_OK,,-11.21,FALSE,TRUE,80,50,48375,,CtrlLinStateStartLate=started,9,49.1707,NORMAL,-12.58,TRUE,FALSE,,1324,Normal
93,Radio 2271 B0C,CN3A178828,9/3/2025 9:37,Normal,nff_issues,,supervision,128,BF,TRUE,TRUE,on,80,49.03,40.9,159,CtrlGainStateTuned=started,47886,-25.55,TRUE,-100,,,NA,lin-sv-high-freq-fault,40,TRUE,TRUE,,-24.29,TRUE,5,-950,TRUE,DPD_STATUS_OK,,-27.57,FALSE,TRUE,80,50,48339,,CtrlLinStateStartLate=started,9,33.242,NORMAL,-25.23,TRUE,FALSE,,1391,Normal
94,Radio 2271 B0C,CN3A178828,9/3/2025 10:40,Normal,nff_issues,,supervision,122,BF,TRUE,TRUE,on,82,49.03,39.1,145,CtrlGainStateTuned=started,47886,-26.18,FALSE,0,,,NA,lin-sv-high-freq-fault,40,TRUE,TRUE,,-23.26,TRUE,7,-950,TRUE,DPD_STATUS_OK,,-27.42,FALSE,TRUE,80,50,48425,,CtrlLinStateStartLate=started,9,35.2678,NORMAL,-26.59,TRUE,FALSE,,1349,Normal
95,Radio 2271 B0C,CN3A178828,9/3/2025 10:40,Normal,nff_issues,,supervision,120,BF,TRUE,TRUE,on,80,49.03,39.2,138,CtrlGainStateTuned=started,47851,-19.64,FALSE,0,,,NA,lin-sv-high-freq-fault,40,TRUE,TRUE,,-16.04,TRUE,7,-950,TRUE,DPD_STATUS_OK,,-18.49,TRUE,TRUE,80,49,48285,,CtrlLinStateStarted=started,9,42.4892,NORMAL,-19.26,TRUE,FALSE,,1252,Normal
96,Radio 2271 B0C,CN3A178828,9/3/2025 10:41,Normal,nff_issues,,supervision,119,BF,TRUE,TRUE,on,80,49.03,39.4,146,CtrlGainStateTuned=started,47921,-25.57,FALSE,-20,,,NA,lin-sv-high-freq-fault,40,TRUE,TRUE,,-22.56,TRUE,5,-950,TRUE,DPD_STATUS_OK,,-25.65,FALSE,TRUE,80,49,48269,,CtrlLinStateStartLate=started,9,35.7694,NORMAL,-25.07,TRUE,FALSE,,1361,Normal
97,Radio 2271 B0C,CN3A178828,9/3/2025 10:41,Normal,nff_issues,,supervision,124,BF,TRUE,TRUE,on,80,49.03,39.5,140,CtrlGainStateTuned=started,47851,-16.14,FALSE,-20,,,NA,lin-sv-high-freq-fault,40,TRUE,TRUE,,-17.46,TRUE,5,-950,TRUE,DPD_STATUS_OK,,-20.35,FALSE,TRUE,80,50,48355,,CtrlLinStateStartLate=started,9,40.8717,NORMAL,-15.99,TRUE,FALSE,,1282,Normal
98,Radio 2271 B0C,CN3A178828,9/3/2025 10:41,Normal,nff_issues,,supervision,115,BF,TRUE,TRUE,on,80,49.03,39.5,137,CtrlGainStateTuned=started,47902,-22.35,FALSE,-40,,,NA,lin-sv-high-freq-fault,40,TRUE,TRUE,,-19.49,TRUE,5,-950,TRUE,DPD_STATUS_OK,,-23.31,FALSE,TRUE,80,50,48339,,CtrlLinStateStartLate=started,9,38.6435,NORMAL,-22.73,TRUE,FALSE,,1397,Normal
99,Radio 2271 B0C,CN3A178828,9/3/2025 10:41,Normal,nff_issues,,supervision,124,BF,TRUE,TRUE,on,80,49.03,39.5,148,CtrlGainStateTuned=started,47902,-18.52,FALSE,-40,,,NA,lin-sv-high-freq-fault,40,TRUE,TRUE,,-11.73,TRUE,5,-950,TRUE,DPD_STATUS_OK,,-14.02,FALSE,TRUE,80,50,48339,,CtrlLinStateStartLate=started,9,46.3996,NORMAL,-18.85,TRUE,FALSE,,1333,Normal
100,Radio 2271 B0C,CN3A178828,9/3/2025 10:42,Normal,nff_issues,,supervision,115,BF,TRUE,TRUE,on,80,49.03,39.6,143,CtrlGainStateTuned=started,47937,-25.84,FALSE,-60,,,NA,lin-sv-high-freq-fault,40,TRUE,TRUE,,-22.93,TRUE,5,-950,TRUE,DPD_STATUS_OK,,-26.18,FALSE,TRUE,80,49,48339,,CtrlLinStateStartLate=started,9,34.9986,NORMAL,-25.8,TRUE,FALSE,,1400,Normal
101,Radio 2271 B0C,CN3A178828,9/3/2025 10:42,Normal,nff_issues,,supervision,119.5,BF,TRUE,TRUE,on,81.5,49.03,39.3,143,CtrlGainStateTuned=started,47919.5,-22.84,FALSE,-80,,,NA,lin-sv-high-freq-fault,40,TRUE,TRUE,,-18.9,TRUE,5,-950,TRUE,DPD_STATUS_OK,,-22.23,FALSE,TRUE,80,50,48285,,CtrlLinStateStartLate=started,9,38.8283,NORMAL,-23.04,TRUE,FALSE,,1433,Normal
102,Radio 2271 B0C,CN3A178828,9/3/2025 10:42,Normal,nff_issues,,supervision,119.5,BF,TRUE,TRUE,on,81.5,49.03,39.2,143,CtrlGainStateTuned=started,47937,-17.15,FALSE,-60,,,NA,lin-sv-high-freq-fault,40,TRUE,TRUE,,-10.32,TRUE,5,-950,TRUE,DPD_STATUS_OK,,-13.08,TRUE,TRUE,80,50,48285,,CtrlLinStateStarted=started,9,47.6064,NORMAL,-17.3,TRUE,FALSE,,1327,Normal
103,Radio 2271 B0C,CN3A178828,9/3/2025 10:42,Normal,nff_issues,,supervision,117,BF,TRUE,TRUE,on,81,49.03,39.1,138,CtrlGainStateTuned=started,47851,-21.68,FALSE,-100,,,TOR_ADC_ERR,lin-sv-high-freq-fault,40,TRUE,TRUE,,-18.42,TRUE,5,-950,TRUE,DPD_STATUS_OK,,-21.09,FALSE,TRUE,80,50,48355,,CtrlLinStateStartLate=started,9,39.1052,NORMAL,-21.73,TRUE,FALSE,,1469,Normal
104,Radio 2271 B0C,CN3A178828,9/3/2025 10:59,Normal,nff_issues,,supervision,122.5,BF,TRUE,TRUE,on,80,49.03,37.9,139.5,CtrlGainStateTuned=started,47876.5,-16.49,FALSE,0,,,TOR_ADC_ERR,lin-sv-high-freq-fault,40,TRUE,TRUE,,-16.35,TRUE,5,-950,TRUE,DPD_STATUS_OK,,-19.7,FALSE,TRUE,80,50,48337.5,,CtrlLinStateStartLate=started,9,42.1759,NORMAL,-16.56,TRUE,FALSE,,926,Normal
105,Radio 2271 B0C,CN3A178828,9/3/2025 11:00,Normal,nff_issues,,supervision,122.5,BF,TRUE,TRUE,on,80,49.03,38.4,139.5,CtrlGainStateTuned=started,47902,-19.61,FALSE,0,,,NA,lin-sv-high-freq-fault,40,TRUE,TRUE,,-15.46,TRUE,5,-950,TRUE,DPD_STATUS_OK,,-20.65,FALSE,TRUE,80,50,48320,,CtrlLinStateStartLate=started,9,43.0705,NORMAL,-19.75,TRUE,FALSE,,892,Normal
106,Radio 2271 B0C,CN3A178828,9/3/2025 11:00,Normal,nff_issues,,supervision,125.5,BF,TRUE,TRUE,on,80,49.03,38.2,144,CtrlGainStateTuned=started,47851,-22.8,FALSE,-20,,,TOR_ADC_ERR,lin-sv-high-freq-fault,40,TRUE,TRUE,,-19.74,TRUE,5,-950,TRUE,DPD_STATUS_OK,,-25.51,FALSE,TRUE,80,49.5,48365,,CtrlLinStateStartLate=started,9,38.5904,NORMAL,-22.97,TRUE,FALSE,,1010,Normal
107,Radio 2271 B0C,CN3A178828,9/3/2025 11:00,Normal,nff_issues,,supervision,126,BF,TRUE,TRUE,on,79,49.03,39.1,137,CtrlGainStateTuned=started,47851,-12.95,FALSE,-20,,,TOR_ADC_ERR,lin-sv-high-freq-fault,40,TRUE,TRUE,,-7.99,TRUE,5,-950,TRUE,DPD_STATUS_OK,,-10.66,FALSE,TRUE,80,50,48355,,CtrlLinStateStartLate=started,9,50.3434,NORMAL,-13.05,TRUE,FALSE,,922,Normal
108,Radio 2271 B0C,CN3A178828,9/3/2025 11:00,Normal,nff_issues,,supervision,145,BF,TRUE,TRUE,on,80,49.03,38.4,150,CtrlGainStateTuned=started,47947,-22.12,FALSE,-40,,,TOR_ADC_ERR,lin-sv-high-freq-fault,40,TRUE,TRUE,,-18.7,TRUE,5,-950,TRUE,DPD_STATUS_OK,,-25.93,FALSE,TRUE,80,50.5,48320,,CtrlLinStateStartLate=started,9,39.4259,NORMAL,-22.77,TRUE,FALSE,,1022,Normal
109,Radio 2271 B0C,CN3A178828,9/3/2025 11:00,Normal,nff_issues,,supervision,145,BF,TRUE,TRUE,on,80,49.03,39.6,150,CtrlGainStateTuned=started,47947,-12.67,FALSE,-40,,,NA,lin-sv-high-freq-fault,40,TRUE,TRUE,,-7.48,TRUE,5,-950,TRUE,DPD_STATUS_OK,,-9.39,FALSE,TRUE,80,50.5,48320,,CtrlLinStateStartLate=started,9,50.6475,NORMAL,-12.72,TRUE,FALSE,,937,Normal
110,Radio 2271 B0C,CN3A178828,9/3/2025 11:01,Normal,nff_issues,,ramping timeout.,152,BF,TRUE,TRUE,off,81,49.03,38.3,154,CtrlGainStateRamping=paused,48007,-33.14,FALSE,-60,,,TOR_ADC_ERR,lin-ramping,40,TRUE,TRUE,,-22.24,TRUE,4,-950,TRUE,DPD_STATUS_OK,,-1000,FALSE,TRUE,80,50,48285,,ns=stopped,9,0,NORMAL,-1000,TRUE,FALSE,,1943,Normal
111,Radio 2271 B0C,CN3A178828,9/3/2025 11:01,Normal,nff_issues,,ramping timeout.,151,BF,TRUE,TRUE,off,82,49.03,38.3,154,CtrlGainStateRamping=paused,47851,-20.39,FALSE,-180,,,TOR_ADC_ERR,lin-ramping,40,TRUE,TRUE,,-23.03,TRUE,0,-950,TRUE,DPD_STATUS_OK,,-23.26,FALSE,TRUE,80,50,48304,,ns=stopped,9,33.6972,NORMAL,-19.28,TRUE,FALSE,,1976,Normal
112,Radio 2271 B0C,CN3A178828,9/3/2025 13:29,Normal,nff_issues,,supervision,128,BF,TRUE,TRUE,on,84,49.03,34.8,149,CtrlGainStateTuned=started,47992,-25.94,TRUE,0,,,NA,lin-sv-high-freq-fault,40,TRUE,TRUE,,-24.12,TRUE,5,-950,TRUE,DPD_STATUS_OK,,-26.71,FALSE,TRUE,80,51,48250,,CtrlLinStateStartLate=started,9,34.4095,NORMAL,-24.97,TRUE,FALSE,,1451,Normal
113,Radio 2271 B0C,CN3A178828,9/3/2025 13:30,Normal,nff_issues,,supervision,119,BF,TRUE,TRUE,on,83,49.03,34.8,141.5,CtrlGainStateTuned=started,47904,-20.24,TRUE,0,,,NA,lin-sv-high-freq-fault,40,TRUE,TRUE,,-13.04,TRUE,5,-950,TRUE,DPD_STATUS_OK,,-15,FALSE,TRUE,80,51,48329.5,,CtrlLinStateStartLate=started,9,45.4916,NORMAL,-20.19,TRUE,FALSE,,1363,Normal
114,Radio 2271 B0C,CN3A178828,9/3/2025 13:30,Normal,nff_issues,,supervision,119,BF,TRUE,TRUE,on,83,49.03,34.5,141.5,CtrlGainStateTuned=started,47957,-23.11,TRUE,-20,,,NA,lin-sv-high-freq-fault,40,TRUE,TRUE,,-20.17,TRUE,5,-950,TRUE,DPD_STATUS_OK,,-23.98,FALSE,TRUE,80,51,48304,,CtrlLinStateStartLate=started,9,38.1637,NORMAL,-23.26,TRUE,FALSE,,1472,Normal
115,Radio 2271 B0C,CN3A178828,9/3/2025 13:30,Normal,nff_issues,,supervision,121,BF,TRUE,TRUE,on,84,49.03,34.7,151,CtrlGainStateTuned=started,47921,-20.43,TRUE,-40,,,NA,lin-sv-high-freq-fault,40,TRUE,TRUE,,-17.41,TRUE,5,-950,TRUE,DPD_STATUS_OK,,-21.45,FALSE,TRUE,80,51,48390,,CtrlLinStateStartLate=started,9,40.7168,NORMAL,-20.82,TRUE,FALSE,,1487,Normal
116,Radio 2271 B0C,CN3A178828,9/3/2025 13:30,Normal,nff_issues,,supervision,114,BF,TRUE,TRUE,on,83,49.03,34.8,134,CtrlGainStateTuned=started,47851,-18.43,TRUE,-20,,,NA,lin-sv-high-freq-fault,40,TRUE,TRUE,,-10.37,TRUE,5,-950,TRUE,DPD_STATUS_OK,,-11.08,FALSE,TRUE,80,50,48304,,CtrlLinStateStartLate=started,9,47.9632,NORMAL,-17.55,TRUE,FALSE,,1399,Normal
117,Radio 2271 B0C,CN3A178828,9/3/2025 13:30,Normal,nff_issues,,supervision,129,BF,TRUE,TRUE,on,84,49.03,34.7,150,CtrlGainStateTuned=started,47816,-22.57,TRUE,-60,,,NA,lin-sv-high-freq-fault,40,TRUE,TRUE,,-20.47,TRUE,5,-950,TRUE,DPD_STATUS_OK,,-23.83,FALSE,TRUE,80,51,48375,,CtrlLinStateStartLate=started,9,37.4601,NORMAL,-22.6,TRUE,FALSE,,1511,Normal
118,Radio 2271 B0C,CN3A178828,9/3/2025 13:30,Normal,nff_issues,,supervision,126,BF,TRUE,TRUE,on,84,49.03,34.7,148,CtrlGainStateTuned=started,47989.5,-22.28,TRUE,-80,,,NA,lin-sv-high-freq-fault,40,TRUE,TRUE,,-20.81,TRUE,5,-950,TRUE,DPD_STATUS_OK,,-24.23,FALSE,TRUE,80,51,48407.5,,CtrlLinStateStartLate=started,9,36.9194,NORMAL,-22.2,TRUE,FALSE,,1535,Normal
119,Radio 2271 B0C,CN3A178828,9/3/2025 13:31,Normal,nff_issues,,supervision,,BF,TRUE,TRUE,on,,49.03,34.7,,CtrlGainStateTuned=started,48007,-19.88,TRUE,-40,,,NA,lin-sv-high-freq-fault,40,TRUE,TRUE,,-14.13,TRUE,5,-950,TRUE,DPD_STATUS_OK,,-16.62,FALSE,TRUE,80,,48425,,CtrlLinStateStartLate=started,9,44.0037,NORMAL,-19.98,TRUE,FALSE,,1426,Normal
120,Radio 2271 B0C,CN3A178828,9/3/2025 13:31,Normal,nff_issues,,supervision,128,BF,TRUE,TRUE,on,84,49.03,34.7,150,CtrlGainStateTuned=started,47851,-26.85,TRUE,-100,,,NA,lin-sv-high-freq-fault,40,TRUE,TRUE,,-25.56,TRUE,5,-950,TRUE,DPD_STATUS_OK,,-31.96,FALSE,TRUE,80,51,48390,,CtrlLinStateStartLate=started,9,31.9713,NORMAL,-29.28,TRUE,FALSE,,1553,Normal
121,Radio 2271 B0C,CN3A178828,9/3/2025 13:31,Normal,nff_issues,,supervision,117.5,BF,TRUE,TRUE,on,84,49.03,34.7,147.5,CtrlGainStateTuned=started,47868.5,-20.3,TRUE,-120,,,NA,lin-sv-high-freq-fault,40,TRUE,TRUE,,-19.02,TRUE,5,-950,TRUE,DPD_STATUS_OK,,-22.36,FALSE,TRUE,80,51.5,48304,,CtrlLinStateStartLate=started,9,38.3108,NORMAL,-19.93,TRUE,FALSE,,1571,Normal
122,Radio 2271 B0C,CN3A178828,9/3/2025 13:59,Normal,nff_issues,,supervision,116,BF,TRUE,TRUE,on,82,49.03,35.4,142.5,CtrlGainStateTuned=started,47894,-23.38,FALSE,0,,,NA,lin-sv-high-freq-fault,40,TRUE,TRUE,,-19.96,TRUE,5,-950,TRUE,DPD_STATUS_OK,,-22.73,FALSE,TRUE,80,49.5,48372.5,,CtrlLinStateStartLate=started,9,38.5669,NORMAL,-23.28,TRUE,FALSE,,1412,Normal
123,Radio 2271 B0C,CN3A178828,9/3/2025 13:59,Normal,nff_issues,,supervision,116,BF,TRUE,TRUE,on,82,49.03,35.4,142.5,CtrlGainStateTuned=started,47886,-12.06,FALSE,0,,,NA,lin-sv-high-freq-fault,40,TRUE,TRUE,,-7.31,TRUE,5,-950,TRUE,DPD_STATUS_OK,,-9.23,FALSE,TRUE,80,49.5,48425,,CtrlLinStateStartLate=started,9,51.2205,NORMAL,-12.15,TRUE,FALSE,,1327,Normal
124,Radio 2271 B0C,CN3A178828,9/3/2025 14:00,Normal,nff_issues,,supervision,117,BF,TRUE,TRUE,on,81.5,49.03,35.6,138.5,CtrlGainStateTuned=started,47974.5,-20.21,FALSE,-20,,,NA,lin-sv-high-freq-fault,40,TRUE,TRUE,,-7.08,TRUE,5,-950,TRUE,DPD_STATUS_OK,,-8.87,FALSE,TRUE,80,49.5,48390,,CtrlLinStateStartLate=started,9,51.2452,NORMAL,-20.16,TRUE,FALSE,,1339,Normal
125,Radio 2271 B0C,CN3A178828,9/3/2025 14:00,Normal,nff_issues,,supervision,109,BF,TRUE,TRUE,on,83,49.03,35.6,125,CtrlGainStateTuned=started,47957,-13.4,FALSE,-20,,,NA,lin-sv-high-freq-fault,40,TRUE,TRUE,,-10.1,TRUE,5,-950,TRUE,DPD_STATUS_OK,,-11.95,FALSE,TRUE,80,50,48425,,CtrlLinStateStartLate=started,9,48.2264,NORMAL,-13.32,TRUE,FALSE,,1445,Normal
126,Radio 2271 B0C,CN3A178828,9/3/2025 14:00,Normal,nff_issues,,supervision,118,BF,TRUE,TRUE,on,82,49.03,35.8,149,CtrlGainStateTuned=started,47886,-20.13,FALSE,-40,,,NA,lin-sv-high-freq-fault,40,TRUE,TRUE,,-14.03,TRUE,5,-950,TRUE,DPD_STATUS_OK,,-17.85,FALSE,TRUE,80,51,48337.5,,CtrlLinStateStartLate=started,9,44.1042,NORMAL,-20.45,TRUE,FALSE,,1378,Normal
127,Radio 2271 B0C,CN3A178828,9/3/2025 14:00,Normal,nff_issues,,supervision,,BF,TRUE,TRUE,on,,49.03,35.8,,CtrlGainStateTuned=started,47851,-24.32,FALSE,-40,,,NA,lin-sv-high-freq-fault,40,TRUE,TRUE,,-21.81,TRUE,5,-950,TRUE,DPD_STATUS_OK,,-24.2,FALSE,TRUE,80,,48390,,CtrlLinStateStartLate=started,9,36.3171,NORMAL,-23.44,TRUE,FALSE,,1466,Normal
128,Radio 2271 B0C,CN3A178828,9/3/2025 14:00,Normal,nff_issues,,supervision,116,BF,TRUE,TRUE,on,80,49.03,35.9,147,CtrlGainStateTuned=started,47886,-19.64,FALSE,-60,,,NA,lin-sv-high-freq-fault,40,TRUE,TRUE,,-13.21,TRUE,5,-950,TRUE,DPD_STATUS_OK,,-15.5,FALSE,TRUE,80,50,48375,,CtrlLinStateStartLate=started,9,44.7201,NORMAL,-19.46,TRUE,FALSE,,1414,Normal
129,Radio 2271 B0C,CN3A178828,9/3/2025 14:00,Normal,nff_issues,,supervision,114,BF,TRUE,TRUE,on,84,49.03,35.8,147,CtrlGainStateTuned=started,47902,-22.81,FALSE,-60,,,NA,lin-sv-high-freq-fault,40,TRUE,TRUE,,-18.36,TRUE,5,-950,TRUE,DPD_STATUS_OK,,-20.82,FALSE,TRUE,80,51,48410,,CtrlLinStateStartLate=started,9,39.5709,NORMAL,-22.8,TRUE,FALSE,,1493,Normal
130,Radio 2271 B0C,CN3A178828,9/3/2025 14:00,Normal,nff_issues,,supervision,118,BF,TRUE,TRUE,on,82,49.03,35.8,152,CtrlGainStateTuned=started,47851,-19.77,FALSE,-80,,,NA,lin-sv-high-freq-fault,40,TRUE,TRUE,,-14.41,TRUE,5,-950,TRUE,DPD_STATUS_OK,,-15.61,FALSE,TRUE,80,50,48339,,CtrlLinStateStartLate=started,9,43.3227,NORMAL,-19.43,TRUE,FALSE,,1414,Normal
131,Radio 2271 B0C,CN3A178828,9/3/2025 14:01,Normal,nff_issues,,supervision,111,BF,TRUE,TRUE,on,84,49.03,35.7,145,CtrlGainStateTuned=started,47835,-23.97,FALSE,-80,,,NA,lin-sv-high-freq-fault,40,TRUE,TRUE,,-19.46,TRUE,5,-950,TRUE,DPD_STATUS_OK,,-24.2,FALSE,TRUE,80,50,48375,,CtrlLinStateStartLate=started,9,38.2734,NORMAL,-25.7,TRUE,FALSE,,1517,Normal
132,Radio 2271 B0C,CN3A178828,9/3/2025 14:30,Normal,nff_issues,,supervision,110,BF,TRUE,TRUE,on,83,49.03,34,137,CtrlGainStateTuned=started,47904,-12.11,TRUE,0,,,NA,lin-sv-high-freq-fault,40,TRUE,TRUE,,-7.48,TRUE,5,-950,TRUE,DPD_STATUS_OK,,-9.66,FALSE,TRUE,80,50,48251.5,,CtrlLinStateStartLate=started,9,51.0537,NORMAL,-12.16,TRUE,FALSE,,1360,Normal
133,Radio 2271 B0C,CN3A178828,9/3/2025 14:30,Normal,nff_issues,,supervision,109,BF,TRUE,TRUE,on,84,49.03,34.1,147,CtrlGainStateTuned=started,47921,-25.27,FALSE,-20,,,NA,lin-sv-high-freq-fault,40,TRUE,TRUE,,-21.28,TRUE,5,-950,TRUE,DPD_STATUS_OK,,-25.38,FALSE,TRUE,80,50,48339,,CtrlLinStateStartLate=started,9,37.0467,NORMAL,-26.55,TRUE,FALSE,,1484,Normal
134,Radio 2271 B0C,CN3A178828,9/3/2025 14:30,Normal,nff_issues,,supervision,113,BF,TRUE,TRUE,on,83,49.03,34.3,133,CtrlGainStateTuned=started,47957,-16.99,TRUE,-20,,,NA,lin-sv-high-freq-fault,40,TRUE,TRUE,,-13.79,TRUE,5,-950,TRUE,DPD_STATUS_OK,,-18.83,TRUE,TRUE,80,51,48375,,CtrlLinStateStarted=started,9,44.5388,NORMAL,-17.33,TRUE,FALSE,,1405,Normal
135,Radio 2271 B0C,CN3A178828,9/3/2025 14:31,Normal,nff_issues,,supervision,108,BF,TRUE,TRUE,on,84,49.03,34.2,141,CtrlGainStateTuned=started,47921,-22.82,FALSE,-40,,,NA,lin-sv-high-freq-fault,40,TRUE,TRUE,,-18.54,TRUE,5,-950,TRUE,DPD_STATUS_OK,,-20.76,FALSE,TRUE,80,51,48339,,CtrlLinStateStartLate=started,9,39.5933,NORMAL,-22.87,TRUE,FALSE,,1496,Normal
136,Radio 2271 B0C,CN3A178828,9/3/2025 14:31,Normal,nff_issues,,supervision,110,BF,TRUE,TRUE,on,84,49.03,34.2,141.5,CtrlGainStateTuned=started,47947,-20.34,TRUE,-40,,,NA,lin-sv-high-freq-fault,40,TRUE,TRUE,,-16.87,TRUE,5,-950,TRUE,DPD_STATUS_OK,,-19.37,FALSE,TRUE,80,50.5,48415.5,,CtrlLinStateStartLate=started,9,41.2627,NORMAL,-20.1,TRUE,FALSE,,1426,Normal
137,Radio 2271 B0C,CN3A178828,9/3/2025 14:31,Normal,nff_issues,,supervision,110,BF,TRUE,TRUE,on,84,49.03,34.1,141.5,CtrlGainStateTuned=started,47902,-21.45,FALSE,-60,,,NA,lin-sv-high-freq-fault,40,TRUE,TRUE,,-17.87,TRUE,5,-950,TRUE,DPD_STATUS_OK,,-22.98,FALSE,TRUE,80,50.5,48441,,CtrlLinStateStartLate=started,9,40.0563,NORMAL,-24.56,TRUE,FALSE,,1523,Normal
138,Radio 2271 B0C,CN3A178828,9/3/2025 14:31,Normal,nff_issues,,supervision,108.5,BF,TRUE,TRUE,on,83.5,49.03,34.5,143.5,CtrlGainStateTuned=started,47903.5,-13,TRUE,-60,,,NA,lin-sv-high-freq-fault,40,TRUE,TRUE,,-6.55,TRUE,5,-950,TRUE,DPD_STATUS_OK,,-8.36,FALSE,TRUE,80,50.5,48330,,CtrlLinStateStartLate=started,9,51.383,NORMAL,-13.14,TRUE,FALSE,,1432,Normal
139,Radio 2271 B0C,CN3A178828,9/3/2025 14:31,Normal,nff_issues,,supervision,108.5,BF,TRUE,TRUE,on,83.5,49.03,34.2,143.5,CtrlGainStateTuned=started,47886,-12.6,FALSE,-80,,,NA,lin-sv-high-freq-fault,40,TRUE,TRUE,,-8.73,TRUE,5,-950,TRUE,DPD_STATUS_OK,,-10.73,FALSE,TRUE,80,50.5,48375,,CtrlLinStateStartLate=started,9,49.005,NORMAL,-12.64,TRUE,FALSE,,1511,Normal
140,Radio 2271 B0C,CN3A178828,9/3/2025 14:32,Normal,nff_issues,,supervision,114.5,BF,TRUE,TRUE,on,82.5,49.03,34.4,143.5,CtrlGainStateTuned=started,47929,-16.48,TRUE,-80,,,NA,lin-sv-high-freq-fault,40,TRUE,TRUE,,-10.34,TRUE,5,-950,TRUE,DPD_STATUS_OK,,-13.25,FALSE,TRUE,80,50.5,48382.5,,CtrlLinStateStartLate=started,9,47.3899,NORMAL,-16.52,TRUE,FALSE,,1429,Normal
141,Radio 2271 B0C,CN3A178828,9/3/2025 15:11,Normal,nff_issues,,supervision,117,BF,TRUE,TRUE,on,83,49.03,34.7,149,CtrlGainStateTuned=started,47851,-23.94,TRUE,0,,,NA,lin-sv-high-freq-fault,40,TRUE,TRUE,,-22.28,TRUE,7,-950,TRUE,DPD_STATUS_OK,,-28.07,FALSE,TRUE,80,50,48269,,CtrlLinStateStartLate=started,9,36.2457,NORMAL,-26.61,TRUE,FALSE,,1457,Normal
142,Radio 2271 B0C,CN3A178828,9/3/2025 15:11,Normal,nff_issues,,supervision,115,BF,TRUE,TRUE,on,82,49.03,34.6,135,CtrlGainStateTuned=started,47921,-19.82,TRUE,0,,,NA,lin-sv-high-freq-fault,40,TRUE,TRUE,,-14.05,TRUE,7,-950,TRUE,DPD_STATUS_OK,,-25.21,FALSE,TRUE,80,51,48320,,CtrlLinStateStartLate=started,9,44.4827,NORMAL,-21.42,TRUE,FALSE,,1366,Normal
143,Radio 2271 B0C,CN3A178828,9/3/2025 15:11,Normal,nff_issues,,supervision,126,BF,TRUE,TRUE,on,84,49.03,34.6,148,CtrlGainStateTuned=started,47972,-26.82,TRUE,-20,,,NA,lin-sv-high-freq-fault,40,TRUE,TRUE,,-26.11,TRUE,5,-950,TRUE,DPD_STATUS_OK,,-29.78,FALSE,TRUE,80,50,48375,,CtrlLinStateStartLate=started,9,32.221,NORMAL,-26.53,TRUE,FALSE,,1439,Normal
144,Radio 2271 B0C,CN3A178828,9/3/2025 15:11,Normal,nff_issues,,supervision,124,BF,TRUE,TRUE,on,84,49.03,34.6,148,CtrlGainStateTuned=started,47921.5,-22.61,TRUE,-40,,,NA,lin-sv-high-freq-fault,40,TRUE,TRUE,,-21.73,TRUE,5,-950,TRUE,DPD_STATUS_OK,,-25.69,FALSE,TRUE,80,50,48390,,CtrlLinStateStartLate=started,9,36.4042,NORMAL,-22.6,TRUE,FALSE,,1502,Normal
145,Radio 2271 B0C,CN3A178828,9/3/2025 15:11,Normal,nff_issues,,supervision,,BF,TRUE,TRUE,on,,49.03,34.8,,CtrlGainStateTuned=started,47851,-14.45,TRUE,-20,,,NA,lin-sv-high-freq-fault,40,TRUE,TRUE,,-5.15,TRUE,5,-950,TRUE,DPD_STATUS_OK,,-6.78,FALSE,TRUE,80,,48390,,CtrlLinStateStartLate=started,9,53.1836,NORMAL,-14.47,TRUE,FALSE,,1381,Normal
146,Radio 2271 B0C,CN3A178828,9/3/2025 15:11,Normal,nff_issues,,supervision,128,BF,TRUE,TRUE,on,85,49.03,34.8,148,CtrlGainStateTuned=started,47851,-24.42,TRUE,-60,,,NA,lin-sv-high-freq-fault,40,TRUE,TRUE,,-23.43,TRUE,5,-950,TRUE,DPD_STATUS_OK,,-26.41,FALSE,TRUE,80,51,48285,,CtrlLinStateStartLate=started,9,34.5046,NORMAL,-23.59,TRUE,FALSE,,1514,Normal
147,Radio 2271 B0C,CN3A178828,9/3/2025 15:12,Normal,nff_issues,,supervision,118.5,BF,TRUE,TRUE,on,84,49.03,34.8,141.5,CtrlGainStateTuned=started,47946.5,-21.31,TRUE,-80,,,NA,lin-sv-high-freq-fault,40,TRUE,TRUE,,-17.92,TRUE,5,-950,TRUE,DPD_STATUS_OK,,-22.7,FALSE,TRUE,80,50.5,48294.5,,CtrlLinStateStartLate=started,9,39.8127,NORMAL,-24.25,TRUE,FALSE,,1538,Normal
148,Radio 2271 B0C,CN3A178828,9/3/2025 15:12,Normal,nff_issues,,supervision,118.5,BF,TRUE,TRUE,on,84,49.03,34.7,141.5,CtrlGainStateTuned=started,47972,-20.6,TRUE,-40,,,NA,lin-sv-high-freq-fault,40,TRUE,TRUE,,-16.39,TRUE,5,-950,TRUE,DPD_STATUS_OK,,-19.19,TRUE,TRUE,80,50.5,48304,,CtrlLinStateStarted=started,9,41.7351,NORMAL,-20.62,TRUE,FALSE,,1393,Normal
149,Radio 2271 B0C,CN3A178828,9/3/2025 15:12,Normal,nff_issues,,supervision,122,BF,TRUE,TRUE,on,83,49.03,34.7,147,CtrlGainStateTuned=started,47851,-22.08,TRUE,-100,,,NA,lin-sv-high-freq-fault,40,TRUE,TRUE,,-20.59,TRUE,5,-950,TRUE,DPD_STATUS_OK,,-23.21,FALSE,TRUE,80,50,48304,,CtrlLinStateStartLate=started,9,36.9386,NORMAL,-21.58,TRUE,FALSE,,1559,Normal
150,Radio 2271 B0C,CN3A178828,9/3/2025 15:12,Normal,nff_issues,,supervision,114,BF,TRUE,TRUE,on,82,49.03,34.7,139,CtrlGainStateTuned=started,48007,-15.81,TRUE,-60,,,NA,lin-sv-high-freq-fault,40,TRUE,TRUE,,-7.23,TRUE,5,-950,TRUE,DPD_STATUS_OK,,-9.21,FALSE,TRUE,80,51,48320,,CtrlLinStateStartLate=started,9,50.7021,NORMAL,-15.81,TRUE,FALSE,,1405,Normal
151,Radio 2271 B0C,CN3A178828,9/3/2025 16:12,Normal,nff_issues,,supervision,119,BF,TRUE,TRUE,on,79,49.03,34.6,151,CtrlGainStateTuned=started,47851,-12.58,FALSE,0,,,NA,lin-sv-high-freq-fault,40,TRUE,TRUE,,-7.59,TRUE,7,-950,TRUE,DPD_STATUS_OK,,-9.26,FALSE,TRUE,80,49,48320,,CtrlLinStateStartLate=started,9,50.9356,NORMAL,-12.61,TRUE,FALSE,,1354,Normal
152,Radio 2271 B0C,CN3A178828,9/3/2025 16:12,Normal,nff_issues,,supervision,114,BF,TRUE,TRUE,on,84,49.03,34.7,135,CtrlGainStateTuned=started,47886,-23.6,FALSE,0,,,NA,lin-sv-high-freq-fault,40,TRUE,TRUE,,-20.73,TRUE,7,-950,TRUE,DPD_STATUS_OK,,-23.99,FALSE,TRUE,80,50,48269,,CtrlLinStateStartLate=started,9,37.8001,NORMAL,-23.55,TRUE,FALSE,,1439,Normal
153,Radio 2271 B0C,CN3A178828,9/3/2025 16:12,Normal,nff_issues,,supervision,123,BF,TRUE,TRUE,on,80,49.03,34.7,151,CtrlGainStateTuned=started,47886,-18.86,FALSE,-20,,,NA,lin-sv-high-freq-fault,40,TRUE,TRUE,,-7.88,TRUE,5,-950,TRUE,DPD_STATUS_OK,,-9.93,FALSE,TRUE,80,49,48355,,CtrlLinStateStartLate=started,9,50.4518,NORMAL,-18.77,TRUE,FALSE,,1342,Normal
154,Radio 2271 B0C,CN3A178828,9/3/2025 16:13,Normal,nff_issues,,supervision,116,BF,TRUE,TRUE,on,83,49.03,34.8,143,CtrlGainStateTuned=started,47957,-31.83,FALSE,-20,,,NA,lin-sv-high-freq-fault,40,TRUE,TRUE,,-22.01,TRUE,5,-950,TRUE,DPD_STATUS_OK,,-1000,FALSE,TRUE,80,50,48375,,CtrlLinStateStartLate=started,9,0,NORMAL,-1000,TRUE,FALSE,,1460,Normal
155,Radio 2271 B0C,CN3A178828,9/3/2025 16:13,Normal,nff_issues,,supervision,121,BF,TRUE,TRUE,on,79,49.03,34.9,152,CtrlGainStateTuned=started,47972,-17.49,FALSE,-40,,,EXT_DPD_IDLE,lin-sv-high-freq-fault,40,TRUE,TRUE,,-9.48,TRUE,5,-950,TRUE,DPD_STATUS_OK,,-6.7,FALSE,TRUE,80,49,48425,,CtrlLinStateStartLate=started,9,48.6498,NORMAL,-17.68,TRUE,FALSE,,1369,Normal
156,Radio 2271 B0C,CN3A178828,9/3/2025 16:13,Normal,nff_issues,,supervision,123.5,BF,TRUE,TRUE,on,81,49.03,35.1,146.5,CtrlGainStateTuned=started,47868.5,-38.6,FALSE,-40,,,NA,lin-sv-high-freq-fault,40,TRUE,TRUE,,-34.59,TRUE,5,-950,TRUE,DPD_STATUS_OK,,-74.15,FALSE,TRUE,80,49,48355,,CtrlLinStateStartLate=started,9,23.5402,NORMAL,-64.3,TRUE,FALSE,,1481,Normal
157,Radio 2271 B0C,CN3A178828,9/3/2025 16:13,Normal,nff_issues,,supervision,123,BF,TRUE,TRUE,on,79,49.03,35.1,150,CtrlGainStateTuned=started,47851,-19.51,FALSE,-60,,,NA,lin-sv-high-freq-fault,40,TRUE,TRUE,,-5.63,TRUE,5,-950,TRUE,DPD_STATUS_OK,,-7.17,FALSE,TRUE,80,48,48355,,CtrlLinStateStartLate=started,9,52.2958,NORMAL,-19.49,TRUE,FALSE,,1369,Normal
158,Radio 2271 B0C,CN3A178828,9/3/2025 16:13,Normal,nff_issues,,supervision,117,BF,TRUE,TRUE,on,84,49.03,35.2,141,CtrlGainStateTuned=started,47954.5,-27.52,FALSE,-60,,,NA,lin-sv-high-freq-fault,40,TRUE,TRUE,,-24.47,TRUE,5,-950,TRUE,DPD_STATUS_OK,,-30.24,FALSE,TRUE,80,50,48339,,CtrlLinStateStartLate=started,9,33.4648,NORMAL,-29.9,TRUE,FALSE,,1496,Normal
159,Radio 2271 B0C,CN3A178828,9/3/2025 16:13,Normal,nff_issues,,supervision,,BF,TRUE,TRUE,on,,49.03,35.3,,CtrlGainStateTuned=started,47902,-19.94,FALSE,-80,,,NA,lin-sv-high-freq-fault,40,TRUE,TRUE,,-16.11,TRUE,5,-950,TRUE,DPD_STATUS_OK,,-19.19,TRUE,TRUE,80,,48339,,CtrlLinStateStarted=started,9,41.6163,NORMAL,-19.72,TRUE,FALSE,,1390,Normal
160,Radio 2271 B0C,CN3A178828,9/3/2025 16:14,Normal,nff_issues,,supervision,116.5,BF,TRUE,TRUE,on,81.5,49.03,35.3,147.5,CtrlGainStateTuned=started,47964,-19.85,FALSE,-80,,,NA,lin-sv-high-freq-fault,40,TRUE,TRUE,,-16.82,TRUE,5,-950,TRUE,DPD_STATUS_OK,,-20.08,FALSE,TRUE,80,49.5,48339.5,,CtrlLinStateStartLate=started,9,40.9117,NORMAL,-20.11,TRUE,FALSE,,1508,Normal
161,Radio 2271 B0C,CN3A178828,9/3/2025 17:00,Normal,nff_issues,,supervision,119,BF,TRUE,TRUE,on,81,49.03,35.7,143.5,CtrlGainStateTuned=started,47947,-26.85,FALSE,0,,,NA,lin-sv-high-freq-fault,40,TRUE,TRUE,,-25.6,TRUE,7,-950,TRUE,DPD_STATUS_OK,,-29.37,FALSE,TRUE,80,49.5,48312,,CtrlLinStateStartLate=started,9,32.9335,NORMAL,-26.53,TRUE,FALSE,,1406,Normal
162,Radio 2271 B0C,CN3A178828,9/3/2025 17:01,Normal,nff_issues,,supervision,119,BF,TRUE,TRUE,on,81,49.03,35.7,143.5,CtrlGainStateTuned=started,47957,-14.72,TRUE,0,,,NA,lin-sv-high-freq-fault,40,TRUE,TRUE,,-8.89,TRUE,7,-950,TRUE,DPD_STATUS_OK,,-10.83,FALSE,TRUE,80,49.5,48304,,CtrlLinStateStartLate=started,9,49.645,NORMAL,-14.71,TRUE,FALSE,,1354,Normal
163,Radio 2271 B0C,CN3A178828,9/3/2025 17:01,Normal,nff_issues,,supervision,124,BF,TRUE,TRUE,on,84,49.03,35.7,152,CtrlGainStateTuned=started,47851,-24.33,FALSE,-20,,,NA,lin-sv-high-freq-fault,40,TRUE,TRUE,,-22.86,TRUE,5,-950,TRUE,DPD_STATUS_OK,,-24.71,FALSE,TRUE,80,50,48285,,CtrlLinStateStartLate=started,9,35.4718,NORMAL,-23,TRUE,FALSE,,1451,Normal
164,Radio 2271 B0C,CN3A178828,9/3/2025 17:01,Normal,nff_issues,,supervision,119.5,BF,TRUE,TRUE,on,81.5,49.03,35.8,144,CtrlGainStateTuned=started,47851,-20.53,TRUE,-20,,,NA,lin-sv-high-freq-fault,40,TRUE,TRUE,,-17.5,TRUE,5,-950,TRUE,DPD_STATUS_OK,,-20.7,TRUE,TRUE,80,49.5,48382,,CtrlLinStateStarted=started,9,40.8337,NORMAL,-20.18,TRUE,FALSE,,1348,Normal
165,Radio 2271 B0C,CN3A178828,9/3/2025 17:01,Normal,nff_issues,,supervision,120,BF,TRUE,TRUE,on,82,49.03,35.8,152,CtrlGainStateTuned=started,47851,-31.23,FALSE,-40,,,NA,lin-sv-high-freq-fault,40,TRUE,TRUE,,-30.14,TRUE,5,-950,TRUE,DPD_STATUS_OK,,-32.33,FALSE,TRUE,80,49,48425,,CtrlLinStateStartLate=started,9,27.9918,NORMAL,-29.26,TRUE,FALSE,,1472,Normal
166,Radio 2271 B0C,CN3A178828,9/3/2025 17:01,Normal,nff_issues,,supervision,117,BF,TRUE,TRUE,on,80.5,49.03,36.1,146,CtrlGainStateTuned=started,48017,-18.93,TRUE,-40,,,NA,lin-sv-high-freq-fault,40,TRUE,TRUE,,-13.66,TRUE,5,-950,TRUE,DPD_STATUS_OK,,-15.51,FALSE,TRUE,80,49.5,48400,,CtrlLinStateStartLate=started,9,44.4671,NORMAL,-18.66,TRUE,FALSE,,1357,Normal
167,Radio 2271 B0C,CN3A178828,9/3/2025 17:01,Normal,nff_issues,,supervision,117,BF,TRUE,TRUE,on,80.5,49.03,35.8,146,CtrlGainStateTuned=started,48027,-23.61,FALSE,-60,,,NA,lin-sv-high-freq-fault,40,TRUE,TRUE,,-22.42,TRUE,5,-950,TRUE,DPD_STATUS_OK,,-27.26,FALSE,TRUE,80,49.5,48375,,CtrlLinStateStartLate=started,9,35.5072,NORMAL,-24.39,TRUE,FALSE,,1442,Normal
168,Radio 2271 B0C,CN3A178828,9/3/2025 17:02,Normal,nff_issues,,supervision,127,BF,TRUE,TRUE,on,80.5,49.03,35.9,151.5,CtrlGainStateTuned=started,47929.5,-13.21,FALSE,-80,,,NA,lin-sv-high-freq-fault,40,TRUE,TRUE,,-13.72,TRUE,5,-950,TRUE,DPD_STATUS_OK,,-17.02,FALSE,TRUE,80,49.5,48312,,CtrlLinStateStartLate=started,9,44.0057,NORMAL,-13.3,TRUE,FALSE,,1499,Normal
169,Radio 2271 B0C,CN3A178828,9/3/2025 17:02,Normal,nff_issues,,supervision,127,BF,TRUE,TRUE,on,80.5,49.03,35.9,151.5,CtrlGainStateTuned=started,47957,-12.93,TRUE,-60,,,NA,lin-sv-high-freq-fault,40,TRUE,TRUE,,-11.24,TRUE,5,-950,TRUE,DPD_STATUS_OK,,-14.42,FALSE,TRUE,80,49.5,48320,,CtrlLinStateStartLate=started,9,46.6905,NORMAL,-12.92,TRUE,FALSE,,1387,Normal
170,Radio 2271 B0C,CN3A178828,9/3/2025 17:02,Normal,nff_issues,,supervision,123,BF,TRUE,TRUE,on,83,49.03,36,160,CtrlGainStateTuned=started,47911.5,-12.67,FALSE,-100,,,NA,lin-sv-high-freq-fault,40,TRUE,TRUE,,-9.21,TRUE,5,-950,TRUE,DPD_STATUS_OK,,-11.62,FALSE,TRUE,80,50,48330,,CtrlLinStateStartLate=started,9,48.3238,NORMAL,-12.83,TRUE,FALSE,,1523,Normal
171,Radio 2271 B0C,CN3A178828,9/4/2025 2:45,Normal,nff_issues,,supervision,108.5,BF,TRUE,TRUE,on,82.5,49.03,34.8,139,CtrlGainStateTuned=started,48007.5,-17.49,FALSE,0,,,NA,lin-sv-high-freq-fault,40,TRUE,TRUE,,-11.71,TRUE,5,-950,TRUE,DPD_STATUS_OK,,-13.94,FALSE,TRUE,80,50.5,48330,,CtrlLinStateStartLate=started,9,46.817,NORMAL,-17.59,TRUE,FALSE,,1366,Normal
172,Radio 2271 B0C,CN3A178828,9/4/2025 2:45,Normal,nff_issues,,supervision,108.5,BF,TRUE,TRUE,on,82.5,49.03,34.7,139,CtrlGainStateTuned=started,47937,-21.56,FALSE,0,,,NA,lin-sv-high-freq-fault,40,TRUE,TRUE,,-19.95,TRUE,5,-950,TRUE,DPD_STATUS_OK,,-23.2,FALSE,TRUE,80,50.5,48375,,CtrlLinStateStartLate=started,9,38.5844,NORMAL,-21.81,TRUE,FALSE,,1457,Normal
173,Radio 2271 B0C,CN3A178828,9/4/2025 2:45,Normal,nff_issues,,supervision,109,BF,TRUE,TRUE,on,81.5,49.03,34.9,137.5,CtrlGainStateTuned=started,47939,-18.19,FALSE,-20,,,NA,lin-sv-high-freq-fault,40,TRUE,TRUE,,-11.56,TRUE,5,-950,TRUE,DPD_STATUS_OK,,-14.5,FALSE,TRUE,80,49.5,48347,,CtrlLinStateStartLate=started,9,46.7731,NORMAL,-18.6,TRUE,FALSE,,1369,Normal
174,Radio 2271 B0C,CN3A178828,9/4/2025 2:45,Normal,nff_issues,,supervision,105,BF,TRUE,TRUE,on,82,49.03,34.8,131,CtrlGainStateTuned=started,47871,-32.94,FALSE,-20,,,NA,lin-sv-high-freq-fault,40,TRUE,TRUE,,-28.84,TRUE,5,-950,TRUE,DPD_STATUS_OK,,-29.51,FALSE,TRUE,80,49,48304,,CtrlLinStateStartLate=started,9,29.4898,NORMAL,-30.92,TRUE,FALSE,,1463,Normal
175,Radio 2271 B0C,CN3A178828,9/4/2025 2:45,Normal,nff_issues,,supervision,111.5,BF,TRUE,TRUE,on,81.5,49.03,35,139,CtrlGainStateTuned=started,47956.5,-11.46,FALSE,-40,,,NA,lin-sv-high-freq-fault,40,TRUE,TRUE,,-5.9,TRUE,5,-950,TRUE,DPD_STATUS_OK,,-7.66,FALSE,TRUE,80,50.5,48321.5,,CtrlLinStateStartLate=started,9,52.2321,NORMAL,-11.44,TRUE,FALSE,,1387,Normal
176,Radio 2271 B0C,CN3A178828,9/4/2025 2:45,Normal,nff_issues,,supervision,107,BF,TRUE,TRUE,on,83,49.03,34.9,135,CtrlGainStateTuned=started,47992,-24.92,FALSE,-40,,,NA,lin-sv-high-freq-fault,40,TRUE,TRUE,,-21.89,TRUE,5,-950,TRUE,DPD_STATUS_OK,,-26.52,FALSE,TRUE,80,51,48339,,CtrlLinStateStartLate=started,9,36.2364,NORMAL,-26.23,TRUE,FALSE,,1451,Normal
177,Radio 2271 B0C,CN3A178828,9/4/2025 2:46,Normal,nff_issues,,supervision,111,BF,TRUE,TRUE,on,82.5,49.03,35,144.5,CtrlGainStateTuned=started,47903.5,-22.81,FALSE,-60,,,NA,lin-sv-high-freq-fault,40,TRUE,TRUE,,-18.65,TRUE,5,-950,TRUE,DPD_STATUS_OK,,-21.59,FALSE,TRUE,80,51,48277,,CtrlLinStateStartLate=started,9,39.2787,NORMAL,-22.85,TRUE,FALSE,,1499,Normal
178,Radio 2271 B0C,CN3A178828,9/4/2025 2:46,Normal,nff_issues,,supervision,111,BF,TRUE,TRUE,on,82.5,49.03,35,144.5,CtrlGainStateTuned=started,47903.5,-17.29,FALSE,-60,,,NA,lin-sv-high-freq-fault,40,TRUE,TRUE,,-11.43,TRUE,5,-950,TRUE,DPD_STATUS_OK,,-13.47,FALSE,TRUE,80,51,48277,,CtrlLinStateStartLate=started,9,46.5037,NORMAL,-17.48,TRUE,FALSE,,1411,Normal
179,Radio 2271 B0C,CN3A178828,9/4/2025 2:46,Normal,nff_issues,,supervision,111.5,BF,TRUE,TRUE,on,82.5,49.03,34.9,148,CtrlGainStateTuned=started,47911.5,-17.32,FALSE,-80,,,NA,lin-sv-high-freq-fault,40,TRUE,TRUE,,-9.33,TRUE,5,-950,TRUE,DPD_STATUS_OK,,-11.56,FALSE,TRUE,80,50,48357,,CtrlLinStateStartLate=started,9,48.4049,NORMAL,-17.05,TRUE,FALSE,,1429,Normal
180,Radio 2271 B0C,CN3A178828,9/4/2025 3:26,Normal,nff_issues,,supervision,111,BF,TRUE,TRUE,on,84,49.03,36,142,CtrlGainStateTuned=started,47746,-27.02,FALSE,0,,,NA,lin-sv-high-freq-fault,40,TRUE,TRUE,,-23.15,TRUE,7,-950,TRUE,DPD_STATUS_OK,,-26.99,FALSE,TRUE,80,51,48355,,CtrlLinStateStartLate=started,9,35.3838,NORMAL,-28.93,TRUE,FALSE,,1439,Normal
181,Radio 2271 B0C,CN3A178828,9/4/2025 3:27,Normal,nff_issues,,supervision,112,BF,TRUE,TRUE,on,84,49.03,36,153,CtrlGainStateTuned=started,47982,-27.82,FALSE,-20,,,NA,lin-sv-high-freq-fault,40,TRUE,TRUE,,-24.41,TRUE,5,-950,TRUE,DPD_STATUS_OK,,-28.18,FALSE,TRUE,80,51,48302.5,,CtrlLinStateStartLate=started,9,33.9232,NORMAL,-28.12,TRUE,FALSE,,1457,Normal
182,Radio 2271 B0C,CN3A178828,9/4/2025 3:27,Normal,nff_issues,,supervision,,BF,TRUE,TRUE,on,,49.03,35.9,,CtrlGainStateTuned=started,47957,-18.72,TRUE,-20,,,NA,lin-sv-high-freq-fault,40,TRUE,TRUE,,-10.26,TRUE,5,-950,TRUE,DPD_STATUS_OK,,-13.64,FALSE,TRUE,80,,48320,,CtrlLinStateStartLate=started,9,48.0736,NORMAL,-19.16,TRUE,FALSE,,1348,Normal
183,Radio 2271 B0C,CN3A178828,9/4/2025 3:27,Normal,nff_issues,,supervision,111,BF,TRUE,TRUE,on,83,49.03,35.8,148,CtrlGainStateTuned=started,47946.5,-19.08,FALSE,-40,,,NA,lin-sv-high-freq-fault,40,TRUE,TRUE,,-17.53,TRUE,5,-950,TRUE,DPD_STATUS_OK,,-20.72,FALSE,TRUE,80,49,48285,,CtrlLinStateStartLate=started,9,40.5965,NORMAL,-19.13,TRUE,FALSE,,1478,Normal
184,Radio 2271 B0C,CN3A178828,9/4/2025 3:27,Normal,nff_issues,,supervision,,BF,TRUE,TRUE,on,,49.03,35.8,,CtrlGainStateTuned=started,47851,-19.54,TRUE,-40,,,NA,lin-sv-high-freq-fault,40,TRUE,TRUE,,-12.29,TRUE,5,-950,TRUE,DPD_STATUS_OK,,-13.84,FALSE,TRUE,80,,48320,,CtrlLinStateStartLate=started,9,45.8363,NORMAL,-18.93,TRUE,FALSE,,1384,Normal
185,Radio 2271 B0C,CN3A178828,9/4/2025 3:27,Normal,nff_issues,,supervision,113,BF,TRUE,TRUE,on,83,49.03,35.7,153,CtrlGainStateTuned=started,48007,-22.27,FALSE,-60,,,NA,lin-sv-high-freq-fault,40,TRUE,TRUE,,-19.68,TRUE,5,-950,TRUE,DPD_STATUS_OK,,-22.69,FALSE,TRUE,80,50,48355,,CtrlLinStateStartLate=started,9,38.2539,NORMAL,-22.43,TRUE,FALSE,,1499,Normal
186,Radio 2271 B0C,CN3A178828,9/4/2025 3:28,Normal,nff_issues,,supervision,116,BF,TRUE,TRUE,on,80,49.03,35.7,138,CtrlGainStateTuned=started,48027,-19.83,TRUE,-60,,,NA,lin-sv-high-freq-fault,40,TRUE,TRUE,,-15.04,TRUE,5,-950,TRUE,DPD_STATUS_OK,,-18.16,FALSE,TRUE,80,49,48375,,CtrlLinStateStartLate=started,9,42.8877,NORMAL,-20.25,TRUE,FALSE,,1393,Normal
187,Radio 2271 B0C,CN3A178828,9/4/2025 3:28,Normal,nff_issues,,supervision,116,BF,TRUE,TRUE,on,84,49.03,35.6,154,CtrlGainStateTuned=started,47835,-26.49,FALSE,-80,,,NA,lin-sv-high-freq-fault,40,TRUE,TRUE,,-22.96,TRUE,5,-950,TRUE,DPD_STATUS_OK,,-25.84,FALSE,TRUE,80,50,48320,,CtrlLinStateStartLate=started,9,34.7669,NORMAL,-26.63,TRUE,FALSE,,1517,Normal
500,Radio 2271 B1,CN39957752,8/12/2025 12:25,Normal,nff_issues,,ramping timeout.,681,BF,TRUE,FALSE,off,151,47.23,38.2,0,CtrlGainStateRamping=paused,47851,-1000,FALSE,0,,,NA,lin-ramping,40,FALSE,TRUE,,-1000,TRUE,0,-850,TRUE,DPD_STATUS_OK,,-1000,FALSE,TRUE,40,102,29976,,ns=stopped,5,0,NORMAL,-1000,TRUE,FALSE,,1985,Normal
501,Radio 2271 B1,CN39957752,8/12/2025 12:25,Normal,nff_issues,,ramping timeout.,659,BF,TRUE,FALSE,off,151,47.23,38.2,0,CtrlGainStateRamping=starting,47964.5,-1000,FALSE,-120,,,NA,lin-ramping,40,FALSE,TRUE,,-1000,TRUE,0,-850,TRUE,DPD_STATUS_OK,,-1000,FALSE,TRUE,40,101.5,29925,,ns=stopped,5,0,NORMAL,-1000,TRUE,FALSE,,1985,Normal
502,Radio 2271 B1,CN39957752,8/12/2025 12:26,Normal,nff_issues,,ramping timeout.,647,BF,TRUE,FALSE,off,150,47.23,37.5,0,CtrlGainStateRamping=starting,47937,-1000,FALSE,0,,,NA,lin-ramping,40,FALSE,TRUE,,-1000,TRUE,0,-850,TRUE,DPD_STATUS_OK,,-1000,FALSE,TRUE,40,101,29937,,ns=stopped,5,0,NORMAL,-1000,TRUE,FALSE,,1985,Normal
503,Radio 2271 B1,CN39957752,8/12/2025 12:26,Normal,nff_issues,,ramping timeout.,658,BF,TRUE,FALSE,off,151,47.23,37.5,0,CtrlGainStateRamping=paused,47946.5,-1000,FALSE,0,,,NA,lin-ramping,40,FALSE,TRUE,,-1000,TRUE,0,-850,TRUE,DPD_STATUS_OK,,-1000,FALSE,TRUE,40,103,29911.5,,ns=stopped,5,0,NORMAL,-1000,TRUE,FALSE,,1981,Normal
504,Radio 2271 B1,CN39957752,8/12/2025 12:28,Normal,nff_issues,,ramping timeout.,612,BF,TRUE,FALSE,off,153,47.23,36.7,0,CtrlGainStateRamping=paused,38945,-1000,FALSE,0,,,TOR_ADC_ERR,lin-ramping,40,FALSE,TRUE,,-2.6923,TRUE,0,-850,TRUE,DPD_STATUS_OK,,-1000,FALSE,TRUE,40,105,29957,,ns=stopped,5,0,NORMAL,-1000,TRUE,FALSE,,1985,Normal
505,Radio 2271 B1,CN39957752,8/12/2025 12:28,Normal,nff_issues,,ramping timeout.,652,BF,TRUE,FALSE,off,151.5,47.23,37.5,0,CtrlGainStateRamping=starting,47937,-1000,FALSE,0,,,TOR_ADC_ERR,lin-ramping,40,FALSE,TRUE,,-2.7749,TRUE,0,-850,TRUE,DPD_STATUS_OK,,-1000,FALSE,TRUE,40,102.5,29945,,ns=stopped,5,0,NORMAL,-1000,TRUE,FALSE,,1981,Normal
506,Radio 2271 B1,CN39957752,8/12/2025 12:33,Normal,nff_issues,,ramping timeout.,683,BF,TRUE,FALSE,off,149,47.23,39,0,CtrlGainStateRamping=paused,47851,-1000,FALSE,-240,,,TOR_ADC_ERR,lin-ramping,40,FALSE,TRUE,,-1.9911,TRUE,0,-850,TRUE,DPD_STATUS_OK,,-1000,FALSE,TRUE,40,101,29917,,ns=stopped,5,0,NORMAL,-1000,TRUE,FALSE,,1985,Normal
507,Radio 2271 B1,CN39957752,8/13/2025 5:57,Normal,nff_issues,,ramping timeout.,590,BF,TRUE,FALSE,off,153,47.23,30.6,0,CtrlGainStateRamping=paused,48007,-1000,FALSE,0,,,NA,lin-ramping,40,FALSE,TRUE,,-1000,TRUE,0,-850,TRUE,DPD_STATUS_OK,,-1000,FALSE,TRUE,40,106,29925,,ns=stopped,5,0,NORMAL,-1000,TRUE,FALSE,,1985,Normal
508,Radio 2271 B1,CN39957752,8/13/2025 5:57,Normal,nff_issues,,ramping timeout.,613,BF,TRUE,FALSE,off,155,47.23,31.4,0,CtrlGainStateRamping=paused,47886,-17.794,FALSE,-120,,,NA,lin-ramping,40,FALSE,TRUE,,-1000,TRUE,0,-850,TRUE,DPD_STATUS_OK,,-18.8269,FALSE,TRUE,40,106,29951,,ns=stopped,5,-1000,NORMAL,-14.8023,TRUE,FALSE,,1985,Normal
509,Radio 2271 B1,CN39957752,8/13/2025 5:57,Normal,nff_issues,,ramping timeout.,613,BF,TRUE,FALSE,off,155,47.23,31.4,0,CtrlGainStateRamping=starting,47851,-1000,FALSE,0,,,NA,lin-ramping,40,FALSE,TRUE,,-1000,TRUE,0,-850,TRUE,DPD_STATUS_OK,,-1000,FALSE,TRUE,40,106,29957,,ns=stopped,5,0,NORMAL,-1000,TRUE,FALSE,,1981,Normal
510,Radio 2271 B1,CN39957796,8/10/2025 15:03,Normal,nff_issues,,ramping timeout.,685,BF,TRUE,FALSE,off,151,47.23,35.9,0,CtrlGainStateRamping=starting,47957,-1000,TRUE,0,,,EXT_DPD_IDLE,lin-ramping,40,FALSE,TRUE,,-60.0223,TRUE,0,-850,TRUE,DPD_STATUS_OK,,-1000,FALSE,TRUE,40,103,29988,,ns=stopped,13,0,NORMAL,-1000,TRUE,FALSE,,1977,Normal
511,Radio 2271 B1,CN39957796,8/10/2025 15:03,Normal,nff_issues,,ramping timeout.,744,BF,TRUE,FALSE,off,151,47.23,36.7,0,CtrlGainStateRamping=starting,47921,-1000,TRUE,0,,,EXT_DPD_IDLE,lin-ramping,40,FALSE,TRUE,,-59.8081,TRUE,0,-850,TRUE,DPD_STATUS_OK,,-1000,FALSE,TRUE,40,103,29976,,ns=stopped,13,0,NORMAL,-1000,TRUE,FALSE,,1976,Normal
512,Radio 2271 B1,CN39957796,8/10/2025 15:08,Normal,nff_issues,,ramping timeout.,685,BF,TRUE,FALSE,off,150,47.23,35.2,0,CtrlGainStateRamping=starting,47992,-1000,TRUE,-120,,,EXT_DPD_IDLE,lin-ramping,40,FALSE,TRUE,,-58.7541,TRUE,0,-850,TRUE,DPD_STATUS_OK,,-1000,FALSE,TRUE,40,103,29937,,ns=stopped,13,0,NORMAL,-1000,TRUE,FALSE,,1977,Normal
513,Radio 2271 B1,CN39957796,8/17/2025 0:23,Normal,nff_issues,,supervision,189,BF,TRUE,FALSE,on,152.5,47.23,26.8,0,CtrlGainStateTuned=started,47999.5,-19.74,TRUE,0,,,NA,lin-sv,40,FALSE,TRUE,,-18.6005,TRUE,5,-850,TRUE,DPD_STATUS_OK,,-22.7977,FALSE,TRUE,40,106,29972,,CtrlLinStateStartLate=started,13,37.1295,NORMAL,-20.0006,TRUE,FALSE,,1242,Normal
514,Radio 2271 B1,CN39957796,8/17/2025 0:23,Normal,nff_issues,,supervision,189,BF,TRUE,FALSE,on,152.5,47.23,27.5,0,CtrlGainStateTuned=started,48027,-18.6291,TRUE,0,,,NA,lin-sv,40,FALSE,TRUE,,-16.1758,TRUE,5,-850,TRUE,DPD_STATUS_OK,,-19.9651,FALSE,TRUE,40,106,29976,,CtrlLinStateStartLate=started,13,39.5542,NORMAL,-18.6635,TRUE,FALSE,,1340,Normal
515,Radio 2271 B1,CN39957796,8/17/2025 0:23,Normal,nff_issues,,supervision,181.5,BF,TRUE,FALSE,on,152,47.23,27.5,0,CtrlGainStateTuned=started,47964.5,-10.7214,TRUE,-20,,,NA,lin-sv,40,FALSE,TRUE,,-10.0126,TRUE,5,-850,TRUE,DPD_STATUS_OK,,-14.235,FALSE,TRUE,40,105,29982,,CtrlLinStateStartLate=started,13,45.5174,NORMAL,-10.6937,TRUE,FALSE,,1230,Normal
516,Radio 2271 B1,CN39957796,8/17/2025 0:23,Normal,nff_issues,,supervision,181.5,BF,TRUE,FALSE,on,152,47.23,27.5,0,CtrlGainStateTuned=started,47992,-21.2462,TRUE,-20,,,NA,lin-sv,40,FALSE,TRUE,,-18.8359,TRUE,5,-850,TRUE,DPD_STATUS_OK,,-23.2929,FALSE,TRUE,40,105,29976,,CtrlLinStateStartLate=started,13,36.6941,NORMAL,-21.9588,TRUE,FALSE,,1343,Normal
517,Radio 2271 B1,CN39957796,8/17/2025 0:23,Normal,nff_issues,,supervision,228,BF,TRUE,FALSE,on,151.5,47.23,27.5,0,CtrlGainStateTuned=started,47946.5,-22.798,TRUE,-40,,,NA,lin-sv,40,FALSE,TRUE,,-20.411,TRUE,5,-850,TRUE,DPD_STATUS_OK,,-22.8229,FALSE,TRUE,40,103.5,29986,,CtrlLinStateStartLate=started,13,34.919,NORMAL,-21.2981,TRUE,FALSE,,1305,Normal
518,Radio 2271 B1,CN39957796,8/17/2025 0:23,Normal,nff_issues,,supervision,228,BF,TRUE,FALSE,on,151.5,47.23,27.5,0,CtrlGainStateTuned=started,47972,-21.9681,TRUE,-40,,,NA,lin-sv,40,FALSE,TRUE,,-19.4357,TRUE,5,-850,TRUE,DPD_STATUS_OK,,-21.7788,FALSE,TRUE,40,103.5,29976,,CtrlLinStateStartLate=started,13,35.8943,NORMAL,-21.3879,TRUE,FALSE,,1430,Normal
519,Radio 2271 B1,CN39957796,8/17/2025 0:24,Normal,nff_issues,,supervision,183,BF,TRUE,FALSE,on,151,47.23,28.3,0,CtrlGainStateTuned=started,47947,-17.1094,TRUE,-60,,,NA,lin-sv,40,FALSE,TRUE,,-15.063,TRUE,5,-850,TRUE,DPD_STATUS_OK,,-19.322,FALSE,TRUE,40,104.5,29972,,CtrlLinStateStartLate=started,13,40.067,NORMAL,-17.1773,TRUE,FALSE,,1302,Normal
520,Radio 2271 B1,CN39957796,8/17/2025 0:24,Normal,nff_issues,,supervision,183,BF,TRUE,FALSE,on,151,47.23,27.5,0,CtrlGainStateTuned=started,47902,-9.9479,TRUE,-60,,,NA,lin-sv,40,FALSE,TRUE,,-9.418,TRUE,5,-850,TRUE,DPD_STATUS_OK,,-13.4095,FALSE,TRUE,40,104.5,29968,,CtrlLinStateStartLate=started,13,45.712,NORMAL,-10.0801,TRUE,FALSE,,1361,Normal
521,Radio 2271 B1,CN39957796,8/17/2025 0:24,Normal,nff_issues,,supervision,204,BF,TRUE,FALSE,on,152,47.23,28.3,0,CtrlGainStateTuned=started,47904,-10.0374,TRUE,-80,,,NA,lin-sv,40,FALSE,TRUE,,-9.2294,TRUE,5,-850,TRUE,DPD_STATUS_OK,,-13.383,FALSE,TRUE,40,105,29966.5,,CtrlLinStateStartLate=started,13,45.7006,NORMAL,-9.9679,TRUE,FALSE,,1308,Normal
522,Radio 2271 B1,CN39957796,8/17/2025 0:24,Normal,nff_issues,,supervision,204,BF,TRUE,FALSE,on,152,47.23,28.3,0,CtrlGainStateTuned=started,47851,-25.1014,TRUE,-80,,,NA,lin-sv,40,FALSE,TRUE,,-24.1087,TRUE,5,-850,TRUE,DPD_STATUS_OK,,-25.8193,FALSE,TRUE,40,105,29976,,CtrlLinStateStartLate=started,13,30.8213,NORMAL,-22.3727,TRUE,FALSE,,1373,Normal
523,Radio 2271 B1,CN39957796,8/17/2025 3:30,Normal,nff_issues,,ramping timeout.,19.5,BF,TRUE,FALSE,off,149.5,47.23,43.6,0,CtrlGainStateRamping=starting,47861,-19.3935,FALSE,0,,,NA,lin-ramping,40,FALSE,TRUE,,-45.8037,TRUE,5,-850,TRUE,DPD_STATUS_OK,,-1000,FALSE,TRUE,40,102,29951,,ns=stopped,13,0,NORMAL,-1000,TRUE,FALSE,,1976,Normal
524,Radio 2271 B1,CN39957796,8/17/2025 3:30,Normal,nff_issues,,supervision,19.5,BF,TRUE,FALSE,on,149.5,47.23,43.6,0,CtrlGainStateTuned=started,47871,-21.8352,FALSE,0,,,NA,lin-sv,40,FALSE,TRUE,,-17.7992,TRUE,7,-850,TRUE,DPD_STATUS_OK,,-25.776,FALSE,TRUE,40,102,29945,,CtrlLinStateStartLate=started,13,37.9308,NORMAL,-21.7825,TRUE,FALSE,,156,Normal
525,Radio 2271 B1,CN39957796,8/17/2025 3:30,Normal,nff_issues,,supervision,0,BF,TRUE,FALSE,on,148,47.23,44.4,0,CtrlGainStateTuned=started,47972,-11.1019,FALSE,-20,,,TOR_ADC_ERR,lin-sv,40,FALSE,TRUE,,-6.2583,TRUE,5,-850,TRUE,DPD_STATUS_OK,,-14.0638,FALSE,TRUE,40,102,29937,,CtrlLinStateStartLate=started,13,49.2717,NORMAL,-11.0371,TRUE,FALSE,,174,Normal
526,Radio 2271 B1,CN39957796,8/17/2025 3:30,Normal,nff_issues,,supervision,0,BF,TRUE,FALSE,on,151,47.23,44.4,0,CtrlGainStateTuned=started,47921,-10.8254,FALSE,-120,,,TOR_ADC_ERR,lin-sv,40,FALSE,TRUE,,-6.9225,TRUE,5,-850,TRUE,DPD_STATUS_OK,,-15.0253,FALSE,TRUE,40,102,29945,,CtrlLinStateStartLate=started,13,47.6075,NORMAL,-10.8947,TRUE,FALSE,,314,Normal
527,Radio 2271 B1,CN39957796,8/17/2025 3:31,Normal,nff_issues,,supervision,0,BF,TRUE,FALSE,on,147,47.23,44.4,0,CtrlGainStateTuned=started,47871,-11.8252,FALSE,-40,,,TOR_ADC_ERR,lin-sv,40,FALSE,TRUE,,-6.8464,TRUE,5,-850,TRUE,DPD_STATUS_OK,,-15.9256,FALSE,TRUE,40,100,29968,,CtrlLinStateStartLate=started,13,48.4836,NORMAL,-11.8151,TRUE,FALSE,,183,Normal
528,Radio 2271 B1,CN39957796,8/17/2025 3:31,Normal,nff_issues,,supervision,0,BF,TRUE,FALSE,on,147,47.23,44.4,0,CtrlGainStateTuned=started,47957,-9.9241,FALSE,-140,,,TOR_ADC_ERR,lin-sv,40,FALSE,TRUE,,-5.9891,TRUE,5,-850,TRUE,DPD_STATUS_OK,,-13.9871,FALSE,TRUE,40,99,29886,,CtrlLinStateStartLate=started,13,48.3409,NORMAL,-9.9394,TRUE,FALSE,,284,Normal
529,Radio 2271 B1,CN39957796,8/17/2025 3:31,Normal,nff_issues,,supervision,0,BF,TRUE,FALSE,on,148,47.23,44.4,0,CtrlGainStateTuned=started,47816,-11.1555,FALSE,-60,,,TOR_ADC_ERR,lin-sv,40,FALSE,TRUE,,-7.5177,TRUE,5,-850,TRUE,DPD_STATUS_OK,,-15.5201,FALSE,TRUE,40,101,29898,,CtrlLinStateStartLate=started,13,47.6123,NORMAL,-11.2468,TRUE,FALSE,,210,Normal
530,Radio 2271 B1,CN39957796,8/17/2025 3:31,Normal,nff_issues,,supervision,0,BF,TRUE,FALSE,on,147.5,47.23,45.1,0,CtrlGainStateTuned=started,47921.5,-10.5386,FALSE,-80,,,TOR_ADC_ERR,lin-sv,40,FALSE,TRUE,,-6.6551,TRUE,5,-850,TRUE,DPD_STATUS_OK,,-14.4514,FALSE,TRUE,40,101,29911.5,,CtrlLinStateStartLate=started,13,48.2749,NORMAL,-10.4624,TRUE,FALSE,,156,Normal
531,Radio 2271 B1,CN39957796,8/17/2025 3:32,Normal,nff_issues,,supervision,0,BF,TRUE,FALSE,on,148,47.23,45.1,0,CtrlGainStateTuned=started,47992,-10.1416,FALSE,-160,,,TOR_ADC_ERR,lin-sv,40,FALSE,TRUE,,-6.0943,TRUE,5,-850,TRUE,DPD_STATUS_OK,,-14.1549,FALSE,TRUE,40,101,29898,,CtrlLinStateStartLate=started,13,48.0357,NORMAL,-10.0086,TRUE,FALSE,,329,Normal
532,Radio 2271 B1,CN39957796,8/17/2025 3:32,Normal,nff_issues,,supervision,0,BF,TRUE,FALSE,on,147,47.23,45.1,0,CtrlGainStateTuned=started,48007,-12.3954,FALSE,-100,,,NA,lin-sv,40,FALSE,TRUE,,-10.2117,TRUE,5,-850,TRUE,DPD_STATUS_OK,,-14.6728,FALSE,TRUE,40,102,29937,,CtrlLinStateStartLate=started,13,44.5183,NORMAL,-11.9702,TRUE,FALSE,,576,Normal
533,Radio 2271 B1,CN39957796,8/18/2025 0:21,Normal,nff_issues,,ramping timeout.,23,BF,TRUE,FALSE,off,151,47.23,45.9,0,CtrlGainStateRamping=paused,47903.5,-17.3457,FALSE,0,,,NA,lin-ramping,40,FALSE,TRUE,,-21.0327,TRUE,5,-850,TRUE,DPD_STATUS_OK,,-20.3553,FALSE,TRUE,40,102.5,29911.5,,ns=stopped,13,34.6973,NORMAL,-16.3826,TRUE,FALSE,,755,Normal
534,Radio 2271 B1,CN39957796,8/18/2025 0:21,Normal,nff_issues,,supervision,23,BF,TRUE,FALSE,on,151,47.23,45.9,0,CtrlGainStateTuned=started,47886,-10.2728,FALSE,0,,,TOR_ADC_ERR,lin-sv,40,FALSE,TRUE,,-4.9105,TRUE,5,-850,TRUE,DPD_STATUS_OK,,-13.2053,FALSE,TRUE,40,102.5,29898,,CtrlLinStateStartLate=started,13,50.8195,NORMAL,-10.2377,TRUE,FALSE,,108,Normal
535,Radio 2271 B1,CN39957796,8/18/2025 0:21,Normal,nff_issues,,supervision,0,BF,TRUE,FALSE,on,148,47.23,46.7,9.5,CtrlGainStateTuned=started,47964.5,-22.6841,FALSE,-20,,,NA,lin-sv,40,FALSE,TRUE,,-13.1506,TRUE,5,-850,TRUE,DPD_STATUS_OK,,-22.1997,FALSE,TRUE,40,99.5,29886,,CtrlLinStateStartLate=started,13,42.3794,NORMAL,-23.3626,TRUE,FALSE,,132,Normal
536,Radio 2271 B1,CN39957796,8/18/2025 0:21,Normal,nff_issues,,supervision,0,BF,TRUE,FALSE,on,148,47.23,45.9,9.5,CtrlGainStateTuned=started,48027,-14.5428,FALSE,-120,,,TOR_ADC_ERR,lin-sv,40,FALSE,TRUE,,-8.9534,TRUE,5,-850,TRUE,DPD_STATUS_OK,,-14.7156,FALSE,TRUE,40,99.5,29855,,CtrlLinStateStartLate=started,13,45.5766,NORMAL,-14.2712,TRUE,FALSE,,575,Normal
537,Radio 2271 B1,CN39957796,8/19/2025 5:03,Normal,nff_issues,,ramping timeout.,35,BF,TRUE,FALSE,off,150,47.23,43.6,0,CtrlGainStateRamping=paused,47957,-12.1971,FALSE,0,,,NA,lin-ramping,40,FALSE,TRUE,,-37.0706,TRUE,3,-850,TRUE,DPD_STATUS_OK,,-16.2243,FALSE,TRUE,40,102,29917,,ns=stopped,13,18.6594,NORMAL,-12.2144,TRUE,FALSE,,1976,Normal
538,Radio 2271 B1,CN39957796,8/19/2025 5:03,Normal,nff_issues,,supervision,0,BF,TRUE,FALSE,on,149,47.23,43.6,0,CtrlGainStateTuned=started,48007,-9.7118,FALSE,0,,,TOR_ADC_ERR,lin-sv,40,FALSE,TRUE,,-5.122,TRUE,5,-850,TRUE,DPD_STATUS_OK,,-12.9956,FALSE,TRUE,40,100,29968,,CtrlLinStateStartLate=started,13,50.608,NORMAL,-9.8228,TRUE,FALSE,,138,Normal
539,Radio 2271 B1,CN39957796,8/19/2025 5:03,Normal,nff_issues,,supervision,0,BF,TRUE,FALSE,on,147,47.23,43.6,0,CtrlGainStateTuned=started,47902,-17.7763,FALSE,-20,,,NA,lin-sv,40,FALSE,TRUE,,-7.9923,TRUE,5,-850,TRUE,DPD_STATUS_OK,,-17.5985,FALSE,TRUE,40,99,29886,,CtrlLinStateStartLate=started,13,47.5377,NORMAL,-18.8556,TRUE,FALSE,,123,Normal
540,Radio 2271 B1,CN39957796,8/20/2025 9:51,Normal,nff_issues,,supervision,287,BF,TRUE,FALSE,on,149.5,47.23,50.5,0,CtrlGainStateTuned=started,47929,-11.6672,TRUE,0,,,NA,lin-sv,40,FALSE,TRUE,,-10.4379,TRUE,5,-850,TRUE,DPD_STATUS_OK,,-14.209,FALSE,TRUE,40,101,29951,,CtrlLinStateStartLate=started,13,45.2921,NORMAL,-11.6876,TRUE,FALSE,,942,Normal
541,Radio 2271 B1,CN39957796,8/20/2025 9:51,Normal,nff_issues,,supervision,287,BF,TRUE,FALSE,on,149.5,47.23,50.5,0,CtrlGainStateTuned=started,47929,-15.8186,TRUE,0,,,NA,lin-sv,40,FALSE,TRUE,,-13.726,TRUE,5,-850,TRUE,DPD_STATUS_OK,,-16.7393,FALSE,TRUE,40,101,29951,,CtrlLinStateStartLate=started,13,42.004,NORMAL,-15.7125,TRUE,FALSE,,1055,Normal
542,Radio 2271 B1,CN39957796,8/20/2025 9:51,Normal,nff_issues,,supervision,151.5,BF,TRUE,FALSE,on,148.5,47.23,50.5,0,CtrlGainStateTuned=started,48068,-9.997,TRUE,-20,,,NA,lin-sv,40,FALSE,TRUE,,-9.1301,TRUE,5,-850,TRUE,DPD_STATUS_OK,,-12.782,FALSE,TRUE,40,102,29882.5,,CtrlLinStateStartLate=started,13,46.3999,NORMAL,-9.9701,TRUE,FALSE,,966,Normal
543,Radio 2271 B1,CN39957796,8/20/2025 9:51,Normal,nff_issues,,supervision,151.5,BF,TRUE,FALSE,on,148.5,47.23,50.5,0,CtrlGainStateTuned=started,48078,-10.0415,TRUE,-20,,,NA,lin-sv,40,FALSE,TRUE,,-10.2437,TRUE,5,-850,TRUE,DPD_STATUS_OK,,-14.1585,FALSE,TRUE,40,102,29867,,CtrlLinStateStartLate=started,13,45.2863,NORMAL,-10.2119,TRUE,FALSE,,998,Normal
544,Radio 2271 B1,CN39957796,8/20/2025 9:51,Normal,nff_issues,,supervision,159,BF,TRUE,FALSE,on,149,47.23,50.5,0,CtrlGainStateTuned=started,47902,-10.7091,TRUE,-40,,,NA,lin-sv,40,FALSE,TRUE,,-10.5836,TRUE,5,-850,TRUE,DPD_STATUS_OK,,-14.6599,FALSE,TRUE,40,100.5,29931,,CtrlLinStateStartLate=started,13,44.7464,NORMAL,-10.6861,TRUE,FALSE,,936,Normal
545,Radio 2271 B1,CN39957796,8/20/2025 9:51,Normal,nff_issues,,supervision,159,BF,TRUE,FALSE,on,149,47.23,50.5,0,CtrlGainStateTuned=started,47902,-10.2877,TRUE,-40,,,NA,lin-sv,40,FALSE,TRUE,,-10.1701,TRUE,5,-850,TRUE,DPD_STATUS_OK,,-14.244,FALSE,TRUE,40,100.5,29937,,CtrlLinStateStartLate=started,13,45.1599,NORMAL,-10.4733,TRUE,FALSE,,1007,Normal
546,Radio 2271 B1,CN39957796,8/20/2025 9:52,Normal,nff_issues,,supervision,193.5,BF,TRUE,FALSE,on,146.5,47.23,50.5,0,CtrlGainStateTuned=started,47982,-9.9726,TRUE,-60,,,NA,lin-sv,40,FALSE,TRUE,,-9.5671,TRUE,5,-850,TRUE,DPD_STATUS_OK,,-13.6233,FALSE,TRUE,40,101,29902,,CtrlLinStateStartLate=started,13,45.5629,NORMAL,-9.8819,TRUE,FALSE,,966,Normal
547,Radio 2271 B1,CN39957796,8/20/2025 9:52,Normal,nff_issues,,supervision,193.5,BF,TRUE,FALSE,on,146.5,47.23,50.5,0,CtrlGainStateTuned=started,47972,-12.3586,TRUE,-60,,,NA,lin-sv,40,FALSE,TRUE,,-12.6397,TRUE,5,-850,TRUE,DPD_STATUS_OK,,-16.9013,FALSE,TRUE,40,101,29898,,CtrlLinStateStartLate=started,13,42.4903,NORMAL,-12.9461,TRUE,FALSE,,1058,Normal
548,Radio 2271 B1,CN39957796,8/20/2025 9:52,Normal,nff_issues,,supervision,326.5,BF,TRUE,FALSE,on,148.5,47.23,50.5,0,CtrlGainStateTuned=started,47939,-16.6987,TRUE,-80,,,NA,lin-sv,40,FALSE,TRUE,,-14.7087,TRUE,5,-850,TRUE,DPD_STATUS_OK,,-18.3397,FALSE,TRUE,40,101.5,29882.5,,CtrlLinStateStartLate=started,13,40.2213,NORMAL,-15.9371,TRUE,FALSE,,993,Normal
549,Radio 2271 B1,CN39957796,8/20/2025 9:52,Normal,nff_issues,,supervision,326.5,BF,TRUE,FALSE,on,148.5,47.23,50.5,0,CtrlGainStateTuned=started,48027,-15.3009,TRUE,-80,,,NA,lin-sv,40,FALSE,TRUE,,-14.1487,TRUE,5,-850,TRUE,DPD_STATUS_OK,,-16.6418,FALSE,TRUE,40,101.5,29898,,CtrlLinStateStartLate=started,13,40.7813,NORMAL,-14.8787,TRUE,FALSE,,1154,Normal
550,Radio 2271 B1,CN39957796,8/20/2025 14:56,Normal,nff_issues,,ramping timeout.,0,BF,TRUE,FALSE,off,150,47.23,48.9,0,CtrlGainStateRamping=starting,47886,-1000,FALSE,0,,,NA,lin-ramping,40,FALSE,TRUE,,-61.5051,TRUE,3,-850,TRUE,DPD_STATUS_OK,,-1000,FALSE,TRUE,40,103,29898,,ns=stopped,13,0,NORMAL,-1000,TRUE,FALSE,,1976,Normal
551,Radio 2271 B1,CN39957796,8/20/2025 14:56,Normal,nff_issues,,ramping timeout.,35,BF,TRUE,FALSE,off,151,47.23,49.7,0,CtrlGainStateRamping=paused,47957,-10.2384,FALSE,-120,,,NA,lin-ramping,40,FALSE,TRUE,,-34.1514,TRUE,0,-850,TRUE,DPD_STATUS_OK,,-13.8847,FALSE,TRUE,40,102,29886,,ns=stopped,13,20.3786,NORMAL,-9.8391,TRUE,FALSE,,1976,Normal
552,Radio 2271 B1,CN39957796,8/20/2025 14:57,Normal,nff_issues,,supervision,0,BF,TRUE,FALSE,on,146,47.23,48.9,0,CtrlGainStateTuned=started,48042,-12.2605,FALSE,0,,,NA,lin-sv,40,FALSE,TRUE,,-7.7082,TRUE,7,-850,TRUE,DPD_STATUS_OK,,-14.995,FALSE,TRUE,40,101,29878,,CtrlLinStateStartLate=started,13,48.0218,NORMAL,-12.208,TRUE,FALSE,,90,Normal
553,Radio 2271 B1,CN39957796,8/20/2025 14:57,Normal,nff_issues,,ramping timeout.,32,BF,TRUE,FALSE,off,151,47.23,48.9,0,CtrlGainStateRamping=starting,48148,-26.7546,FALSE,-240,,,NA,lin-ramping,40,FALSE,TRUE,,-53.0377,TRUE,3,-850,TRUE,DPD_STATUS_OK,,-29.0661,FALSE,TRUE,40,102,29886,,ns=stopped,13,0.292346,NORMAL,-24.7648,TRUE,FALSE,,1976,Normal
554,Radio 2271 B1,CN39957796,8/20/2025 14:58,Normal,nff_issues,,supervision,0,BF,TRUE,FALSE,on,148,47.23,48.2,0,CtrlGainStateTuned=started,47937,-9.7711,FALSE,-20,,,TOR_ADC_ERR,lin-sv,40,FALSE,TRUE,,-3.74,TRUE,5,-850,TRUE,DPD_STATUS_OK,,-11.0817,FALSE,TRUE,40,101,29945,,CtrlLinStateStartLate=started,13,51.79,NORMAL,-9.7424,TRUE,FALSE,,99,Normal
555,Radio 2271 B1,CN39957796,8/20/2025 14:58,Normal,nff_issues,,ramping timeout.,32,BF,TRUE,FALSE,off,149,47.23,47.4,0,CtrlGainStateRamping=paused,47972,-31.4527,FALSE,-40,,,NA,lin-ramping,40,FALSE,TRUE,,-56.227,TRUE,0,-850,TRUE,DPD_STATUS_OK,,-35.2674,FALSE,TRUE,40,102,29906,,ns=stopped,13,-0.897023,NORMAL,-29.6262,TRUE,FALSE,,1977,Normal
556,Radio 2271 B1,CN39957796,8/20/2025 14:59,Normal,nff_issues,,supervision,0,BF,TRUE,FALSE,on,147,47.23,48.2,0,CtrlGainStateTuned=started,47957,-9.6732,FALSE,-160,,,TOR_ADC_ERR,lin-sv,40,FALSE,TRUE,,-2.7936,TRUE,5,-850,TRUE,DPD_STATUS_OK,,-10.6412,FALSE,TRUE,40,100,29976,,CtrlLinStateStartLate=started,13,51.3364,NORMAL,-9.4703,TRUE,FALSE,,225,Normal
557,Radio 2271 B1,CN39957796,8/20/2025 14:59,Normal,nff_issues,,supervision,0,BF,TRUE,FALSE,on,149,47.23,48.2,0,CtrlGainStateTuned=started,47957,-9.9657,FALSE,-180,,,TOR_ADC_ERR,lin-sv,40,FALSE,TRUE,,-3.3255,TRUE,5,-850,TRUE,DPD_STATUS_OK,,-10.6318,FALSE,TRUE,40,101,29925,,CtrlLinStateStartLate=started,13,50.6045,NORMAL,-10.0864,TRUE,FALSE,,258,Normal
558,Radio 2271 B1,CN39957796,8/21/2025 17:06,Normal,nff_issues,,ramping timeout.,0,BF,TRUE,FALSE,off,150,47.23,51.2,0,CtrlGainStateRamping=starting,48148,-18.5082,FALSE,0,,,NA,lin-ramping,40,FALSE,TRUE,,-53.4415,TRUE,2,-850,TRUE,DPD_STATUS_OK,,-22.1686,FALSE,TRUE,40,104,29906,,ns=stopped,13,2.28848,NORMAL,-18.2472,TRUE,FALSE,,1976,Normal
559,Radio 2271 B1,CN39957796,8/21/2025 17:06,Normal,nff_issues,,ramping timeout.,42.5,BF,TRUE,FALSE,off,148.5,47.23,51.2,0,CtrlGainStateRamping=starting,47903.5,-14.853,FALSE,0,,,NA,lin-ramping,40,FALSE,TRUE,,-42.0997,TRUE,3,-850,TRUE,DPD_STATUS_OK,,-17.8228,FALSE,TRUE,40,104.5,29896,,ns=stopped,13,13.6303,NORMAL,-13.8287,TRUE,FALSE,,1977,Normal
560,Radio 2271 B1,CN39957796,8/21/2025 17:06,Normal,nff_issues,,ramping timeout.,42.5,BF,TRUE,FALSE,off,148.5,47.23,51.2,0,CtrlGainStateRamping=paused,47903.5,-1000,FALSE,-120,,,NA,lin-ramping,40,FALSE,TRUE,,-60.4167,TRUE,0,-850,TRUE,DPD_STATUS_OK,,-1000,FALSE,TRUE,40,104.5,29896,,ns=stopped,13,0,NORMAL,-1000,TRUE,FALSE,,1976,Normal
561,Radio 2271 B1,CN39957796,8/25/2025 4:21,Normal,nff_issues,,ramping timeout.,0,BF,TRUE,FALSE,off,147,47.23,55.8,0,CtrlGainStateRamping=starting,47937,-10.1127,FALSE,0,,,NA,lin-ramping,40,FALSE,TRUE,,-38.2142,TRUE,2,-850,TRUE,DPD_STATUS_OK,,-14.0544,FALSE,TRUE,40,99,29898,,ns=stopped,13,17.5158,NORMAL,-10.0765,TRUE,FALSE,,1976,Normal
562,Radio 2271 B1,CN39957796,8/25/2025 4:21,Normal,nff_issues,,ramping timeout.,41,BF,TRUE,FALSE,off,155,47.23,56.6,0,CtrlGainStateRamping=starting,47972,-10.0346,FALSE,-120,,,NA,lin-ramping,40,FALSE,TRUE,,-34.0441,TRUE,0,-850,TRUE,DPD_STATUS_OK,,-14.1113,FALSE,TRUE,40,104,29937,,ns=stopped,13,20.4859,NORMAL,-10.1023,TRUE,FALSE,,1976,Normal
563,Radio 2271 B1,CN39957796,8/25/2025 15:26,Normal,nff_issues,,ramping timeout.,0,BF,TRUE,FALSE,off,149,47.23,49.7,0,CtrlGainStateRamping=paused,47972,-18.2263,FALSE,0,,,NA,lin-ramping,40,FALSE,TRUE,,-48.2086,TRUE,3,-850,TRUE,DPD_STATUS_OK,,-20.2804,FALSE,TRUE,40,105,29886,,ns=stopped,13,7.52138,NORMAL,-16.3232,TRUE,FALSE,,1976,Normal
564,Radio 2271 B1,CN39957796,8/25/2025 15:27,Normal,nff_issues,,ramping timeout.,0,BF,TRUE,FALSE,off,150,47.23,50.5,0,CtrlGainStateRamping=paused,47957,-11.6636,FALSE,-120,,,NA,lin-ramping,40,FALSE,TRUE,,-38.6112,TRUE,2,-850,TRUE,DPD_STATUS_OK,,-18.007,FALSE,TRUE,40,104,29878,,ns=stopped,13,15.9188,NORMAL,-14.0265,TRUE,FALSE,,1976,Normal
565,Radio 2271 B1,CN39957796,8/25/2025 15:27,Normal,nff_issues,,supervision,0,BF,TRUE,FALSE,on,147,47.23,50.5,0,CtrlGainStateTuned=started,47851,-12.3086,FALSE,0,,,TOR_ADC_ERR,lin-sv,40,FALSE,TRUE,,-5.5521,TRUE,7,-850,TRUE,DPD_STATUS_OK,,-13.39,FALSE,TRUE,40,102,29898,,CtrlLinStateStartLate=started,13,50.1779,NORMAL,-12.3451,TRUE,FALSE,,84,Normal
566,Radio 2271 B1,CN39957796,8/25/2025 15:27,Normal,nff_issues,,supervision,0,BF,TRUE,FALSE,on,149,47.23,50.5,0,CtrlGainStateTuned=started,47921,-10.7197,FALSE,-240,,,TOR_ADC_ERR,lin-sv,40,FALSE,TRUE,,-6.0978,TRUE,5,-850,TRUE,DPD_STATUS_OK,,-14.985,FALSE,TRUE,40,100,29917,,CtrlLinStateStartLate=started,13,47.2322,NORMAL,-11.0142,TRUE,FALSE,,287,Normal
567,Radio 2271 B1,CN39957796,8/26/2025 12:36,Normal,nff_issues,,supervision,0,BF,TRUE,FALSE,on,146,47.23,55.8,0,CtrlGainStateTuned=started,47902,-12.0724,FALSE,0,,,TOR_ADC_ERR,lin-sv,40,FALSE,TRUE,,-9.3353,TRUE,5,-850,TRUE,DPD_STATUS_OK,,-16.8583,FALSE,TRUE,40,99,29878,,CtrlLinStateStartLate=started,13,46.3947,NORMAL,-11.9206,TRUE,FALSE,,6,Normal
568,Radio 2271 B1,CN39957796,8/26/2025 12:37,Normal,nff_issues,,supervision,0,BF,TRUE,FALSE,on,147,47.23,55.8,0,CtrlGainStateTuned=started,47851,-18.4085,FALSE,-20,,,NA,lin-sv,40,FALSE,TRUE,,-15.6911,TRUE,5,-850,TRUE,DPD_STATUS_OK,,-22.0524,FALSE,TRUE,40,103,29886,,CtrlLinStateStartLate=started,13,39.8389,NORMAL,-17.5065,TRUE,FALSE,,44,Normal
569,Radio 2271 B1,CN39957796,8/26/2025 12:37,Normal,nff_issues,,supervision,0,BF,TRUE,FALSE,on,147,47.23,56.6,0,CtrlGainStateTuned=started,47886,-10.838,FALSE,-20,,,TOR_ADC_ERR,lin-sv,40,FALSE,TRUE,,-7.8904,TRUE,5,-850,TRUE,DPD_STATUS_OK,,-15.8501,FALSE,TRUE,40,99,29925,,CtrlLinStateStartLate=started,13,47.6396,NORMAL,-10.8283,TRUE,FALSE,,51,Normal
570,Radio 2271 B1,CN39957796,8/26/2025 12:37,Normal,nff_issues,,supervision,0,BF,TRUE,FALSE,on,148,47.23,56.6,0,CtrlGainStateTuned=started,47911.5,-17.3232,FALSE,-40,,,TOR_ADC_ERR,lin-sv,40,FALSE,TRUE,,-12.5858,TRUE,5,-850,TRUE,DPD_STATUS_OK,,-17.9422,FALSE,TRUE,40,99,29872.5,,CtrlLinStateStartLate=started,13,42.7442,NORMAL,-16.7855,TRUE,FALSE,,125,Normal
571,Radio 2271 B1,CN39957796,8/26/2025 12:37,Normal,nff_issues,,supervision,,BF,TRUE,FALSE,on,,47.23,56.6,,CtrlGainStateTuned=started,47886,-10.2197,FALSE,-40,,,TOR_ADC_ERR,lin-sv,40,FALSE,TRUE,,-6.5269,TRUE,5,-850,TRUE,DPD_STATUS_OK,,-14.7252,FALSE,TRUE,40,,29867,,CtrlLinStateStartLate=started,13,48.8031,NORMAL,-9.9058,TRUE,FALSE,,15,Normal
572,Radio 2271 B1,CN39957796,8/26/2025 12:38,Normal,nff_issues,,supervision,9.5,BF,TRUE,FALSE,on,148,47.23,56.6,0,CtrlGainStateTuned=started,47903.5,-14.843,FALSE,-60,,,TOR_ADC_ERR,lin-sv,40,FALSE,TRUE,,-11.4125,TRUE,5,-850,TRUE,DPD_STATUS_OK,,-20.1136,FALSE,TRUE,40,101.5,29878,,CtrlLinStateStartLate=started,13,43.7175,NORMAL,-15.2502,TRUE,FALSE,,21,Normal
573,Radio 2271 B1,CN39957796,8/26/2025 12:38,Normal,nff_issues,,supervision,9.5,BF,TRUE,FALSE,on,148,47.23,56.6,0,CtrlGainStateTuned=started,47886,-15.5162,FALSE,-60,,,TOR_ADC_ERR,lin-sv,40,FALSE,TRUE,,-10.429,TRUE,5,-850,TRUE,DPD_STATUS_OK,,-18.5757,FALSE,TRUE,40,101.5,29878,,CtrlLinStateStartLate=started,13,44.701,NORMAL,-15.6748,TRUE,FALSE,,149,Normal
574,Radio 2271 B1,CN39957796,8/26/2025 12:38,Normal,nff_issues,,supervision,0,BF,TRUE,FALSE,on,147.5,47.23,56.6,0,CtrlGainStateTuned=started,47921.5,-10.4677,FALSE,-80,,,TOR_ADC_ERR,lin-sv,40,FALSE,TRUE,,-6.6034,TRUE,5,-850,TRUE,DPD_STATUS_OK,,-14.826,FALSE,TRUE,40,101,29872.5,,CtrlLinStateStartLate=started,13,48.3266,NORMAL,-10.6804,TRUE,FALSE,,60,Normal
575,Radio 2271 B1,CN39957796,8/26/2025 12:38,Normal,nff_issues,,supervision,0,BF,TRUE,FALSE,on,149,47.23,56.6,0,CtrlGainStateTuned=started,47886,-9.9379,FALSE,-80,,,TOR_ADC_ERR,lin-sv,40,FALSE,TRUE,,-5.9713,TRUE,5,-850,TRUE,DPD_STATUS_OK,,-14.7025,FALSE,TRUE,40,101,29898,,CtrlLinStateStartLate=started,13,48.9587,NORMAL,-9.8849,TRUE,FALSE,,80,Normal
576,Radio 2271 B1,CN39957796,8/27/2025 16:23,Normal,nff_issues,,ramping timeout.,0,BF,TRUE,FALSE,off,150,47.23,51.2,0,CtrlGainStateRamping=starting,48027,-11.7214,FALSE,0,,,NA,lin-ramping,40,FALSE,TRUE,,-39.9652,TRUE,2,-850,TRUE,DPD_STATUS_OK,,-14.7634,FALSE,TRUE,40,104,29945,,ns=stopped,13,15.7648,NORMAL,-10.7532,TRUE,FALSE,,1976,Normal
577,Radio 2271 B1,CN39957796,8/27/2025 16:24,Normal,nff_issues,,ramping timeout.,35,BF,TRUE,FALSE,off,150,47.23,52,0,CtrlGainStateRamping=starting,47886,-19.1204,FALSE,-120,,,NA,lin-ramping,40,FALSE,TRUE,,-47.4439,TRUE,1,-850,TRUE,DPD_STATUS_OK,,-1000,FALSE,TRUE,40,102,29917,,ns=stopped,13,0,NORMAL,-1000,TRUE,FALSE,,1976,Normal
578,Radio 2271 B1,CN39957796,8/28/2025 8:28,Normal,nff_issues,,ramping timeout.,19,BF,TRUE,FALSE,off,147,47.23,52,0,CtrlGainStateRamping=starting,47765,-18.4613,FALSE,0,,,NA,lin-ramping,40,FALSE,TRUE,,-54.3565,TRUE,2,-850,TRUE,DPD_STATUS_OK,,-23.2659,FALSE,TRUE,40,101,29847,,ns=stopped,13,1.37348,NORMAL,-19.3169,TRUE,FALSE,,1976,Normal
579,Radio 2271 B1,CN39957796,8/28/2025 8:28,Normal,nff_issues,,ramping timeout.,15,BF,TRUE,FALSE,off,156,47.23,52,0,CtrlGainStateRamping=starting,47851,-19.3225,FALSE,-120,,,NA,lin-ramping,40,FALSE,TRUE,,-49.7122,TRUE,0,-850,TRUE,DPD_STATUS_OK,,-22.1509,FALSE,TRUE,40,102,29917,,ns=stopped,13,4.81777,NORMAL,-18.1047,TRUE,FALSE,,1976,Normal
580,Radio 2271 B1,CN39957796,8/28/2025 8:29,Normal,nff_issues,,ramping timeout.,15,BF,TRUE,FALSE,off,148.5,47.23,52,0,CtrlGainStateRamping=starting,47929,-15.0419,FALSE,-240,,,NA,lin-ramping,40,FALSE,TRUE,,-41.5316,TRUE,1,-850,TRUE,DPD_STATUS_OK,,-18.1019,FALSE,TRUE,40,98.5,29911.5,,ns=stopped,13,11.7984,NORMAL,-14.1295,TRUE,FALSE,,1976,Normal
581,Radio 2271 B1,CN39957796,8/28/2025 8:29,Normal,nff_issues,,supervision,15,BF,TRUE,FALSE,on,148.5,47.23,52.8,0,CtrlGainStateTuned=started,47937,-12.2679,FALSE,0,,,TOR_ADC_ERR,lin-sv,40,FALSE,TRUE,,-4.4159,TRUE,5,-850,TRUE,DPD_STATUS_OK,,-11.477,FALSE,TRUE,40,98.5,29917,,CtrlLinStateStartLate=started,13,51.3141,NORMAL,-12.257,TRUE,FALSE,,48,Normal
582,Radio 2271 B1,CN39957796,8/28/2025 8:29,Normal,nff_issues,,ramping timeout.,37,BF,TRUE,FALSE,off,149,47.23,52,0,CtrlGainStateRamping=paused,47957,-24.7553,FALSE,-20,,,NA,lin-ramping,40,FALSE,TRUE,,-32.1616,TRUE,2,-850,TRUE,DPD_STATUS_OK,,-1000,FALSE,TRUE,40,102,29906,,ns=stopped,13,0,NORMAL,-1000,TRUE,FALSE,,822,Normal
583,Radio 2271 B1,CN39957796,8/28/2025 8:29,Normal,nff_issues,,ramping timeout.,30,BF,TRUE,FALSE,off,150,47.23,51.2,0,CtrlGainStateRamping=starting,47902,-21.8586,FALSE,-140,,,NA,lin-ramping,40,FALSE,TRUE,,-48.5841,TRUE,1,-850,TRUE,DPD_STATUS_OK,,-1000,FALSE,TRUE,40,103,29898,,ns=stopped,13,0,NORMAL,-1000,TRUE,FALSE,,1977,Normal
584,Radio 2271 B1,CN39957796,8/28/2025 8:30,Normal,nff_issues,,supervision,0,BF,TRUE,FALSE,on,147,47.23,51.2,0,CtrlGainStateTuned=started,47921,-12.9039,FALSE,-260,,,TOR_ADC_ERR,lin-sv,40,FALSE,TRUE,,-3.6879,TRUE,5,-850,TRUE,DPD_STATUS_OK,,-12.1873,FALSE,TRUE,40,101,29945,,CtrlLinStateStartLate=started,13,49.4421,NORMAL,-12.8607,TRUE,FALSE,,258,Normal
659,Radio 2271 B1,E55P870893,1/22/2025 20:16,Normal,nff_issues,,Wait for data timeout,641,,TRUE,FALSE,off,154,43.03,32.4,11,CtrlGainStateWait=starting,43972,,,,FALSE,FALSE,,ext-bb-data-missing,40,,,,,,0,-850,,,,,,,20,103,29925,,ns=stopped,56,,,,,,FALSE,1973,Normal
660,Radio 2271 B1,E55P870893,1/22/2025 20:16,Normal,nff_issues,,Wait for data timeout,454,,TRUE,FALSE,off,113,43.03,32.6,7.5,CtrlGainStateWait=starting,43997.5,,,,FALSE,FALSE,,ext-bb-data-missing,40,,,,,,0,-850,,,,,,,20,76,29857,,ns=stopped,56,,,,,,FALSE,1976,Normal
661,Radio 2271 B1,E55P870893,1/22/2025 20:17,Normal,nff_issues,,Wait for data timeout,718,,TRUE,FALSE,off,152,43.03,32.4,15,CtrlGainStateWait=starting,44078,,,,FALSE,FALSE,,ext-bb-data-missing,40,,,,,,0,-850,,,,,,,20,101,29906,,ns=stopped,56,,,,,,FALSE,1973,Normal
662,Radio 2271 B1,E55P870893,1/22/2025 20:17,Normal,nff_issues,,Wait for data timeout,540,,TRUE,FALSE,off,150,43.03,32.2,4,CtrlGainStateWait=starting,43921,,,,FALSE,FALSE,,ext-bb-data-missing,40,,,,,,0,-850,,,,,,,20,103,29906,,ns=stopped,56,,,,,,FALSE,1976,Normal
663,Radio 2271 B1,E55P870893,1/22/2025 20:17,Normal,nff_issues,,Wait for data timeout,589,,TRUE,FALSE,off,150,43.03,32.1,4,CtrlGainStateWait=starting,44078,,,,FALSE,FALSE,,ext-bb-data-missing,40,,,,,,0,-850,,,,,,,20,103,29906,,ns=stopped,56,,,,,,FALSE,1976,Normal
664,Radio 2271 B1,E55P870893,1/23/2025 18:35,Normal,nff_issues,,Wait for data timeout,637,,TRUE,FALSE,off,153,43.03,38.7,11,CtrlGainStateWait=starting,44042,,,,FALSE,FALSE,,ext-bb-data-missing,40,,,,,,0,-850,,,,,,,20,103,29867,,ns=stopped,56,,,,,,FALSE,1973,Normal
665,Radio 2271 B1,E55P870893,1/23/2025 18:36,Normal,nff_issues,,Wait for data timeout,452,,TRUE,FALSE,off,113,43.03,38.8,8,CtrlGainStateWait=starting,43894,,,,FALSE,FALSE,,ext-bb-data-missing,40,,,,,,0,-850,,,,,,,20,75.5,29845,,ns=stopped,56,,,,,,FALSE,1973,Normal
666,Radio 2271 B1,E55P870893,1/23/2025 18:36,Normal,nff_issues,,Wait for data timeout,452,,TRUE,FALSE,off,113,43.03,38.7,8,CtrlGainStateWait=starting,43894,,,,FALSE,FALSE,,ext-bb-data-missing,40,,,,,,0,-850,,,,,,,20,75.5,29845,,ns=stopped,56,,,,,,FALSE,1976,Normal
667,Radio 2271 B1,E55P870893,1/24/2025 8:07,Normal,nff_issues,,Wait for data timeout,618,,TRUE,FALSE,off,154,43.03,40.4,11,CtrlGainStateWait=starting,44113,,,,FALSE,FALSE,,ext-bb-data-missing,40,,,,,,0,-850,,,,,,,20,103,29917,,ns=stopped,56,,,,,,FALSE,1973,Normal
668,Radio 2271 B1,E55P870893,1/24/2025 8:07,Normal,nff_issues,,Wait for data timeout,436.5,,TRUE,FALSE,off,113,43.03,40.6,8,CtrlGainStateWait=starting,43964,,,,FALSE,FALSE,,ext-bb-data-missing,40,,,,,,0,-850,,,,,,,20,75.5,29866.5,,ns=stopped,56,,,,,,FALSE,1976,Normal
669,Radio 2271 B1,E55P870893,1/24/2025 8:07,Normal,nff_issues,,Wait for data timeout,699,,TRUE,FALSE,off,151,43.03,40.4,15,CtrlGainStateWait=starting,43867,,,,FALSE,FALSE,,ext-bb-data-missing,40,,,,,,0,-850,,,,,,,20,101,29878,,ns=stopped,56,,,,,,FALSE,1973,Normal
670,Radio 2271 B1,E55P870893,1/24/2025 8:08,Normal,nff_issues,,Wait for data timeout,495,,TRUE,FALSE,off,150,43.03,40.4,4,CtrlGainStateWait=starting,44128,,,,FALSE,FALSE,,ext-bb-data-missing,40,,,,,,0,-850,,,,,,,20,102,29886,,ns=stopped,56,,,,,,FALSE,1976,Normal
671,Radio 2271 B1,E55P870893,1/24/2025 8:08,Normal,nff_issues,,Wait for data timeout,573,,TRUE,FALSE,off,150,43.03,40.3,5,CtrlGainStateWait=starting,44042,,,,FALSE,FALSE,,ext-bb-data-missing,40,,,,,,0,-850,,,,,,,20,101,29917,,ns=stopped,56,,,,,,FALSE,1976,Normal
672,Radio 2271 B1,E55P870893,1/25/2025 6:53,Normal,nff_issues,,Wait for data timeout,640,,TRUE,FALSE,off,153,43.03,38.8,11,CtrlGainStateWait=starting,44023,,,,FALSE,FALSE,,ext-bb-data-missing,40,,,,,,0,-850,,,,,,,20,102,29886,,ns=stopped,56,,,,,,FALSE,1973,Normal
673,Radio 2271 B1,E55P870893,1/25/2025 6:53,Normal,nff_issues,,Wait for data timeout,454.5,,TRUE,FALSE,off,113,43.03,38.8,8,CtrlGainStateWait=starting,43982,,,,FALSE,FALSE,,ext-bb-data-missing,40,,,,,,0,-850,,,,,,,20,75,29901.5,,ns=stopped,56,,,,,,FALSE,1976,Normal
674,Radio 2271 B1,E55P870893,1/25/2025 20:14,Normal,nff_issues,,Wait for data timeout,638,,TRUE,FALSE,off,153,43.03,37.5,12,CtrlGainStateWait=starting,43957,,,,FALSE,FALSE,,ext-bb-data-missing,40,,,,,,0,-850,,,,,,,20,102,29878,,ns=stopped,56,,,,,,FALSE,1973,Normal
675,Radio 2271 B1,E55P870893,1/25/2025 20:15,Normal,nff_issues,,Wait for data timeout,447.5,,TRUE,FALSE,off,114,43.03,37.6,8,CtrlGainStateWait=starting,43989.5,,,,FALSE,FALSE,,ext-bb-data-missing,40,,,,,,0,-850,,,,,,,20,77,29882,,ns=stopped,56,,,,,,FALSE,1976,Normal
676,Radio 2271 B1,E55P870893,1/25/2025 20:15,Normal,nff_issues,,Wait for data timeout,714,,TRUE,FALSE,off,152,43.03,37.4,15,CtrlGainStateWait=starting,44058,,,,FALSE,FALSE,,ext-bb-data-missing,40,,,,,,0,-850,,,,,,,20,100,29867,,ns=stopped,56,,,,,,FALSE,1973,Normal
677,Radio 2271 B1,E55P870893,1/25/2025 20:15,Normal,nff_issues,,Wait for data timeout,530,,TRUE,FALSE,off,150,43.03,37.2,4,CtrlGainStateWait=starting,44078,,,,FALSE,FALSE,,ext-bb-data-missing,40,,,,,,0,-850,,,,,,,20,102,29898,,ns=stopped,56,,,,,,FALSE,1976,Normal
678,Radio 2271 B1,E55P870893,1/25/2025 20:16,Normal,nff_issues,,Wait for data timeout,585,,TRUE,FALSE,off,150,43.03,37.1,5,CtrlGainStateWait=starting,44058,,,,FALSE,FALSE,,ext-bb-data-missing,40,,,,,,0,-850,,,,,,,20,102,29898,,ns=stopped,56,,,,,,FALSE,1976,Normal
679,Radio 2271 B1,E55P870893,1/26/2025 6:39,Normal,nff_issues,,Wait for data timeout,639,,TRUE,FALSE,off,154,43.03,35.1,11,CtrlGainStateWait=starting,43921,,,,FALSE,FALSE,,ext-bb-data-missing,40,,,,,,0,-850,,,,,,,20,104,29906,,ns=stopped,56,,,,,,FALSE,1973,Normal
680,Radio 2271 B1,E55P870893,1/26/2025 6:40,Normal,nff_issues,,Wait for data timeout,452,,TRUE,FALSE,off,113.5,43.03,35.3,7.5,CtrlGainStateWait=starting,44017,,,,FALSE,FALSE,,ext-bb-data-missing,40,,,,,,0,-850,,,,,,,20,77,29862.5,,ns=stopped,56,,,,,,FALSE,1976,Normal
681,Radio 2271 B1,E55P870893,1/28/2025 3:01,Normal,nff_issues,,Wait for data timeout,651,,TRUE,FALSE,off,154,43.03,34.8,12,CtrlGainStateWait=starting,44093,,,,FALSE,FALSE,,ext-bb-data-missing,40,,,,,,0,-850,,,,,,,20,102,29855,,ns=stopped,56,,,,,,FALSE,1973,Normal
682,Radio 2271 B1,E55P870893,1/28/2025 3:01,Normal,nff_issues,,Wait for data timeout,457,,TRUE,FALSE,off,113,43.03,35.1,8,CtrlGainStateWait=starting,44007.5,,,,FALSE,FALSE,,ext-bb-data-missing,40,,,,,,0,-850,,,,,,,20,75.5,29861,,ns=stopped,56,,,,,,FALSE,1976,Normal
683,Radio 2271 B1,E55P870893,1/29/2025 16:37,Normal,nff_issues,,Wait for data timeout,652,,TRUE,FALSE,off,153,43.03,32.9,12,CtrlGainStateWait=starting,44148,,,,FALSE,FALSE,,ext-bb-data-missing,40,,,,,,0,-850,,,,,,,20,103,29847,,ns=stopped,56,,,,,,FALSE,1973,Normal
684,Radio 2271 B1,E55P870893,1/29/2025 16:37,Normal,nff_issues,,Wait for data timeout,460,,TRUE,FALSE,off,113.5,43.03,33.1,7.5,CtrlGainStateWait=starting,43964,,,,FALSE,FALSE,,ext-bb-data-missing,40,,,,,,0,-850,,,,,,,20,75.5,29886,,ns=stopped,56,,,,,,FALSE,1976,Normal
685,Radio 2271 B1,E55P870893,1/30/2025 20:25,Normal,nff_issues,,Wait for data timeout,653,,TRUE,FALSE,off,154,43.03,30.5,12,CtrlGainStateWait=starting,43921,,,,FALSE,FALSE,,ext-bb-data-missing,40,,,,,,0,-850,,,,,,,20,103,29878,,ns=stopped,56,,,,,,FALSE,1973,Normal
686,Radio 2271 B1,E55P870893,1/30/2025 20:25,Normal,nff_issues,,Wait for data timeout,462.5,,TRUE,FALSE,off,113.5,43.03,30.6,8.5,CtrlGainStateWait=starting,43964,,,,FALSE,FALSE,,ext-bb-data-missing,40,,,,,,0,-850,,,,,,,20,76.5,29870.5,,ns=stopped,56,,,,,,FALSE,1976,Normal
687,Radio 2271 B1,E55P870893,1/31/2025 20:46,Normal,nff_issues,,Wait for data timeout,638,,TRUE,FALSE,off,154,43.03,37.6,11,CtrlGainStateWait=starting,44093,,,,FALSE,FALSE,,ext-bb-data-missing,40,,,,,,0,-850,,,,,,,20,102,29878,,ns=stopped,56,,,,,,FALSE,1973,Normal
688,Radio 2271 B1,E55P870893,1/31/2025 20:46,Normal,nff_issues,,Wait for data timeout,450.5,,TRUE,FALSE,off,113.5,43.03,37.7,8,CtrlGainStateWait=starting,44035,,,,FALSE,FALSE,,ext-bb-data-missing,40,,,,,,0,-850,,,,,,,20,76.5,29855,,ns=stopped,56,,,,,,FALSE,1976,Normal
689,Radio 2271 B1,E55P870893,2/1/2025 19:29,Normal,nff_issues,,Wait for data timeout,650,,TRUE,FALSE,off,154,43.03,32.6,12,CtrlGainStateWait=starting,44042,,,,FALSE,FALSE,,ext-bb-data-missing,40,,,,,,0,-850,,,,,,,20,104,29917,,ns=stopped,56,,,,,,FALSE,1973,Normal
690,Radio 2271 B1,E55P870893,2/1/2025 19:29,Normal,nff_issues,,Wait for data timeout,458.5,,TRUE,FALSE,off,114,43.03,32.7,8,CtrlGainStateWait=starting,43989.5,,,,FALSE,FALSE,,ext-bb-data-missing,40,,,,,,0,-850,,,,,,,20,77,29907.5,,ns=stopped,56,,,,,,FALSE,1976,Normal
691,Radio 2271 B1,E55P870893,2/1/2025 19:29,Normal,nff_issues,,Wait for data timeout,724,,TRUE,FALSE,off,153,43.03,32.5,14,CtrlGainStateWait=starting,43902,,,,FALSE,FALSE,,ext-bb-data-missing,40,,,,,,0,-850,,,,,,,20,102,29878,,ns=stopped,56,,,,,,FALSE,1973,Normal
692,Radio 2271 B1,E55P870893,2/1/2025 19:30,Normal,nff_issues,,Wait for data timeout,522,,TRUE,FALSE,off,150,43.03,32.1,3,CtrlGainStateWait=starting,43972,,,,FALSE,FALSE,,ext-bb-data-missing,40,,,,,,0,-850,,,,,,,20,103,29898,,ns=stopped,56,,,,,,FALSE,1976,Normal
693,Radio 2271 B1,E55P870893,2/1/2025 19:30,Normal,nff_issues,,Wait for data timeout,604,,TRUE,FALSE,off,150,43.03,31.9,4,CtrlGainStateWait=starting,44007,,,,FALSE,FALSE,,ext-bb-data-missing,40,,,,,,0,-850,,,,,,,20,102,29878,,ns=stopped,56,,,,,,FALSE,1976,Normal
694,Radio 2271 B1,E55P870893,2/5/2025 6:48,Normal,nff_issues,,Wait for data timeout,648,,TRUE,FALSE,off,154,43.03,31.9,12,CtrlGainStateWait=starting,43921,,,,FALSE,FALSE,,ext-bb-data-missing,40,,,,,,0,-850,,,,,,,20,104,29867,,ns=stopped,56,,,,,,FALSE,1973,Normal
695,Radio 2271 B1,E55P870893,2/5/2025 6:48,Normal,nff_issues,,Wait for data timeout,457,,TRUE,FALSE,off,113.5,43.03,32.1,7.5,CtrlGainStateWait=starting,43997.5,,,,FALSE,FALSE,,ext-bb-data-missing,40,,,,,,0,-850,,,,,,,20,76.5,29876.5,,ns=stopped,56,,,,,,FALSE,1976,Normal
696,Radio 2271 B1,E55P870893,2/6/2025 3:17,Normal,nff_issues,,Wait for data timeout,662,,TRUE,FALSE,off,153,43.03,28.9,12,CtrlGainStateWait=starting,43957,,,,FALSE,FALSE,,ext-bb-data-missing,40,,,,,,0,-850,,,,,,,20,103,29828,,ns=stopped,56,,,,,,FALSE,1973,Normal
697,Radio 2271 B1,E55P870893,2/6/2025 3:17,Normal,nff_issues,,Wait for data timeout,468.5,,TRUE,FALSE,off,113.5,43.03,29.1,8,CtrlGainStateWait=starting,44067.5,,,,FALSE,FALSE,,ext-bb-data-missing,40,,,,,,0,-850,,,,,,,20,76.5,29896,,ns=stopped,56,,,,,,FALSE,1976,Normal
698,Radio 2271 B1,E55P870893,2/6/2025 3:18,Normal,nff_issues,,Wait for data timeout,734,,TRUE,FALSE,off,151,43.03,28.9,15,CtrlGainStateWait=starting,43921,,,,FALSE,FALSE,,ext-bb-data-missing,40,,,,,,0,-850,,,,,,,20,101,29917,,ns=stopped,56,,,,,,FALSE,1973,Normal
699,Radio 2271 B1,E55P870893,2/6/2025 3:18,Normal,nff_issues,,Wait for data timeout,549,,TRUE,FALSE,off,149,43.03,28.6,3,CtrlGainStateWait=starting,43957,,,,FALSE,FALSE,,ext-bb-data-missing,40,,,,,,0,-850,,,,,,,20,103,29847,,ns=stopped,56,,,,,,FALSE,1976,Normal
700,Radio 2271 B1,E55P870893,2/6/2025 3:19,Normal,nff_issues,,Wait for data timeout,605,,TRUE,FALSE,off,149,43.03,28.5,5,CtrlGainStateWait=starting,43988,,,,FALSE,FALSE,,ext-bb-data-missing,40,,,,,,0,-850,,,,,,,20,102,29855,,ns=stopped,56,,,,,,FALSE,1976,Normal
701,Radio 2271 B1,E55P870893,2/7/2025 11:41,Normal,nff_issues,,Wait for data timeout,620,,TRUE,FALSE,off,153,43.03,43.1,11,CtrlGainStateWait=starting,44007,,,,FALSE,FALSE,,ext-bb-data-missing,40,,,,,,0,-850,,,,,,,20,102,29898,,ns=stopped,56,,,,,,FALSE,1973,Normal
702,Radio 2271 B1,E55P870893,2/7/2025 11:41,Normal,nff_issues,,Wait for data timeout,436,,TRUE,FALSE,off,113,43.03,43.1,8,CtrlGainStateWait=starting,43972,,,,FALSE,FALSE,,ext-bb-data-missing,40,,,,,,0,-850,,,,,,,20,76,29900,,ns=stopped,56,,,,,,FALSE,1976,Normal
703,Radio 2271 B1,E55P870893,2/7/2025 11:54,Normal,nff_issues,,Wait for data timeout,619,,TRUE,FALSE,off,153,43.03,43.4,10,CtrlGainStateWait=starting,43988,,,,FALSE,FALSE,,ext-bb-data-missing,40,,,,,,0,-850,,,,,,,20,102,29855,,ns=stopped,56,,,,,,FALSE,1973,Normal
704,Radio 2271 B1,E55P870893,2/7/2025 11:55,Normal,nff_issues,,Wait for data timeout,433.5,,TRUE,FALSE,off,113,43.03,43.4,8,CtrlGainStateWait=starting,44075.5,,,,FALSE,FALSE,,ext-bb-data-missing,40,,,,,,0,-850,,,,,,,20,75.5,29892,,ns=stopped,56,,,,,,FALSE,1976,Normal
705,Radio 2271 B1,E55P870893,2/7/2025 11:55,Normal,nff_issues,,Wait for data timeout,694,,TRUE,FALSE,off,152,43.03,42.9,14,CtrlGainStateWait=starting,43957,,,,FALSE,FALSE,,ext-bb-data-missing,40,,,,,,0,-850,,,,,,,20,101,29917,,ns=stopped,56,,,,,,FALSE,1973,Normal
706,Radio 2271 B1,E55P870893,2/7/2025 11:55,Normal,nff_issues,,Wait for data timeout,477,,TRUE,FALSE,off,151,43.03,42.4,4,CtrlGainStateWait=starting,43937,,,,FALSE,FALSE,,ext-bb-data-missing,40,,,,,,0,-850,,,,,,,20,102,29878,,ns=stopped,56,,,,,,FALSE,1976,Normal
707,Radio 2271 B1,E55P870893,2/7/2025 11:56,Normal,nff_issues,,Wait for data timeout,566,,TRUE,FALSE,off,148,43.03,42,4,CtrlGainStateWait=starting,44113,,,,FALSE,FALSE,,ext-bb-data-missing,40,,,,,,0,-850,,,,,,,20,100,29886,,ns=stopped,56,,,,,,FALSE,1976,Normal
708,Radio 2271 B1,E55P870893,2/11/2025 8:49,Normal,nff_issues,,Wait for data timeout,681,,TRUE,FALSE,off,154,43.03,31.7,11,CtrlGainStateWait=starting,44128,,,,FALSE,FALSE,,ext-bb-data-missing,40,,,,,,0,-850,,,,,,,20,103,29906,,ns=stopped,56,,,,,,FALSE,1973,Normal
709,Radio 2271 B1,E55P870893,2/11/2025 8:49,Normal,nff_issues,,Wait for data timeout,491.5,,TRUE,FALSE,off,113.5,43.03,31.8,8,CtrlGainStateWait=starting,43937,,,,FALSE,FALSE,,ext-bb-data-missing,40,,,,,,0,-850,,,,,,,20,76,29862.5,,ns=stopped,56,,,,,,FALSE,1976,Normal
710,Radio 2271 B1,E55P870893,2/11/2025 9:59,Normal,nff_issues,,Wait for data timeout,706,,TRUE,FALSE,off,152,43.03,29.7,12,CtrlGainStateWait=starting,44179,,,,FALSE,FALSE,,ext-bb-data-missing,40,,,,,,0,-850,,,,,,,20,102,29867,,ns=stopped,56,,,,,,FALSE,1973,Normal
711,Radio 2271 B1,E55P870893,2/11/2025 9:59,Normal,nff_issues,,Wait for data timeout,511.5,,TRUE,FALSE,off,113,43.03,29.8,8,CtrlGainStateWait=starting,44015,,,,FALSE,FALSE,,ext-bb-data-missing,40,,,,,,0,-850,,,,,,,20,76.5,29857,,ns=stopped,56,,,,,,FALSE,1976,Normal
712,Radio 2271 B1,E55P870893,2/11/2025 17:32,Normal,nff_issues,,Wait for data timeout,669,,TRUE,FALSE,off,153,43.03,38,11,CtrlGainStateWait=starting,44007,,,,FALSE,FALSE,,ext-bb-data-missing,40,,,,,,0,-850,,,,,,,20,102,29816,,ns=stopped,56,,,,,,FALSE,1973,Normal
713,Radio 2271 B1,E55P870893,2/11/2025 17:32,Normal,nff_issues,,Wait for data timeout,475,,TRUE,FALSE,off,113.5,43.03,38.1,7.5,CtrlGainStateWait=starting,44078,,,,FALSE,FALSE,,ext-bb-data-missing,40,,,,,,0,-850,,,,,,,20,76,29890,,ns=stopped,56,,,,,,FALSE,1976,Normal
714,Radio 2271 B1,E55P870893,2/11/2025 17:32,Normal,nff_issues,,Wait for data timeout,723,,TRUE,FALSE,off,150,43.03,37.9,14,CtrlGainStateWait=starting,43886,,,,FALSE,FALSE,,ext-bb-data-missing,40,,,,,,0,-850,,,,,,,20,99,29925,,ns=stopped,56,,,,,,FALSE,1973,Normal
715,Radio 2271 B1,E55P870893,2/11/2025 17:33,Normal,nff_issues,,Wait for data timeout,519,,TRUE,FALSE,off,151,43.03,37.3,3,CtrlGainStateWait=starting,44113,,,,FALSE,FALSE,,ext-bb-data-missing,40,,,,,,0,-850,,,,,,,20,102,29898,,ns=stopped,56,,,,,,FALSE,1976,Normal
716,Radio 2271 B1,E55P870893,2/11/2025 17:34,Normal,nff_issues,,Wait for data timeout,596,,TRUE,FALSE,off,149,43.03,37,5,CtrlGainStateWait=starting,44058,,,,FALSE,FALSE,,ext-bb-data-missing,40,,,,,,0,-850,,,,,,,20,102,29878,,ns=stopped,56,,,,,,FALSE,1976,Normal
717,Radio 2271 B1,E55P870893,2/12/2025 14:16,Normal,nff_issues,,Wait for data timeout,677,,TRUE,FALSE,off,151,43.03,44.9,9,CtrlGainStateWait=starting,44042,,,,FALSE,FALSE,,ext-bb-data-missing,40,,,,,,0,-850,,,,,,,20,100,29886,,ns=stopped,56,,,,,,FALSE,1973,Normal
718,Radio 2271 B1,E55P870893,2/12/2025 14:16,Normal,nff_issues,,Wait for data timeout,473.5,,TRUE,FALSE,off,112.5,43.03,45,8,CtrlGainStateWait=starting,44050,,,,FALSE,FALSE,,ext-bb-data-missing,40,,,,,,0,-850,,,,,,,20,75,29915.5,,ns=stopped,56,,,,,,FALSE,1976,Normal
719,Radio 2271 B1,E55P870893,2/12/2025 17:29,Normal,nff_issues,,Wait for data timeout,703,,TRUE,FALSE,off,152,43.03,35.8,12,CtrlGainStateWait=starting,44042,,,,FALSE,FALSE,,ext-bb-data-missing,40,,,,,,0,-850,,,,,,,20,100,29878,,ns=stopped,56,,,,,,FALSE,1973,Normal
720,Radio 2271 B1,E55P870893,2/12/2025 17:29,Normal,nff_issues,,Wait for data timeout,506,,TRUE,FALSE,off,112.5,43.03,35.8,8.5,CtrlGainStateWait=starting,43946.5,,,,FALSE,FALSE,,ext-bb-data-missing,40,,,,,,0,-850,,,,,,,20,74.5,29876.5,,ns=stopped,56,,,,,,FALSE,1976,Normal
721,Radio 2271 B1,E55P870893,2/12/2025 17:29,Normal,nff_issues,,Wait for data timeout,737,,TRUE,FALSE,off,150,43.03,35.5,15,CtrlGainStateWait=starting,44078,,,,FALSE,FALSE,,ext-bb-data-missing,40,,,,,,0,-850,,,,,,,20,99,29847,,ns=stopped,56,,,,,,FALSE,1973,Normal
722,Radio 2271 B1,E55P870893,2/12/2025 17:30,Normal,nff_issues,,Wait for data timeout,552,,TRUE,FALSE,off,150,43.03,34.7,4,CtrlGainStateWait=starting,43886,,,,FALSE,FALSE,,ext-bb-data-missing,40,,,,,,0,-850,,,,,,,20,103,29917,,ns=stopped,56,,,,,,FALSE,1976,Normal
723,Radio 2271 B1,E55P870893,2/12/2025 17:30,Normal,nff_issues,,Wait for data timeout,607,,TRUE,FALSE,off,149,43.03,34.3,5,CtrlGainStateWait=starting,43921,,,,FALSE,FALSE,,ext-bb-data-missing,40,,,,,,0,-850,,,,,,,20,102,29847,,ns=stopped,56,,,,,,FALSE,1976,Normal
724,Radio 2271 B1,E55P870893,2/14/2025 3:39,Normal,nff_issues,,Wait for data timeout,547,,TRUE,FALSE,off,154,43.03,27.7,13,CtrlGainStateWait=starting,44007,,,,FALSE,FALSE,,ext-bb-data-missing,40,,,,,,0,-850,,,,,,,20,104,29867,,ns=stopped,56,,,,,,FALSE,1973,Normal
725,Radio 2271 B1,E55P870893,2/14/2025 3:39,Normal,nff_issues,,Wait for data timeout,402,,TRUE,FALSE,off,114,43.03,28.1,8.5,CtrlGainStateWait=starting,44015,,,,FALSE,FALSE,,ext-bb-data-missing,40,,,,,,0,-850,,,,,,,20,76.5,29882.5,,ns=stopped,56,,,,,,FALSE,1976,Normal
726,Radio 2271 B1,E55P870893,2/14/2025 10:16,Normal,nff_issues,,Wait for data timeout,703,,TRUE,FALSE,off,153,43.03,25.2,17,CtrlGainStateWait=starting,44058,,,,FALSE,FALSE,,ext-bb-data-missing,40,,,,,,0,-850,,,,,,,20,102,29898,,ns=stopped,56,,,,,,FALSE,1973,Normal
727,Radio 2271 B1,E55P870893,2/14/2025 10:17,Normal,nff_issues,,Wait for data timeout,488.5,,TRUE,FALSE,off,113.5,43.03,25.6,10,CtrlGainStateWait=starting,43999.5,,,,FALSE,FALSE,,ext-bb-data-missing,40,,,,,,0,-850,,,,,,,20,77,29886,,ns=stopped,56,,,,,,FALSE,1976,Normal
728,Radio 2271 B1,E55P870893,2/15/2025 3:14,Normal,nff_issues,,Wait for data timeout,569,,TRUE,FALSE,off,154,43.03,29.1,13,CtrlGainStateWait=starting,44023,,,,FALSE,FALSE,,ext-bb-data-missing,40,,,,,,0,-850,,,,,,,20,104,29878,,ns=stopped,56,,,,,,FALSE,1973,Normal
729,Radio 2271 B1,E55P870893,2/15/2025 3:14,Normal,nff_issues,,Wait for data timeout,407.5,,TRUE,FALSE,off,114,43.03,29.5,8.5,CtrlGainStateWait=starting,43903.5,,,,FALSE,FALSE,,ext-bb-data-missing,40,,,,,,0,-850,,,,,,,20,76.5,29872.5,,ns=stopped,56,,,,,,FALSE,1976,Normal
730,Radio 2271 B1,E55P870893,2/15/2025 12:41,Normal,nff_issues,,Wait for data timeout,609,,TRUE,FALSE,off,155,43.03,34.9,12,CtrlGainStateWait=starting,43921,,,,FALSE,FALSE,,ext-bb-data-missing,40,,,,,,0,-850,,,,,,,20,104,29898,,ns=stopped,56,,,,,,FALSE,1973,Normal
731,Radio 2271 B1,E55P870893,2/15/2025 12:41,Normal,nff_issues,,Wait for data timeout,429.5,,TRUE,FALSE,off,113.5,43.03,35.2,8,CtrlGainStateWait=starting,43981.5,,,,FALSE,FALSE,,ext-bb-data-missing,40,,,,,,0,-850,,,,,,,20,77,29901.5,,ns=stopped,56,,,,,,FALSE,1976,Normal
732,Radio 2271 B1,E55P870893,2/18/2025 20:27,Normal,nff_issues,,Wait for data timeout,656,,TRUE,FALSE,off,154,43.03,34.9,12,CtrlGainStateWait=starting,43957,,,,FALSE,FALSE,,ext-bb-data-missing,40,,,,,,0,-850,,,,,,,20,102,29925,,ns=stopped,56,,,,,,FALSE,1973,Normal
733,Radio 2271 B1,E55P870893,2/18/2025 20:27,Normal,nff_issues,,Wait for data timeout,458,,TRUE,FALSE,off,113.5,43.03,35.1,8,CtrlGainStateWait=starting,43954.5,,,,FALSE,FALSE,,ext-bb-data-missing,40,,,,,,0,-850,,,,,,,20,76.5,29878,,ns=stopped,56,,,,,,FALSE,1973,Normal
734,Radio 2271 B1,E55P870893,2/18/2025 20:27,Normal,nff_issues,,Wait for data timeout,458,,TRUE,FALSE,off,113.5,43.03,35.1,8,CtrlGainStateWait=starting,43954.5,,,,FALSE,FALSE,,ext-bb-data-missing,40,,,,,,0,-850,,,,,,,20,76.5,29878,,ns=stopped,56,,,,,,FALSE,1976,Normal
735,Radio 2271 B1,E55P870893,2/19/2025 2:40,Normal,nff_issues,,Wait for data timeout,640,,TRUE,FALSE,off,154,43.03,36.6,12,CtrlGainStateWait=starting,43937,,,,FALSE,FALSE,,ext-bb-data-missing,40,,,,,,0,-850,,,,,,,20,103,29906,,ns=stopped,56,,,,,,FALSE,1973,Normal
736,Radio 2271 B1,E55P870893,2/19/2025 2:41,Normal,nff_issues,,Wait for data timeout,441.5,,TRUE,FALSE,off,114.5,43.03,36.8,8,CtrlGainStateWait=starting,43937,,,,FALSE,FALSE,,ext-bb-data-missing,40,,,,,,0,-850,,,,,,,20,77,29862.5,,ns=stopped,56,,,,,,FALSE,1976,Normal
737,Radio 2271 B1,E55P870893,2/19/2025 2:41,Normal,nff_issues,,Wait for data timeout,714,,TRUE,FALSE,off,153,43.03,36.6,15,CtrlGainStateWait=starting,44023,,,,FALSE,FALSE,,ext-bb-data-missing,40,,,,,,0,-850,,,,,,,20,101,29906,,ns=stopped,56,,,,,,FALSE,1973,Normal
738,Radio 2271 B1,E55P870893,2/19/2025 2:42,Normal,nff_issues,,Wait for data timeout,433,,TRUE,FALSE,off,152,43.03,35.9,3,CtrlGainStateWait=starting,43902,,,,FALSE,FALSE,,ext-bb-data-missing,40,,,,,,0,-850,,,,,,,20,105,29886,,ns=stopped,56,,,,,,FALSE,1976,Normal
739,Radio 2271 B1,E55P870893,2/19/2025 2:43,Normal,nff_issues,,Wait for data timeout,573,,TRUE,FALSE,off,152,43.03,35.6,4,CtrlGainStateWait=starting,44078,,,,FALSE,FALSE,,ext-bb-data-missing,40,,,,,,0,-850,,,,,,,20,103,29937,,ns=stopped,56,,,,,,FALSE,1976,Normal
740,Radio 2271 B1,E55P870893,2/22/2025 3:09,Normal,nff_issues,,Wait for data timeout,591,,TRUE,FALSE,off,156,43.03,25.7,14,CtrlGainStateWait=starting,44058,,,,FALSE,FALSE,,ext-bb-data-missing,40,,,,,,0,-850,,,,,,,20,104,29917,,ns=stopped,56,,,,,,FALSE,1973,Normal
741,Radio 2271 B1,E55P870893,2/22/2025 3:09,Normal,nff_issues,,Wait for data timeout,414.5,,TRUE,FALSE,off,114.5,43.03,26,8.5,CtrlGainStateWait=starting,43982,,,,FALSE,FALSE,,ext-bb-data-missing,40,,,,,,0,-850,,,,,,,20,76.5,29925,,ns=stopped,56,,,,,,FALSE,1973,Normal
742,Radio 2271 B1,E55P870893,2/22/2025 3:09,Normal,nff_issues,,Wait for data timeout,414.5,,TRUE,FALSE,off,114.5,43.03,26.1,8.5,CtrlGainStateWait=starting,43982,,,,FALSE,FALSE,,ext-bb-data-missing,40,,,,,,0,-850,,,,,,,20,76.5,29925,,ns=stopped,56,,,,,,FALSE,1976,Normal
743,Radio 2271 B1,E55P870893,2/22/2025 19:23,Normal,nff_issues,,Wait for data timeout,645,,TRUE,FALSE,off,155,43.03,31,12,CtrlGainStateWait=starting,44148,,,,FALSE,FALSE,,ext-bb-data-missing,40,,,,,,0,-850,,,,,,,20,103,29867,,ns=stopped,56,,,,,,FALSE,1973,Normal
744,Radio 2271 B1,E55P870893,2/22/2025 19:23,Normal,nff_issues,,Wait for data timeout,448.5,,TRUE,FALSE,off,115,43.03,31.2,8.5,CtrlGainStateWait=starting,44068,,,,FALSE,FALSE,,ext-bb-data-missing,40,,,,,,0,-850,,,,,,,20,76,29906,,ns=stopped,56,,,,,,FALSE,1976,Normal
745,Radio 2271 B1,E55P870893,2/22/2025 19:23,Normal,nff_issues,,Wait for data timeout,718,,TRUE,FALSE,off,154,43.03,30.9,15,CtrlGainStateWait=starting,44113,,,,FALSE,FALSE,,ext-bb-data-missing,40,,,,,,0,-850,,,,,,,20,102,29878,,ns=stopped,56,,,,,,FALSE,1973,Normal
746,Radio 2271 B1,E55P870893,2/22/2025 19:23,Normal,nff_issues,,Wait for data timeout,523,,TRUE,FALSE,off,151,43.03,30.8,3,CtrlGainStateWait=starting,43921,,,,FALSE,FALSE,,ext-bb-data-missing,40,,,,,,0,-850,,,,,,,20,102,29828,,ns=stopped,56,,,,,,FALSE,1976,Normal
747,Radio 2271 B1,E55P870893,2/22/2025 19:24,Normal,nff_issues,,Wait for data timeout,572,,TRUE,FALSE,off,152,43.03,30.7,5,CtrlGainStateWait=starting,44007,,,,FALSE,FALSE,,ext-bb-data-missing,40,,,,,,0,-850,,,,,,,20,103,29898,,ns=stopped,56,,,,,,FALSE,1976,Normal
748,Radio 2271 B1,E55P870893,2/24/2025 3:38,Normal,nff_issues,,Wait for data timeout,651,,TRUE,FALSE,off,157,43.03,32.6,12,CtrlGainStateWait=starting,43921,,,,FALSE,FALSE,,ext-bb-data-missing,40,,,,,,0,-850,,,,,,,20,104,29937,,ns=stopped,56,,,,,,FALSE,1973,Normal
749,Radio 2271 B1,E55P870893,2/24/2025 3:38,Normal,nff_issues,,Wait for data timeout,450.5,,TRUE,FALSE,off,115.5,43.03,32.8,7.5,CtrlGainStateWait=starting,44050,,,,FALSE,FALSE,,ext-bb-data-missing,40,,,,,,0,-850,,,,,,,20,77,29870.5,,ns=stopped,56,,,,,,FALSE,1976,Normal
750,Radio 2271 B1,E55P870893,2/24/2025 21:10,Normal,nff_issues,,Wait for data timeout,639,,TRUE,FALSE,off,156,43.03,33,11,CtrlGainStateWait=starting,43988,,,,FALSE,FALSE,,ext-bb-data-missing,40,,,,,,0,-850,,,,,,,20,103,29847,,ns=stopped,56,,,,,,FALSE,1973,Normal
751,Radio 2271 B1,E55P870893,2/24/2025 21:10,Normal,nff_issues,,Wait for data timeout,443,,TRUE,FALSE,off,115,43.03,33,8,CtrlGainStateWait=starting,43903.5,,,,FALSE,FALSE,,ext-bb-data-missing,40,,,,,,0,-850,,,,,,,20,76,29853,,ns=stopped,56,,,,,,FALSE,1973,Normal
752,Radio 2271 B1,E55P870893,2/24/2025 21:10,Normal,nff_issues,,Wait for data timeout,443,,TRUE,FALSE,off,115,43.03,33.1,8,CtrlGainStateWait=starting,43903.5,,,,FALSE,FALSE,,ext-bb-data-missing,40,,,,,,0,-850,,,,,,,20,76,29853,,ns=stopped,56,,,,,,FALSE,1976,Normal
753,Radio 2271 B1,E55P870893,2/24/2025 21:10,Normal,nff_issues,,Wait for data timeout,723,,TRUE,FALSE,off,154,43.03,32.7,15,CtrlGainStateWait=starting,43921,,,,FALSE,FALSE,,ext-bb-data-missing,40,,,,,,0,-850,,,,,,,20,101,29878,,ns=stopped,56,,,,,,FALSE,1973,Normal
754,Radio 2271 B1,E55P870893,2/24/2025 21:11,Normal,nff_issues,,Wait for data timeout,486,,TRUE,FALSE,off,153,43.03,32.2,4,CtrlGainStateWait=starting,44078,,,,FALSE,FALSE,,ext-bb-data-missing,40,,,,,,0,-850,,,,,,,20,103,29906,,ns=stopped,56,,,,,,FALSE,1976,Normal
755,Radio 2271 B1,E55P870893,2/24/2025 21:12,Normal,nff_issues,,Wait for data timeout,584,,TRUE,FALSE,off,152,43.03,31.8,5,CtrlGainStateWait=starting,44042,,,,FALSE,FALSE,,ext-bb-data-missing,40,,,,,,0,-850,,,,,,,20,102,29898,,ns=stopped,56,,,,,,FALSE,1976,Normal
756,Radio 2271 B1,E55P870893,2/26/2025 4:05,Normal,nff_issues,,Wait for data timeout,663,,TRUE,FALSE,off,155,43.03,28.1,12,CtrlGainStateWait=starting,44078,,,,FALSE,FALSE,,ext-bb-data-missing,40,,,,,,0,-850,,,,,,,20,102,29867,,ns=stopped,56,,,,,,FALSE,1973,Normal
757,Radio 2271 B1,E55P870893,2/26/2025 4:06,Normal,nff_issues,,Wait for data timeout,461,,TRUE,FALSE,off,115.5,43.03,28.3,7.5,CtrlGainStateWait=starting,44040.5,,,,FALSE,FALSE,,ext-bb-data-missing,40,,,,,,0,-850,,,,,,,20,76.5,29845,,ns=stopped,56,,,,,,FALSE,1976,Normal
758,Radio 2271 B1,E55P870893,12/10/2024 17:45,Normal,nff_issues,,Wait for data timeout,642,,TRUE,FALSE,off,150,43.03,40.7,12,CtrlGainStateWait=starting,44007,,,,FALSE,FALSE,,ext-bb-data-missing,40,,,,,,0,-850,,,,,,,20,101,29976,,ns=stopped,56,,,,,,FALSE,1973,Normal
759,Radio 2271 B1,E55P870893,12/10/2024 17:46,Normal,nff_issues,,Wait for data timeout,463,,TRUE,FALSE,off,111.5,43.03,40.8,9.5,CtrlGainStateWait=starting,43989.5,,,,FALSE,FALSE,,ext-bb-data-missing,40,,,,,,0,-850,,,,,,,20,76,29911.5,,ns=stopped,56,,,,,,FALSE,1973,Normal
760,Radio 2271 B1,E55P870893,12/10/2024 17:46,Normal,nff_issues,,Wait for data timeout,463,,TRUE,FALSE,off,111.5,43.03,40.8,9.5,CtrlGainStateWait=starting,43989.5,,,,FALSE,FALSE,,ext-bb-data-missing,40,,,,,,0,-850,,,,,,,20,76,29911.5,,ns=stopped,56,,,,,,FALSE,1976,Normal
761,Radio 2271 B1,E55P870893,12/11/2024 12:21,Normal,nff_issues,,Wait for data timeout,594,,TRUE,FALSE,off,151,43.03,52.2,13,CtrlGainStateWait=starting,44007,,,,FALSE,FALSE,,ext-bb-data-missing,40,,,,,,0,-850,,,,,,,20,103,29945,,ns=stopped,56,,,,,,FALSE,1973,Normal
762,Radio 2271 B1,E55P870893,12/11/2024 12:22,Normal,nff_issues,,Wait for data timeout,415,,TRUE,FALSE,off,112,43.03,52.3,10.5,CtrlGainStateWait=starting,43980,,,,FALSE,FALSE,,ext-bb-data-missing,40,,,,,,0,-850,,,,,,,20,76.5,29917,,ns=stopped,56,,,,,,FALSE,1976,Normal
763,Radio 2271 B1,E55P870893,12/11/2024 12:22,Normal,nff_issues,,Wait for data timeout,641,,TRUE,FALSE,off,150,43.03,52,20,CtrlGainStateWait=starting,44042,,,,FALSE,FALSE,,ext-bb-data-missing,40,,,,,,0,-850,,,,,,,20,102,29898,,ns=stopped,56,,,,,,FALSE,1973,Normal
764,Radio 2271 B1,E55P870893,12/11/2024 12:22,Normal,nff_issues,,Wait for data timeout,469,,TRUE,FALSE,off,150,43.03,51.7,4,CtrlGainStateWait=starting,44078,,,,FALSE,FALSE,,ext-bb-data-missing,40,,,,,,0,-850,,,,,,,20,103,29957,,ns=stopped,56,,,,,,FALSE,1976,Normal
765,Radio 2271 B1,E55P870893,12/11/2024 12:23,Normal,nff_issues,,Wait for data timeout,553,,TRUE,FALSE,off,149,43.03,51.4,5,CtrlGainStateWait=starting,43902,,,,FALSE,FALSE,,ext-bb-data-missing,40,,,,,,0,-850,,,,,,,20,102,29898,,ns=stopped,56,,,,,,FALSE,1976,Normal
766,Radio 2271 B1,E55P870893,12/13/2024 23:33,Normal,nff_issues,,Wait for data timeout,623,,TRUE,FALSE,off,151,43.03,36.7,14,CtrlGainStateWait=starting,44007,,,,FALSE,FALSE,,ext-bb-data-missing,40,,,,,,0,-850,,,,,,,20,103,29917,,ns=stopped,56,,,,,,FALSE,1973,Normal
767,Radio 2271 B1,E55P870893,12/13/2024 23:33,Normal,nff_issues,,Wait for data timeout,448,,TRUE,FALSE,off,113,43.03,36.8,9,CtrlGainStateWait=starting,43997.5,,,,FALSE,FALSE,,ext-bb-data-missing,40,,,,,,0,-850,,,,,,,20,76.5,29951,,ns=stopped,56,,,,,,FALSE,1976,Normal
768,Radio 2271 B1,E55P870893,12/10/2024 17:45,Normal,nff_issues,,Wait for data timeout,642,,TRUE,FALSE,off,150,43.03,40.7,12,CtrlGainStateWait=starting,44007,,,,FALSE,FALSE,,ext-bb-data-missing,40,,,,,,0,-850,,,,,,,20,101,29976,,ns=stopped,56,,,,,,FALSE,1973,Normal
769,Radio 2271 B1,E55P870893,12/10/2024 17:46,Normal,nff_issues,,Wait for data timeout,463,,TRUE,FALSE,off,111.5,43.03,40.8,9.5,CtrlGainStateWait=starting,43989.5,,,,FALSE,FALSE,,ext-bb-data-missing,40,,,,,,0,-850,,,,,,,20,76,29911.5,,ns=stopped,56,,,,,,FALSE,1973,Normal
770,Radio 2271 B1,E55P870893,12/10/2024 17:46,Normal,nff_issues,,Wait for data timeout,463,,TRUE,FALSE,off,111.5,43.03,40.8,9.5,CtrlGainStateWait=starting,43989.5,,,,FALSE,FALSE,,ext-bb-data-missing,40,,,,,,0,-850,,,,,,,20,76,29911.5,,ns=stopped,56,,,,,,FALSE,1976,Normal
771,Radio 2271 B1,E55P870893,12/11/2024 12:21,Normal,nff_issues,,Wait for data timeout,594,,TRUE,FALSE,off,151,43.03,52.2,13,CtrlGainStateWait=starting,44007,,,,FALSE,FALSE,,ext-bb-data-missing,40,,,,,,0,-850,,,,,,,20,103,29945,,ns=stopped,56,,,,,,FALSE,1973,Normal
772,Radio 2271 B1,E55P870893,12/11/2024 12:22,Normal,nff_issues,,Wait for data timeout,415,,TRUE,FALSE,off,112,43.03,52.3,10.5,CtrlGainStateWait=starting,43980,,,,FALSE,FALSE,,ext-bb-data-missing,40,,,,,,0,-850,,,,,,,20,76.5,29917,,ns=stopped,56,,,,,,FALSE,1976,Normal
773,Radio 2271 B1,E55P870893,12/11/2024 12:22,Normal,nff_issues,,Wait for data timeout,641,,TRUE,FALSE,off,150,43.03,52,20,CtrlGainStateWait=starting,44042,,,,FALSE,FALSE,,ext-bb-data-missing,40,,,,,,0,-850,,,,,,,20,102,29898,,ns=stopped,56,,,,,,FALSE,1973,Normal
774,Radio 2271 B1,E55P870893,12/11/2024 12:22,Normal,nff_issues,,Wait for data timeout,469,,TRUE,FALSE,off,150,43.03,51.7,4,CtrlGainStateWait=starting,44078,,,,FALSE,FALSE,,ext-bb-data-missing,40,,,,,,0,-850,,,,,,,20,103,29957,,ns=stopped,56,,,,,,FALSE,1976,Normal
775,Radio 2271 B1,E55P870893,12/11/2024 12:23,Normal,nff_issues,,Wait for data timeout,553,,TRUE,FALSE,off,149,43.03,51.4,5,CtrlGainStateWait=starting,43902,,,,FALSE,FALSE,,ext-bb-data-missing,40,,,,,,0,-850,,,,,,,20,102,29898,,ns=stopped,56,,,,,,FALSE,1976,Normal
776,Radio 2271 B1,E55P870893,12/13/2024 23:33,Normal,nff_issues,,Wait for data timeout,623,,TRUE,FALSE,off,151,43.03,36.7,14,CtrlGainStateWait=starting,44007,,,,FALSE,FALSE,,ext-bb-data-missing,40,,,,,,0,-850,,,,,,,20,103,29917,,ns=stopped,56,,,,,,FALSE,1973,Normal
777,Radio 2271 B1,E55P870893,12/13/2024 23:33,Normal,nff_issues,,Wait for data timeout,448,,TRUE,FALSE,off,113,43.03,36.8,9,CtrlGainStateWait=starting,43997.5,,,,FALSE,FALSE,,ext-bb-data-missing,40,,,,,,0,-850,,,,,,,20,76.5,29951,,ns=stopped,56,,,,,,FALSE,1976,Normal
778,Radio 2271 B1,E55P870893,12/17/2024 4:54,Normal,nff_issues,,Wait for data timeout,666,,TRUE,FALSE,off,150,43.03,37.2,10,CtrlGainStateWait=starting,43921,,,,FALSE,FALSE,,ext-bb-data-missing,40,,,,,,0,-850,,,,,,,20,101,29906,,ns=stopped,56,,,,,,FALSE,1973,Normal
779,Radio 2271 B1,E55P870893,12/17/2024 4:55,Normal,nff_issues,,Wait for data timeout,486.5,,TRUE,FALSE,off,111,43.03,37.2,8,CtrlGainStateWait=starting,43945,,,,FALSE,FALSE,,ext-bb-data-missing,40,,,,,,0,-850,,,,,,,20,75,29950.5,,ns=stopped,56,,,,,,FALSE,1976,Normal
780,Radio 2271 B1,E55P870893,12/17/2024 6:12,Normal,nff_issues,,Wait for data timeout,672,,TRUE,FALSE,off,149,43.03,38.3,11,CtrlGainStateWait=starting,44007,,,,FALSE,FALSE,,ext-bb-data-missing,40,,,,,,0,-850,,,,,,,20,100,29906,,ns=stopped,56,,,,,,FALSE,1973,Normal
781,Radio 2271 B1,E55P870893,12/17/2024 6:12,Normal,nff_issues,,Wait for data timeout,487,,TRUE,FALSE,off,111.5,43.03,38.4,8,CtrlGainStateWait=starting,43929,,,,FALSE,FALSE,,ext-bb-data-missing,40,,,,,,0,-850,,,,,,,20,75.5,29896,,ns=stopped,56,,,,,,FALSE,1976,Normal
782,Radio 2271 B1,E55P870893,12/17/2024 6:13,Normal,nff_issues,,Wait for data timeout,701,,TRUE,FALSE,off,149,43.03,38,15,CtrlGainStateWait=starting,44058,,,,FALSE,FALSE,,ext-bb-data-missing,40,,,,,,0,-850,,,,,,,20,99,29945,,ns=stopped,56,,,,,,FALSE,1973,Normal
783,Radio 2271 B1,E55P870893,12/17/2024 6:13,Normal,nff_issues,,Wait for data timeout,576,,TRUE,FALSE,off,148,43.03,37.6,4,CtrlGainStateWait=starting,43921,,,,FALSE,FALSE,,ext-bb-data-missing,40,,,,,,0,-850,,,,,,,20,102,29917,,ns=stopped,56,,,,,,FALSE,1976,Normal
784,Radio 2271 B1,E55P870893,12/17/2024 6:13,Normal,nff_issues,,Wait for data timeout,606,,TRUE,FALSE,off,148,43.03,37.5,5,CtrlGainStateWait=starting,43988,,,,FALSE,FALSE,,ext-bb-data-missing,40,,,,,,0,-850,,,,,,,20,100,29855,,ns=stopped,56,,,,,,FALSE,1976,Normal
785,Radio 2271 B1,E55P870893,12/17/2024 22:48,Normal,nff_issues,,Wait for data timeout,275,,TRUE,FALSE,off,154,43.03,22.9,14,CtrlGainStateWait=starting,44007,,,,FALSE,FALSE,,ext-bb-data-missing,40,,,,,,0,-850,,,,,,,20,105,29855,,ns=stopped,56,,,,,,FALSE,1973,Normal
786,Radio 2271 B1,E55P870893,12/17/2024 22:48,Normal,nff_issues,,Wait for data timeout,348.5,,TRUE,FALSE,off,112.5,43.03,23.4,9.5,CtrlGainStateWait=starting,43939,,,,FALSE,FALSE,,ext-bb-data-missing,40,,,,,,0,-850,,,,,,,20,77,29902,,ns=stopped,56,,,,,,FALSE,1973,Normal
787,Radio 2271 B1,E55P870893,12/17/2024 22:48,Normal,nff_issues,,Wait for data timeout,348.5,,TRUE,FALSE,off,112.5,43.03,23.4,9.5,CtrlGainStateWait=starting,43939,,,,FALSE,FALSE,,ext-bb-data-missing,40,,,,,,0,-850,,,,,,,20,77,29902,,ns=stopped,56,,,,,,FALSE,1976,Normal
788,Radio 2271 B1,E55P870893,12/17/2024 22:49,Normal,nff_issues,,Wait for data timeout,362,,TRUE,FALSE,off,113,43.03,23.6,7,CtrlGainStateWait=starting,43999.5,,,,FALSE,FALSE,,ext-bb-data-missing,40,,,,,,0,-850,,,,,,,20,78,29886,,ns=stopped,56,,,,,,FALSE,1973,Normal
789,Radio 2271 B1,E55P870893,12/18/2024 19:50,Normal,nff_issues,,Wait for data timeout,293,,TRUE,FALSE,off,153,43.03,29.7,14,CtrlGainStateWait=starting,44042,,,,FALSE,FALSE,,ext-bb-data-missing,40,,,,,,0,-850,,,,,,,20,105,29945,,ns=stopped,56,,,,,,FALSE,1973,Normal
790,Radio 2271 B1,E55P870893,12/18/2024 19:50,Normal,nff_issues,,Wait for data timeout,347.5,,TRUE,FALSE,off,113,43.03,30.1,8.5,CtrlGainStateWait=starting,43939,,,,FALSE,FALSE,,ext-bb-data-missing,40,,,,,,0,-850,,,,,,,20,77,29892,,ns=stopped,56,,,,,,FALSE,1976,Normal
791,Radio 2271 B1,E55P870893,12/19/2024 9:43,Normal,nff_issues,,Wait for data timeout,326,,TRUE,FALSE,off,153,43.03,33.7,14,CtrlGainStateWait=starting,43867,,,,FALSE,FALSE,,ext-bb-data-missing,40,,,,,,0,-850,,,,,,,20,105,29898,,ns=stopped,56,,,,,,FALSE,1973,Normal
792,Radio 2271 B1,E55P870893,12/19/2024 9:43,Normal,nff_issues,,Wait for data timeout,354,,TRUE,FALSE,off,113.5,43.03,34.1,8.5,CtrlGainStateWait=starting,43989.5,,,,FALSE,FALSE,,ext-bb-data-missing,40,,,,,,0,-850,,,,,,,20,77.5,29941,,ns=stopped,56,,,,,,FALSE,1976,Normal
793,Radio 2271 B1,E55P870893,12/10/2024 17:45,Normal,nff_issues,,Wait for data timeout,642,,TRUE,FALSE,off,150,43.03,40.7,12,CtrlGainStateWait=starting,44007,,,,FALSE,FALSE,,ext-bb-data-missing,40,,,,,,0,-850,,,,,,,20,101,29976,,ns=stopped,56,,,,,,FALSE,1973,Normal
794,Radio 2271 B1,E55P870893,12/10/2024 17:46,Normal,nff_issues,,Wait for data timeout,463,,TRUE,FALSE,off,111.5,43.03,40.8,9.5,CtrlGainStateWait=starting,43989.5,,,,FALSE,FALSE,,ext-bb-data-missing,40,,,,,,0,-850,,,,,,,20,76,29911.5,,ns=stopped,56,,,,,,FALSE,1973,Normal
795,Radio 2271 B1,E55P870893,12/10/2024 17:46,Normal,nff_issues,,Wait for data timeout,463,,TRUE,FALSE,off,111.5,43.03,40.8,9.5,CtrlGainStateWait=starting,43989.5,,,,FALSE,FALSE,,ext-bb-data-missing,40,,,,,,0,-850,,,,,,,20,76,29911.5,,ns=stopped,56,,,,,,FALSE,1976,Normal
796,Radio 2271 B1,E55P870893,12/11/2024 12:21,Normal,nff_issues,,Wait for data timeout,594,,TRUE,FALSE,off,151,43.03,52.2,13,CtrlGainStateWait=starting,44007,,,,FALSE,FALSE,,ext-bb-data-missing,40,,,,,,0,-850,,,,,,,20,103,29945,,ns=stopped,56,,,,,,FALSE,1973,Normal
797,Radio 2271 B1,E55P870893,12/11/2024 12:22,Normal,nff_issues,,Wait for data timeout,415,,TRUE,FALSE,off,112,43.03,52.3,10.5,CtrlGainStateWait=starting,43980,,,,FALSE,FALSE,,ext-bb-data-missing,40,,,,,,0,-850,,,,,,,20,76.5,29917,,ns=stopped,56,,,,,,FALSE,1976,Normal
798,Radio 2271 B1,E55P870893,12/11/2024 12:22,Normal,nff_issues,,Wait for data timeout,641,,TRUE,FALSE,off,150,43.03,52,20,CtrlGainStateWait=starting,44042,,,,FALSE,FALSE,,ext-bb-data-missing,40,,,,,,0,-850,,,,,,,20,102,29898,,ns=stopped,56,,,,,,FALSE,1973,Normal
799,Radio 2271 B1,E55P870893,12/11/2024 12:22,Normal,nff_issues,,Wait for data timeout,469,,TRUE,FALSE,off,150,43.03,51.7,4,CtrlGainStateWait=starting,44078,,,,FALSE,FALSE,,ext-bb-data-missing,40,,,,,,0,-850,,,,,,,20,103,29957,,ns=stopped,56,,,,,,FALSE,1976,Normal
800,Radio 2271 B1,E55P870893,12/11/2024 12:23,Normal,nff_issues,,Wait for data timeout,553,,TRUE,FALSE,off,149,43.03,51.4,5,CtrlGainStateWait=starting,43902,,,,FALSE,FALSE,,ext-bb-data-missing,40,,,,,,0,-850,,,,,,,20,102,29898,,ns=stopped,56,,,,,,FALSE,1976,Normal
801,Radio 2271 B1,E55P870893,12/13/2024 23:33,Normal,nff_issues,,Wait for data timeout,623,,TRUE,FALSE,off,151,43.03,36.7,14,CtrlGainStateWait=starting,44007,,,,FALSE,FALSE,,ext-bb-data-missing,40,,,,,,0,-850,,,,,,,20,103,29917,,ns=stopped,56,,,,,,FALSE,1973,Normal
802,Radio 2271 B1,E55P870893,12/13/2024 23:33,Normal,nff_issues,,Wait for data timeout,448,,TRUE,FALSE,off,113,43.03,36.8,9,CtrlGainStateWait=starting,43997.5,,,,FALSE,FALSE,,ext-bb-data-missing,40,,,,,,0,-850,,,,,,,20,76.5,29951,,ns=stopped,56,,,,,,FALSE,1976,Normal
803,Radio 2271 B1,E55P870893,12/17/2024 4:54,Normal,nff_issues,,Wait for data timeout,666,,TRUE,FALSE,off,150,43.03,37.2,10,CtrlGainStateWait=starting,43921,,,,FALSE,FALSE,,ext-bb-data-missing,40,,,,,,0,-850,,,,,,,20,101,29906,,ns=stopped,56,,,,,,FALSE,1973,Normal
804,Radio 2271 B1,E55P870893,12/17/2024 4:55,Normal,nff_issues,,Wait for data timeout,486.5,,TRUE,FALSE,off,111,43.03,37.2,8,CtrlGainStateWait=starting,43945,,,,FALSE,FALSE,,ext-bb-data-missing,40,,,,,,0,-850,,,,,,,20,75,29950.5,,ns=stopped,56,,,,,,FALSE,1976,Normal
805,Radio 2271 B1,E55P870893,12/17/2024 6:12,Normal,nff_issues,,Wait for data timeout,672,,TRUE,FALSE,off,149,43.03,38.3,11,CtrlGainStateWait=starting,44007,,,,FALSE,FALSE,,ext-bb-data-missing,40,,,,,,0,-850,,,,,,,20,100,29906,,ns=stopped,56,,,,,,FALSE,1973,Normal
806,Radio 2271 B1,E55P870893,12/17/2024 6:12,Normal,nff_issues,,Wait for data timeout,487,,TRUE,FALSE,off,111.5,43.03,38.4,8,CtrlGainStateWait=starting,43929,,,,FALSE,FALSE,,ext-bb-data-missing,40,,,,,,0,-850,,,,,,,20,75.5,29896,,ns=stopped,56,,,,,,FALSE,1976,Normal
807,Radio 2271 B1,E55P870893,12/17/2024 6:13,Normal,nff_issues,,Wait for data timeout,701,,TRUE,FALSE,off,149,43.03,38,15,CtrlGainStateWait=starting,44058,,,,FALSE,FALSE,,ext-bb-data-missing,40,,,,,,0,-850,,,,,,,20,99,29945,,ns=stopped,56,,,,,,FALSE,1973,Normal
808,Radio 2271 B1,E55P870893,12/17/2024 6:13,Normal,nff_issues,,Wait for data timeout,576,,TRUE,FALSE,off,148,43.03,37.6,4,CtrlGainStateWait=starting,43921,,,,FALSE,FALSE,,ext-bb-data-missing,40,,,,,,0,-850,,,,,,,20,102,29917,,ns=stopped,56,,,,,,FALSE,1976,Normal
809,Radio 2271 B1,E55P870893,12/17/2024 6:13,Normal,nff_issues,,Wait for data timeout,606,,TRUE,FALSE,off,148,43.03,37.5,5,CtrlGainStateWait=starting,43988,,,,FALSE,FALSE,,ext-bb-data-missing,40,,,,,,0,-850,,,,,,,20,100,29855,,ns=stopped,56,,,,,,FALSE,1976,Normal
810,Radio 2271 B1,E55P870893,12/17/2024 22:48,Normal,nff_issues,,Wait for data timeout,275,,TRUE,FALSE,off,154,43.03,22.9,14,CtrlGainStateWait=starting,44007,,,,FALSE,FALSE,,ext-bb-data-missing,40,,,,,,0,-850,,,,,,,20,105,29855,,ns=stopped,56,,,,,,FALSE,1973,Normal
811,Radio 2271 B1,E55P870893,12/17/2024 22:48,Normal,nff_issues,,Wait for data timeout,348.5,,TRUE,FALSE,off,112.5,43.03,23.4,9.5,CtrlGainStateWait=starting,43939,,,,FALSE,FALSE,,ext-bb-data-missing,40,,,,,,0,-850,,,,,,,20,77,29902,,ns=stopped,56,,,,,,FALSE,1973,Normal
812,Radio 2271 B1,E55P870893,12/17/2024 22:48,Normal,nff_issues,,Wait for data timeout,348.5,,TRUE,FALSE,off,112.5,43.03,23.4,9.5,CtrlGainStateWait=starting,43939,,,,FALSE,FALSE,,ext-bb-data-missing,40,,,,,,0,-850,,,,,,,20,77,29902,,ns=stopped,56,,,,,,FALSE,1976,Normal
813,Radio 2271 B1,E55P870893,12/17/2024 22:49,Normal,nff_issues,,Wait for data timeout,362,,TRUE,FALSE,off,113,43.03,23.6,7,CtrlGainStateWait=starting,43999.5,,,,FALSE,FALSE,,ext-bb-data-missing,40,,,,,,0,-850,,,,,,,20,78,29886,,ns=stopped,56,,,,,,FALSE,1973,Normal
814,Radio 2271 B1,E55P870893,12/18/2024 19:50,Normal,nff_issues,,Wait for data timeout,293,,TRUE,FALSE,off,153,43.03,29.7,14,CtrlGainStateWait=starting,44042,,,,FALSE,FALSE,,ext-bb-data-missing,40,,,,,,0,-850,,,,,,,20,105,29945,,ns=stopped,56,,,,,,FALSE,1973,Normal
815,Radio 2271 B1,E55P870893,12/18/2024 19:50,Normal,nff_issues,,Wait for data timeout,347.5,,TRUE,FALSE,off,113,43.03,30.1,8.5,CtrlGainStateWait=starting,43939,,,,FALSE,FALSE,,ext-bb-data-missing,40,,,,,,0,-850,,,,,,,20,77,29892,,ns=stopped,56,,,,,,FALSE,1976,Normal
816,Radio 2271 B1,E55P870893,12/19/2024 9:43,Normal,nff_issues,,Wait for data timeout,326,,TRUE,FALSE,off,153,43.03,33.7,14,CtrlGainStateWait=starting,43867,,,,FALSE,FALSE,,ext-bb-data-missing,40,,,,,,0,-850,,,,,,,20,105,29898,,ns=stopped,56,,,,,,FALSE,1973,Normal
817,Radio 2271 B1,E55P870893,12/19/2024 9:43,Normal,nff_issues,,Wait for data timeout,354,,TRUE,FALSE,off,113.5,43.03,34.1,8.5,CtrlGainStateWait=starting,43989.5,,,,FALSE,FALSE,,ext-bb-data-missing,40,,,,,,0,-850,,,,,,,20,77.5,29941,,ns=stopped,56,,,,,,FALSE,1976,Normal
818,Radio 2271 B1,E55P870893,12/19/2024 22:08,Normal,nff_issues,,Wait for data timeout,651.5,,TRUE,FALSE,off,148,47.24,34.6,5.5,CtrlGainStateWait=starting,47981.5,,,,FALSE,FALSE,,ext-bb-data-missing,40,,,,,,0,-850,,,,,,,40,102,29905.5,,ns=stopped,56,,,,,,FALSE,1973,Normal
819,Radio 2271 B1,E55P870893,12/19/2024 22:08,Normal,nff_issues,,Wait for data timeout,658.5,,TRUE,FALSE,off,147.5,47.24,34.5,8,CtrlGainStateWait=starting,47868.5,,,,FALSE,FALSE,,ext-bb-data-missing,40,,,,,,0,-850,,,,,,,40,101,29917,,ns=stopped,56,,,,,,FALSE,1976,Normal
820,Radio 2271 B1,E55P870893,12/19/2024 22:08,Normal,nff_issues,,Wait for data timeout,658.5,,TRUE,FALSE,off,147.5,47.24,34.5,8,CtrlGainStateWait=starting,47851,,,,FALSE,FALSE,,ext-bb-data-missing,40,,,,,,0,-850,,,,,,,40,101,29917,,ns=stopped,56,,,,,,FALSE,1973,Normal
821,Radio 2271 B1,E55P870893,12/23/2024 5:09,Normal,nff_issues,,Wait for data timeout,641,,TRUE,FALSE,off,150,43.03,41.5,11,CtrlGainStateWait=starting,43937,,,,FALSE,FALSE,,ext-bb-data-missing,40,,,,,,0,-850,,,,,,,20,101,29886,,ns=stopped,56,,,,,,FALSE,1973,Normal
822,Radio 2271 B1,E55P870893,12/23/2024 5:09,Normal,nff_issues,,Wait for data timeout,458.5,,TRUE,FALSE,off,111.5,43.03,41.6,8,CtrlGainStateWait=starting,44060,,,,FALSE,FALSE,,ext-bb-data-missing,40,,,,,,0,-850,,,,,,,20,75.5,29892,,ns=stopped,56,,,,,,FALSE,1973,Normal
823,Radio 2271 B1,E55P870893,12/23/2024 5:09,Normal,nff_issues,,Wait for data timeout,458.5,,TRUE,FALSE,off,111.5,43.03,41.6,8,CtrlGainStateWait=starting,44060,,,,FALSE,FALSE,,ext-bb-data-missing,40,,,,,,0,-850,,,,,,,20,75.5,29892,,ns=stopped,56,,,,,,FALSE,1976,Normal
824,Radio 2271 B1,E55P870893,12/24/2024 19:54,Normal,nff_issues,,Wait for data timeout,636,,TRUE,FALSE,off,151,43.03,47.6,11,CtrlGainStateWait=starting,43867,,,,FALSE,FALSE,,ext-bb-data-missing,40,,,,,,0,-850,,,,,,,20,102,29898,,ns=stopped,56,,,,,,FALSE,1973,Normal
825,Radio 2271 B1,E55P870893,12/24/2024 19:55,Normal,nff_issues,,Wait for data timeout,448,,TRUE,FALSE,off,112.5,43.03,47.7,8,CtrlGainStateWait=starting,43954.5,,,,FALSE,FALSE,,ext-bb-data-missing,40,,,,,,0,-850,,,,,,,20,76,29896,,ns=stopped,56,,,,,,FALSE,1976,Normal
826,Radio 2271 B1,E55P870893,12/10/2024 17:45,Normal,nff_issues,,Wait for data timeout,642,,TRUE,FALSE,off,150,43.03,40.7,12,CtrlGainStateWait=starting,44007,,,,FALSE,FALSE,,ext-bb-data-missing,40,,,,,,0,-850,,,,,,,20,101,29976,,ns=stopped,56,,,,,,FALSE,1973,Normal
827,Radio 2271 B1,E55P870893,12/10/2024 17:46,Normal,nff_issues,,Wait for data timeout,463,,TRUE,FALSE,off,111.5,43.03,40.8,9.5,CtrlGainStateWait=starting,43989.5,,,,FALSE,FALSE,,ext-bb-data-missing,40,,,,,,0,-850,,,,,,,20,76,29911.5,,ns=stopped,56,,,,,,FALSE,1973,Normal
828,Radio 2271 B1,E55P870893,12/10/2024 17:46,Normal,nff_issues,,Wait for data timeout,463,,TRUE,FALSE,off,111.5,43.03,40.8,9.5,CtrlGainStateWait=starting,43989.5,,,,FALSE,FALSE,,ext-bb-data-missing,40,,,,,,0,-850,,,,,,,20,76,29911.5,,ns=stopped,56,,,,,,FALSE,1976,Normal
829,Radio 2271 B1,E55P870893,12/11/2024 12:21,Normal,nff_issues,,Wait for data timeout,594,,TRUE,FALSE,off,151,43.03,52.2,13,CtrlGainStateWait=starting,44007,,,,FALSE,FALSE,,ext-bb-data-missing,40,,,,,,0,-850,,,,,,,20,103,29945,,ns=stopped,56,,,,,,FALSE,1973,Normal
830,Radio 2271 B1,E55P870893,12/11/2024 12:22,Normal,nff_issues,,Wait for data timeout,415,,TRUE,FALSE,off,112,43.03,52.3,10.5,CtrlGainStateWait=starting,43980,,,,FALSE,FALSE,,ext-bb-data-missing,40,,,,,,0,-850,,,,,,,20,76.5,29917,,ns=stopped,56,,,,,,FALSE,1976,Normal
831,Radio 2271 B1,E55P870893,12/11/2024 12:22,Normal,nff_issues,,Wait for data timeout,641,,TRUE,FALSE,off,150,43.03,52,20,CtrlGainStateWait=starting,44042,,,,FALSE,FALSE,,ext-bb-data-missing,40,,,,,,0,-850,,,,,,,20,102,29898,,ns=stopped,56,,,,,,FALSE,1973,Normal
832,Radio 2271 B1,E55P870893,12/11/2024 12:22,Normal,nff_issues,,Wait for data timeout,469,,TRUE,FALSE,off,150,43.03,51.7,4,CtrlGainStateWait=starting,44078,,,,FALSE,FALSE,,ext-bb-data-missing,40,,,,,,0,-850,,,,,,,20,103,29957,,ns=stopped,56,,,,,,FALSE,1976,Normal
833,Radio 2271 B1,E55P870893,12/11/2024 12:23,Normal,nff_issues,,Wait for data timeout,553,,TRUE,FALSE,off,149,43.03,51.4,5,CtrlGainStateWait=starting,43902,,,,FALSE,FALSE,,ext-bb-data-missing,40,,,,,,0,-850,,,,,,,20,102,29898,,ns=stopped,56,,,,,,FALSE,1976,Normal
834,Radio 2271 B1,E55P870893,12/13/2024 23:33,Normal,nff_issues,,Wait for data timeout,623,,TRUE,FALSE,off,151,43.03,36.7,14,CtrlGainStateWait=starting,44007,,,,FALSE,FALSE,,ext-bb-data-missing,40,,,,,,0,-850,,,,,,,20,103,29917,,ns=stopped,56,,,,,,FALSE,1973,Normal
835,Radio 2271 B1,E55P870893,12/13/2024 23:33,Normal,nff_issues,,Wait for data timeout,448,,TRUE,FALSE,off,113,43.03,36.8,9,CtrlGainStateWait=starting,43997.5,,,,FALSE,FALSE,,ext-bb-data-missing,40,,,,,,0,-850,,,,,,,20,76.5,29951,,ns=stopped,56,,,,,,FALSE,1976,Normal
836,Radio 2271 B1,E55P870893,12/17/2024 4:54,Normal,nff_issues,,Wait for data timeout,666,,TRUE,FALSE,off,150,43.03,37.2,10,CtrlGainStateWait=starting,43921,,,,FALSE,FALSE,,ext-bb-data-missing,40,,,,,,0,-850,,,,,,,20,101,29906,,ns=stopped,56,,,,,,FALSE,1973,Normal
837,Radio 2271 B1,E55P870893,12/17/2024 4:55,Normal,nff_issues,,Wait for data timeout,486.5,,TRUE,FALSE,off,111,43.03,37.2,8,CtrlGainStateWait=starting,43945,,,,FALSE,FALSE,,ext-bb-data-missing,40,,,,,,0,-850,,,,,,,20,75,29950.5,,ns=stopped,56,,,,,,FALSE,1976,Normal
838,Radio 2271 B1,E55P870893,12/17/2024 6:12,Normal,nff_issues,,Wait for data timeout,672,,TRUE,FALSE,off,149,43.03,38.3,11,CtrlGainStateWait=starting,44007,,,,FALSE,FALSE,,ext-bb-data-missing,40,,,,,,0,-850,,,,,,,20,100,29906,,ns=stopped,56,,,,,,FALSE,1973,Normal
839,Radio 2271 B1,E55P870893,12/17/2024 6:12,Normal,nff_issues,,Wait for data timeout,487,,TRUE,FALSE,off,111.5,43.03,38.4,8,CtrlGainStateWait=starting,43929,,,,FALSE,FALSE,,ext-bb-data-missing,40,,,,,,0,-850,,,,,,,20,75.5,29896,,ns=stopped,56,,,,,,FALSE,1976,Normal
840,Radio 2271 B1,E55P870893,12/17/2024 6:13,Normal,nff_issues,,Wait for data timeout,701,,TRUE,FALSE,off,149,43.03,38,15,CtrlGainStateWait=starting,44058,,,,FALSE,FALSE,,ext-bb-data-missing,40,,,,,,0,-850,,,,,,,20,99,29945,,ns=stopped,56,,,,,,FALSE,1973,Normal
841,Radio 2271 B1,E55P870893,12/17/2024 6:13,Normal,nff_issues,,Wait for data timeout,576,,TRUE,FALSE,off,148,43.03,37.6,4,CtrlGainStateWait=starting,43921,,,,FALSE,FALSE,,ext-bb-data-missing,40,,,,,,0,-850,,,,,,,20,102,29917,,ns=stopped,56,,,,,,FALSE,1976,Normal
842,Radio 2271 B1,E55P870893,12/17/2024 6:13,Normal,nff_issues,,Wait for data timeout,606,,TRUE,FALSE,off,148,43.03,37.5,5,CtrlGainStateWait=starting,43988,,,,FALSE,FALSE,,ext-bb-data-missing,40,,,,,,0,-850,,,,,,,20,100,29855,,ns=stopped,56,,,,,,FALSE,1976,Normal
843,Radio 2271 B1,E55P870893,12/17/2024 22:48,Normal,nff_issues,,Wait for data timeout,275,,TRUE,FALSE,off,154,43.03,22.9,14,CtrlGainStateWait=starting,44007,,,,FALSE,FALSE,,ext-bb-data-missing,40,,,,,,0,-850,,,,,,,20,105,29855,,ns=stopped,56,,,,,,FALSE,1973,Normal
844,Radio 2271 B1,E55P870893,12/17/2024 22:48,Normal,nff_issues,,Wait for data timeout,348.5,,TRUE,FALSE,off,112.5,43.03,23.4,9.5,CtrlGainStateWait=starting,43939,,,,FALSE,FALSE,,ext-bb-data-missing,40,,,,,,0,-850,,,,,,,20,77,29902,,ns=stopped,56,,,,,,FALSE,1973,Normal
845,Radio 2271 B1,E55P870893,12/17/2024 22:48,Normal,nff_issues,,Wait for data timeout,348.5,,TRUE,FALSE,off,112.5,43.03,23.4,9.5,CtrlGainStateWait=starting,43939,,,,FALSE,FALSE,,ext-bb-data-missing,40,,,,,,0,-850,,,,,,,20,77,29902,,ns=stopped,56,,,,,,FALSE,1976,Normal
846,Radio 2271 B1,E55P870893,12/17/2024 22:49,Normal,nff_issues,,Wait for data timeout,362,,TRUE,FALSE,off,113,43.03,23.6,7,CtrlGainStateWait=starting,43999.5,,,,FALSE,FALSE,,ext-bb-data-missing,40,,,,,,0,-850,,,,,,,20,78,29886,,ns=stopped,56,,,,,,FALSE,1973,Normal
847,Radio 2271 B1,E55P870893,12/18/2024 19:50,Normal,nff_issues,,Wait for data timeout,293,,TRUE,FALSE,off,153,43.03,29.7,14,CtrlGainStateWait=starting,44042,,,,FALSE,FALSE,,ext-bb-data-missing,40,,,,,,0,-850,,,,,,,20,105,29945,,ns=stopped,56,,,,,,FALSE,1973,Normal
848,Radio 2271 B1,E55P870893,12/18/2024 19:50,Normal,nff_issues,,Wait for data timeout,347.5,,TRUE,FALSE,off,113,43.03,30.1,8.5,CtrlGainStateWait=starting,43939,,,,FALSE,FALSE,,ext-bb-data-missing,40,,,,,,0,-850,,,,,,,20,77,29892,,ns=stopped,56,,,,,,FALSE,1976,Normal
849,Radio 2271 B1,E55P870893,12/19/2024 9:43,Normal,nff_issues,,Wait for data timeout,326,,TRUE,FALSE,off,153,43.03,33.7,14,CtrlGainStateWait=starting,43867,,,,FALSE,FALSE,,ext-bb-data-missing,40,,,,,,0,-850,,,,,,,20,105,29898,,ns=stopped,56,,,,,,FALSE,1973,Normal
850,Radio 2271 B1,E55P870893,12/19/2024 9:43,Normal,nff_issues,,Wait for data timeout,354,,TRUE,FALSE,off,113.5,43.03,34.1,8.5,CtrlGainStateWait=starting,43989.5,,,,FALSE,FALSE,,ext-bb-data-missing,40,,,,,,0,-850,,,,,,,20,77.5,29941,,ns=stopped,56,,,,,,FALSE,1976,Normal
851,Radio 2271 B1,E55P870893,12/19/2024 22:08,Normal,nff_issues,,Wait for data timeout,651.5,,TRUE,FALSE,off,148,47.24,34.6,5.5,CtrlGainStateWait=starting,47981.5,,,,FALSE,FALSE,,ext-bb-data-missing,40,,,,,,0,-850,,,,,,,40,102,29905.5,,ns=stopped,56,,,,,,FALSE,1973,Normal
852,Radio 2271 B1,E55P870893,12/19/2024 22:08,Normal,nff_issues,,Wait for data timeout,658.5,,TRUE,FALSE,off,147.5,47.24,34.5,8,CtrlGainStateWait=starting,47868.5,,,,FALSE,FALSE,,ext-bb-data-missing,40,,,,,,0,-850,,,,,,,40,101,29917,,ns=stopped,56,,,,,,FALSE,1976,Normal
853,Radio 2271 B1,E55P870893,12/19/2024 22:08,Normal,nff_issues,,Wait for data timeout,658.5,,TRUE,FALSE,off,147.5,47.24,34.5,8,CtrlGainStateWait=starting,47851,,,,FALSE,FALSE,,ext-bb-data-missing,40,,,,,,0,-850,,,,,,,40,101,29917,,ns=stopped,56,,,,,,FALSE,1973,Normal
854,Radio 2271 B1,E55P870893,12/23/2024 5:09,Normal,nff_issues,,Wait for data timeout,641,,TRUE,FALSE,off,150,43.03,41.5,11,CtrlGainStateWait=starting,43937,,,,FALSE,FALSE,,ext-bb-data-missing,40,,,,,,0,-850,,,,,,,20,101,29886,,ns=stopped,56,,,,,,FALSE,1973,Normal
855,Radio 2271 B1,E55P870893,12/23/2024 5:09,Normal,nff_issues,,Wait for data timeout,458.5,,TRUE,FALSE,off,111.5,43.03,41.6,8,CtrlGainStateWait=starting,44060,,,,FALSE,FALSE,,ext-bb-data-missing,40,,,,,,0,-850,,,,,,,20,75.5,29892,,ns=stopped,56,,,,,,FALSE,1973,Normal
856,Radio 2271 B1,E55P870893,12/23/2024 5:09,Normal,nff_issues,,Wait for data timeout,458.5,,TRUE,FALSE,off,111.5,43.03,41.6,8,CtrlGainStateWait=starting,44060,,,,FALSE,FALSE,,ext-bb-data-missing,40,,,,,,0,-850,,,,,,,20,75.5,29892,,ns=stopped,56,,,,,,FALSE,1976,Normal
857,Radio 2271 B1,E55P870893,12/24/2024 19:54,Normal,nff_issues,,Wait for data timeout,636,,TRUE,FALSE,off,151,43.03,47.6,11,CtrlGainStateWait=starting,43867,,,,FALSE,FALSE,,ext-bb-data-missing,40,,,,,,0,-850,,,,,,,20,102,29898,,ns=stopped,56,,,,,,FALSE,1973,Normal
858,Radio 2271 B1,E55P870893,12/24/2024 19:55,Normal,nff_issues,,Wait for data timeout,448,,TRUE,FALSE,off,112.5,43.03,47.7,8,CtrlGainStateWait=starting,43954.5,,,,FALSE,FALSE,,ext-bb-data-missing,40,,,,,,0,-850,,,,,,,20,76,29896,,ns=stopped,56,,,,,,FALSE,1976,Normal
859,Radio 2271 B1,E55P870893,1/6/2025 12:51,Normal,nff_issues,,Wait for data timeout,663,,TRUE,FALSE,off,151,43.03,38.1,10,CtrlGainStateWait=starting,43972,,,,FALSE,FALSE,,ext-bb-data-missing,40,,,,,,0,-850,,,,,,,20,101,29835,,ns=stopped,56,,,,,,FALSE,1973,Normal
860,Radio 2271 B1,E55P870893,1/6/2025 12:51,Normal,nff_issues,,Wait for data timeout,596,,TRUE,FALSE,off,150,43.03,38.1,9,CtrlGainStateWait=starting,44085.5,,,,FALSE,FALSE,,ext-bb-data-missing,40,,,,,,0,-850,,,,,,,20,101.5,29882,,ns=stopped,56,,,,,,FALSE,1976,Normal
861,Radio 2271 B1,E55P870893,1/9/2025 2:38,Normal,nff_issues,,Wait for data timeout,416,,TRUE,FALSE,off,155,43.03,22.9,14,CtrlGainStateWait=starting,44078,,,,FALSE,FALSE,,ext-bb-data-missing,40,,,,,,0,-850,,,,,,,20,105,29945,,ns=stopped,56,,,,,,FALSE,1973,Normal
862,Radio 2271 B1,E55P870893,1/9/2025 2:38,Normal,nff_issues,,Wait for data timeout,374.5,,TRUE,FALSE,off,113,43.03,23.3,9,CtrlGainStateWait=starting,43937,,,,FALSE,FALSE,,ext-bb-data-missing,40,,,,,,0,-850,,,,,,,20,77,29896,,ns=stopped,56,,,,,,FALSE,1973,Normal
863,Radio 2271 B1,E55P870893,1/9/2025 2:38,Normal,nff_issues,,Wait for data timeout,374.5,,TRUE,FALSE,off,113,43.03,23.3,9,CtrlGainStateWait=starting,43937,,,,FALSE,FALSE,,ext-bb-data-missing,40,,,,,,0,-850,,,,,,,20,77,29896,,ns=stopped,56,,,,,,FALSE,1976,Normal
864,Radio 2271 B1,E55P870893,1/9/2025 20:28,Normal,nff_issues,,Wait for data timeout,676,,TRUE,FALSE,off,152,43.03,36.2,10,CtrlGainStateWait=starting,44058,,,,FALSE,FALSE,,ext-bb-data-missing,40,,,,,,0,-850,,,,,,,20,101,29855,,ns=stopped,56,,,,,,FALSE,1973,Normal
865,Radio 2271 B1,E55P870893,1/9/2025 20:28,Normal,nff_issues,,Wait for data timeout,488.5,,TRUE,FALSE,off,113,43.03,36.3,7,CtrlGainStateWait=starting,44042,,,,FALSE,FALSE,,ext-bb-data-missing,40,,,,,,0,-850,,,,,,,20,75.5,29931,,ns=stopped,56,,,,,,FALSE,1976,Normal
866,Radio 2271 B1,E55P870893,1/9/2025 20:28,Normal,nff_issues,,Wait for data timeout,720,,TRUE,FALSE,off,151,43.03,35.9,14,CtrlGainStateWait=starting,43988,,,,FALSE,FALSE,,ext-bb-data-missing,40,,,,,,0,-850,,,,,,,20,100,29867,,ns=stopped,56,,,,,,FALSE,1973,Normal
867,Radio 2271 B1,E55P870893,1/9/2025 20:29,Normal,nff_issues,,Wait for data timeout,507,,TRUE,FALSE,off,150,43.03,34.6,3,CtrlGainStateWait=starting,44058,,,,FALSE,FALSE,,ext-bb-data-missing,40,,,,,,0,-850,,,,,,,20,104,29917,,ns=stopped,56,,,,,,FALSE,1976,Normal
868,Radio 2271 B1,E55P870893,1/9/2025 20:30,Normal,nff_issues,,Wait for data timeout,601,,TRUE,FALSE,off,149,43.03,34.1,5,CtrlGainStateWait=starting,44023,,,,FALSE,FALSE,,ext-bb-data-missing,40,,,,,,0,-850,,,,,,,20,102,29906,,ns=stopped,56,,,,,,FALSE,1976,Normal
869,Radio 2271 B1,E55P870893,12/10/2024 17:45,Normal,nff_issues,,Wait for data timeout,642,,TRUE,FALSE,off,150,43.03,40.7,12,CtrlGainStateWait=starting,44007,,,,FALSE,FALSE,,ext-bb-data-missing,40,,,,,,0,-850,,,,,,,20,101,29976,,ns=stopped,56,,,,,,FALSE,1973,Normal
870,Radio 2271 B1,E55P870893,12/10/2024 17:46,Normal,nff_issues,,Wait for data timeout,463,,TRUE,FALSE,off,111.5,43.03,40.8,9.5,CtrlGainStateWait=starting,43989.5,,,,FALSE,FALSE,,ext-bb-data-missing,40,,,,,,0,-850,,,,,,,20,76,29911.5,,ns=stopped,56,,,,,,FALSE,1973,Normal
871,Radio 2271 B1,E55P870893,12/10/2024 17:46,Normal,nff_issues,,Wait for data timeout,463,,TRUE,FALSE,off,111.5,43.03,40.8,9.5,CtrlGainStateWait=starting,43989.5,,,,FALSE,FALSE,,ext-bb-data-missing,40,,,,,,0,-850,,,,,,,20,76,29911.5,,ns=stopped,56,,,,,,FALSE,1976,Normal
872,Radio 2271 B1,E55P870893,12/11/2024 12:21,Normal,nff_issues,,Wait for data timeout,594,,TRUE,FALSE,off,151,43.03,52.2,13,CtrlGainStateWait=starting,44007,,,,FALSE,FALSE,,ext-bb-data-missing,40,,,,,,0,-850,,,,,,,20,103,29945,,ns=stopped,56,,,,,,FALSE,1973,Normal
873,Radio 2271 B1,E55P870893,12/11/2024 12:22,Normal,nff_issues,,Wait for data timeout,415,,TRUE,FALSE,off,112,43.03,52.3,10.5,CtrlGainStateWait=starting,43980,,,,FALSE,FALSE,,ext-bb-data-missing,40,,,,,,0,-850,,,,,,,20,76.5,29917,,ns=stopped,56,,,,,,FALSE,1976,Normal
874,Radio 2271 B1,E55P870893,12/11/2024 12:22,Normal,nff_issues,,Wait for data timeout,641,,TRUE,FALSE,off,150,43.03,52,20,CtrlGainStateWait=starting,44042,,,,FALSE,FALSE,,ext-bb-data-missing,40,,,,,,0,-850,,,,,,,20,102,29898,,ns=stopped,56,,,,,,FALSE,1973,Normal
875,Radio 2271 B1,E55P870893,12/11/2024 12:22,Normal,nff_issues,,Wait for data timeout,469,,TRUE,FALSE,off,150,43.03,51.7,4,CtrlGainStateWait=starting,44078,,,,FALSE,FALSE,,ext-bb-data-missing,40,,,,,,0,-850,,,,,,,20,103,29957,,ns=stopped,56,,,,,,FALSE,1976,Normal
876,Radio 2271 B1,E55P870893,12/11/2024 12:23,Normal,nff_issues,,Wait for data timeout,553,,TRUE,FALSE,off,149,43.03,51.4,5,CtrlGainStateWait=starting,43902,,,,FALSE,FALSE,,ext-bb-data-missing,40,,,,,,0,-850,,,,,,,20,102,29898,,ns=stopped,56,,,,,,FALSE,1976,Normal
877,Radio 2271 B1,E55P870893,12/13/2024 23:33,Normal,nff_issues,,Wait for data timeout,623,,TRUE,FALSE,off,151,43.03,36.7,14,CtrlGainStateWait=starting,44007,,,,FALSE,FALSE,,ext-bb-data-missing,40,,,,,,0,-850,,,,,,,20,103,29917,,ns=stopped,56,,,,,,FALSE,1973,Normal
878,Radio 2271 B1,E55P870893,12/13/2024 23:33,Normal,nff_issues,,Wait for data timeout,448,,TRUE,FALSE,off,113,43.03,36.8,9,CtrlGainStateWait=starting,43997.5,,,,FALSE,FALSE,,ext-bb-data-missing,40,,,,,,0,-850,,,,,,,20,76.5,29951,,ns=stopped,56,,,,,,FALSE,1976,Normal
879,Radio 2271 B1,E55P870893,12/17/2024 4:54,Normal,nff_issues,,Wait for data timeout,666,,TRUE,FALSE,off,150,43.03,37.2,10,CtrlGainStateWait=starting,43921,,,,FALSE,FALSE,,ext-bb-data-missing,40,,,,,,0,-850,,,,,,,20,101,29906,,ns=stopped,56,,,,,,FALSE,1973,Normal
880,Radio 2271 B1,E55P870893,12/17/2024 4:55,Normal,nff_issues,,Wait for data timeout,486.5,,TRUE,FALSE,off,111,43.03,37.2,8,CtrlGainStateWait=starting,43945,,,,FALSE,FALSE,,ext-bb-data-missing,40,,,,,,0,-850,,,,,,,20,75,29950.5,,ns=stopped,56,,,,,,FALSE,1976,Normal
881,Radio 2271 B1,E55P870893,12/17/2024 6:12,Normal,nff_issues,,Wait for data timeout,672,,TRUE,FALSE,off,149,43.03,38.3,11,CtrlGainStateWait=starting,44007,,,,FALSE,FALSE,,ext-bb-data-missing,40,,,,,,0,-850,,,,,,,20,100,29906,,ns=stopped,56,,,,,,FALSE,1973,Normal
882,Radio 2271 B1,E55P870893,12/17/2024 6:12,Normal,nff_issues,,Wait for data timeout,487,,TRUE,FALSE,off,111.5,43.03,38.4,8,CtrlGainStateWait=starting,43929,,,,FALSE,FALSE,,ext-bb-data-missing,40,,,,,,0,-850,,,,,,,20,75.5,29896,,ns=stopped,56,,,,,,FALSE,1976,Normal
883,Radio 2271 B1,E55P870893,12/17/2024 6:13,Normal,nff_issues,,Wait for data timeout,701,,TRUE,FALSE,off,149,43.03,38,15,CtrlGainStateWait=starting,44058,,,,FALSE,FALSE,,ext-bb-data-missing,40,,,,,,0,-850,,,,,,,20,99,29945,,ns=stopped,56,,,,,,FALSE,1973,Normal
884,Radio 2271 B1,E55P870893,12/17/2024 6:13,Normal,nff_issues,,Wait for data timeout,576,,TRUE,FALSE,off,148,43.03,37.6,4,CtrlGainStateWait=starting,43921,,,,FALSE,FALSE,,ext-bb-data-missing,40,,,,,,0,-850,,,,,,,20,102,29917,,ns=stopped,56,,,,,,FALSE,1976,Normal
885,Radio 2271 B1,E55P870893,12/17/2024 6:13,Normal,nff_issues,,Wait for data timeout,606,,TRUE,FALSE,off,148,43.03,37.5,5,CtrlGainStateWait=starting,43988,,,,FALSE,FALSE,,ext-bb-data-missing,40,,,,,,0,-850,,,,,,,20,100,29855,,ns=stopped,56,,,,,,FALSE,1976,Normal
886,Radio 2271 B1,E55P870893,12/17/2024 22:48,Normal,nff_issues,,Wait for data timeout,275,,TRUE,FALSE,off,154,43.03,22.9,14,CtrlGainStateWait=starting,44007,,,,FALSE,FALSE,,ext-bb-data-missing,40,,,,,,0,-850,,,,,,,20,105,29855,,ns=stopped,56,,,,,,FALSE,1973,Normal
887,Radio 2271 B1,E55P870893,12/17/2024 22:48,Normal,nff_issues,,Wait for data timeout,348.5,,TRUE,FALSE,off,112.5,43.03,23.4,9.5,CtrlGainStateWait=starting,43939,,,,FALSE,FALSE,,ext-bb-data-missing,40,,,,,,0,-850,,,,,,,20,77,29902,,ns=stopped,56,,,,,,FALSE,1973,Normal
888,Radio 2271 B1,E55P870893,12/17/2024 22:48,Normal,nff_issues,,Wait for data timeout,348.5,,TRUE,FALSE,off,112.5,43.03,23.4,9.5,CtrlGainStateWait=starting,43939,,,,FALSE,FALSE,,ext-bb-data-missing,40,,,,,,0,-850,,,,,,,20,77,29902,,ns=stopped,56,,,,,,FALSE,1976,Normal
889,Radio 2271 B1,E55P870893,12/17/2024 22:49,Normal,nff_issues,,Wait for data timeout,362,,TRUE,FALSE,off,113,43.03,23.6,7,CtrlGainStateWait=starting,43999.5,,,,FALSE,FALSE,,ext-bb-data-missing,40,,,,,,0,-850,,,,,,,20,78,29886,,ns=stopped,56,,,,,,FALSE,1973,Normal
890,Radio 2271 B1,E55P870893,12/18/2024 19:50,Normal,nff_issues,,Wait for data timeout,293,,TRUE,FALSE,off,153,43.03,29.7,14,CtrlGainStateWait=starting,44042,,,,FALSE,FALSE,,ext-bb-data-missing,40,,,,,,0,-850,,,,,,,20,105,29945,,ns=stopped,56,,,,,,FALSE,1973,Normal
891,Radio 2271 B1,E55P870893,12/18/2024 19:50,Normal,nff_issues,,Wait for data timeout,347.5,,TRUE,FALSE,off,113,43.03,30.1,8.5,CtrlGainStateWait=starting,43939,,,,FALSE,FALSE,,ext-bb-data-missing,40,,,,,,0,-850,,,,,,,20,77,29892,,ns=stopped,56,,,,,,FALSE,1976,Normal
892,Radio 2271 B1,E55P870893,12/19/2024 9:43,Normal,nff_issues,,Wait for data timeout,326,,TRUE,FALSE,off,153,43.03,33.7,14,CtrlGainStateWait=starting,43867,,,,FALSE,FALSE,,ext-bb-data-missing,40,,,,,,0,-850,,,,,,,20,105,29898,,ns=stopped,56,,,,,,FALSE,1973,Normal
893,Radio 2271 B1,E55P870893,12/19/2024 9:43,Normal,nff_issues,,Wait for data timeout,354,,TRUE,FALSE,off,113.5,43.03,34.1,8.5,CtrlGainStateWait=starting,43989.5,,,,FALSE,FALSE,,ext-bb-data-missing,40,,,,,,0,-850,,,,,,,20,77.5,29941,,ns=stopped,56,,,,,,FALSE,1976,Normal
894,Radio 2271 B1,E55P870893,12/19/2024 22:08,Normal,nff_issues,,Wait for data timeout,651.5,,TRUE,FALSE,off,148,47.24,34.6,5.5,CtrlGainStateWait=starting,47981.5,,,,FALSE,FALSE,,ext-bb-data-missing,40,,,,,,0,-850,,,,,,,40,102,29905.5,,ns=stopped,56,,,,,,FALSE,1973,Normal
895,Radio 2271 B1,E55P870893,12/19/2024 22:08,Normal,nff_issues,,Wait for data timeout,658.5,,TRUE,FALSE,off,147.5,47.24,34.5,8,CtrlGainStateWait=starting,47868.5,,,,FALSE,FALSE,,ext-bb-data-missing,40,,,,,,0,-850,,,,,,,40,101,29917,,ns=stopped,56,,,,,,FALSE,1976,Normal
896,Radio 2271 B1,E55P870893,12/19/2024 22:08,Normal,nff_issues,,Wait for data timeout,658.5,,TRUE,FALSE,off,147.5,47.24,34.5,8,CtrlGainStateWait=starting,47851,,,,FALSE,FALSE,,ext-bb-data-missing,40,,,,,,0,-850,,,,,,,40,101,29917,,ns=stopped,56,,,,,,FALSE,1973,Normal
897,Radio 2271 B1,E55P870893,12/23/2024 5:09,Normal,nff_issues,,Wait for data timeout,641,,TRUE,FALSE,off,150,43.03,41.5,11,CtrlGainStateWait=starting,43937,,,,FALSE,FALSE,,ext-bb-data-missing,40,,,,,,0,-850,,,,,,,20,101,29886,,ns=stopped,56,,,,,,FALSE,1973,Normal
898,Radio 2271 B1,E55P870893,12/23/2024 5:09,Normal,nff_issues,,Wait for data timeout,458.5,,TRUE,FALSE,off,111.5,43.03,41.6,8,CtrlGainStateWait=starting,44060,,,,FALSE,FALSE,,ext-bb-data-missing,40,,,,,,0,-850,,,,,,,20,75.5,29892,,ns=stopped,56,,,,,,FALSE,1973,Normal
899,Radio 2271 B1,E55P870893,12/23/2024 5:09,Normal,nff_issues,,Wait for data timeout,458.5,,TRUE,FALSE,off,111.5,43.03,41.6,8,CtrlGainStateWait=starting,44060,,,,FALSE,FALSE,,ext-bb-data-missing,40,,,,,,0,-850,,,,,,,20,75.5,29892,,ns=stopped,56,,,,,,FALSE,1976,Normal
900,Radio 2271 B1,E55P870893,12/24/2024 19:54,Normal,nff_issues,,Wait for data timeout,636,,TRUE,FALSE,off,151,43.03,47.6,11,CtrlGainStateWait=starting,43867,,,,FALSE,FALSE,,ext-bb-data-missing,40,,,,,,0,-850,,,,,,,20,102,29898,,ns=stopped,56,,,,,,FALSE,1973,Normal
901,Radio 2271 B1,E55P870893,12/24/2024 19:55,Normal,nff_issues,,Wait for data timeout,448,,TRUE,FALSE,off,112.5,43.03,47.7,8,CtrlGainStateWait=starting,43954.5,,,,FALSE,FALSE,,ext-bb-data-missing,40,,,,,,0,-850,,,,,,,20,76,29896,,ns=stopped,56,,,,,,FALSE,1976,Normal
902,Radio 2271 B1,E55P870893,1/6/2025 12:51,Normal,nff_issues,,Wait for data timeout,663,,TRUE,FALSE,off,151,43.03,38.1,10,CtrlGainStateWait=starting,43972,,,,FALSE,FALSE,,ext-bb-data-missing,40,,,,,,0,-850,,,,,,,20,101,29835,,ns=stopped,56,,,,,,FALSE,1973,Normal
903,Radio 2271 B1,E55P870893,1/6/2025 12:51,Normal,nff_issues,,Wait for data timeout,596,,TRUE,FALSE,off,150,43.03,38.1,9,CtrlGainStateWait=starting,44085.5,,,,FALSE,FALSE,,ext-bb-data-missing,40,,,,,,0,-850,,,,,,,20,101.5,29882,,ns=stopped,56,,,,,,FALSE,1976,Normal
904,Radio 2271 B1,E55P870893,1/9/2025 2:38,Normal,nff_issues,,Wait for data timeout,416,,TRUE,FALSE,off,155,43.03,22.9,14,CtrlGainStateWait=starting,44078,,,,FALSE,FALSE,,ext-bb-data-missing,40,,,,,,0,-850,,,,,,,20,105,29945,,ns=stopped,56,,,,,,FALSE,1973,Normal
905,Radio 2271 B1,E55P870893,1/9/2025 2:38,Normal,nff_issues,,Wait for data timeout,374.5,,TRUE,FALSE,off,113,43.03,23.3,9,CtrlGainStateWait=starting,43937,,,,FALSE,FALSE,,ext-bb-data-missing,40,,,,,,0,-850,,,,,,,20,77,29896,,ns=stopped,56,,,,,,FALSE,1973,Normal
906,Radio 2271 B1,E55P870893,1/9/2025 2:38,Normal,nff_issues,,Wait for data timeout,374.5,,TRUE,FALSE,off,113,43.03,23.3,9,CtrlGainStateWait=starting,43937,,,,FALSE,FALSE,,ext-bb-data-missing,40,,,,,,0,-850,,,,,,,20,77,29896,,ns=stopped,56,,,,,,FALSE,1976,Normal
907,Radio 2271 B1,E55P870893,1/9/2025 20:28,Normal,nff_issues,,Wait for data timeout,676,,TRUE,FALSE,off,152,43.03,36.2,10,CtrlGainStateWait=starting,44058,,,,FALSE,FALSE,,ext-bb-data-missing,40,,,,,,0,-850,,,,,,,20,101,29855,,ns=stopped,56,,,,,,FALSE,1973,Normal
908,Radio 2271 B1,E55P870893,1/9/2025 20:28,Normal,nff_issues,,Wait for data timeout,488.5,,TRUE,FALSE,off,113,43.03,36.3,7,CtrlGainStateWait=starting,44042,,,,FALSE,FALSE,,ext-bb-data-missing,40,,,,,,0,-850,,,,,,,20,75.5,29931,,ns=stopped,56,,,,,,FALSE,1976,Normal
909,Radio 2271 B1,E55P870893,1/9/2025 20:28,Normal,nff_issues,,Wait for data timeout,720,,TRUE,FALSE,off,151,43.03,35.9,14,CtrlGainStateWait=starting,43988,,,,FALSE,FALSE,,ext-bb-data-missing,40,,,,,,0,-850,,,,,,,20,100,29867,,ns=stopped,56,,,,,,FALSE,1973,Normal
910,Radio 2271 B1,E55P870893,1/9/2025 20:29,Normal,nff_issues,,Wait for data timeout,507,,TRUE,FALSE,off,150,43.03,34.6,3,CtrlGainStateWait=starting,44058,,,,FALSE,FALSE,,ext-bb-data-missing,40,,,,,,0,-850,,,,,,,20,104,29917,,ns=stopped,56,,,,,,FALSE,1976,Normal
911,Radio 2271 B1,E55P870893,1/9/2025 20:30,Normal,nff_issues,,Wait for data timeout,601,,TRUE,FALSE,off,149,43.03,34.1,5,CtrlGainStateWait=starting,44023,,,,FALSE,FALSE,,ext-bb-data-missing,40,,,,,,0,-850,,,,,,,20,102,29906,,ns=stopped,56,,,,,,FALSE,1976,Normal
912,Radio 2271 B1,E55P870893,1/11/2025 12:39,Normal,nff_issues,,Wait for data timeout,634,,TRUE,FALSE,off,152,43.03,36,12,CtrlGainStateWait=starting,44042,,,,FALSE,FALSE,,ext-bb-data-missing,40,,,,,,0,-850,,,,,,,20,102,29886,,ns=stopped,56,,,,,,FALSE,1973,Normal
913,Radio 2271 B1,E55P870893,1/11/2025 12:40,Normal,nff_issues,,Wait for data timeout,446,,TRUE,FALSE,off,113.5,43.03,36.2,7.5,CtrlGainStateWait=starting,43954.5,,,,FALSE,FALSE,,ext-bb-data-missing,40,,,,,,0,-850,,,,,,,20,76.5,29892,,ns=stopped,56,,,,,,FALSE,1976,Normal
914,Radio 2271 B1,E55P870893,1/11/2025 21:02,Normal,nff_issues,,Wait for data timeout,640,,TRUE,FALSE,off,154,43.03,33.3,12,CtrlGainStateWait=starting,43937,,,,FALSE,FALSE,,ext-bb-data-missing,40,,,,,,0,-850,,,,,,,20,103,29855,,ns=stopped,56,,,,,,FALSE,1973,Normal
915,Radio 2271 B1,E55P870893,1/11/2025 21:03,Normal,nff_issues,,Wait for data timeout,456,,TRUE,FALSE,off,113.5,43.03,33.4,8,CtrlGainStateWait=starting,44024.5,,,,FALSE,FALSE,,ext-bb-data-missing,40,,,,,,0,-850,,,,,,,20,76.5,29886,,ns=stopped,56,,,,,,FALSE,1976,Normal
916,Radio 2271 B1,E55P870893,1/11/2025 21:03,Normal,nff_issues,,Wait for data timeout,715,,TRUE,FALSE,off,152,43.03,33.2,15,CtrlGainStateWait=starting,43972,,,,FALSE,FALSE,,ext-bb-data-missing,40,,,,,,0,-850,,,,,,,20,101,29917,,ns=stopped,56,,,,,,FALSE,1973,Normal
917,Radio 2271 B1,E55P870893,1/11/2025 21:04,Normal,nff_issues,,Wait for data timeout,523,,TRUE,FALSE,off,150,43.03,32.7,3,CtrlGainStateWait=starting,43867,,,,FALSE,FALSE,,ext-bb-data-missing,40,,,,,,0,-850,,,,,,,20,103,29835,,ns=stopped,56,,,,,,FALSE,1976,Normal
918,Radio 2271 B1,E55P870893,1/11/2025 21:04,Normal,nff_issues,,Wait for data timeout,603,,TRUE,FALSE,off,149,43.03,32.5,5,CtrlGainStateWait=starting,44093,,,,FALSE,FALSE,,ext-bb-data-missing,40,,,,,,0,-850,,,,,,,20,102,29906,,ns=stopped,56,,,,,,FALSE,1976,Normal
919,Radio 2271 B1,E55P870893,1/12/2025 19:43,Normal,nff_issues,,Wait for data timeout,667,,TRUE,FALSE,off,151,43.03,34.8,12,CtrlGainStateWait=starting,44023,,,,FALSE,FALSE,,ext-bb-data-missing,40,,,,,,0,-850,,,,,,,20,102,29878,,ns=stopped,56,,,,,,FALSE,1973,Normal
920,Radio 2271 B1,E55P870893,1/12/2025 19:43,Normal,nff_issues,,Wait for data timeout,470.5,,TRUE,FALSE,off,150.5,43.03,34.9,8.5,CtrlGainStateWait=starting,43981.5,,,,FALSE,FALSE,,ext-bb-data-missing,40,,,,,,0,-850,,,,,,,20,75.5,29882,,ns=stopped,56,,,,,,FALSE,1976,Normal
921,Radio 2271 B1,E55P870893,1/12/2025 19:43,Normal,nff_issues,,Wait for data timeout,464.5,,TRUE,FALSE,off,112,43.03,34.9,6,CtrlGainStateWait=starting,43954.5,,,,FALSE,FALSE,,ext-bb-data-missing,40,,,,,,0,-850,,,,,,,20,76.5,29870.5,,ns=stopped,56,,,,,,FALSE,1973,Normal
922,Radio 2271 B1,E55P870893,1/13/2025 6:41,Normal,nff_issues,,Wait for data timeout,630,,TRUE,FALSE,off,154,43.03,40.2,11,CtrlGainStateWait=starting,43937,,,,FALSE,FALSE,,ext-bb-data-missing,40,,,,,,0,-850,,,,,,,20,103,29878,,ns=stopped,56,,,,,,FALSE,1973,Normal
923,Radio 2271 B1,E55P870893,1/13/2025 6:42,Normal,nff_issues,,Wait for data timeout,446.5,,TRUE,FALSE,off,113,43.03,40.2,8,CtrlGainStateWait=starting,43921,,,,FALSE,FALSE,,ext-bb-data-missing,40,,,,,,0,-850,,,,,,,20,75.5,29872.5,,ns=stopped,56,,,,,,FALSE,1976,Normal
924,Radio 2271 B1,E55P870893,1/13/2025 6:42,Normal,nff_issues,,Wait for data timeout,704,,TRUE,FALSE,off,151,43.03,39.8,15,CtrlGainStateWait=starting,44042,,,,FALSE,FALSE,,ext-bb-data-missing,40,,,,,,0,-850,,,,,,,20,100,29878,,ns=stopped,56,,,,,,FALSE,1973,Normal
925,Radio 2271 B1,E55P870893,1/13/2025 6:43,Normal,nff_issues,,Wait for data timeout,485,,TRUE,FALSE,off,151,43.03,39.2,3,CtrlGainStateWait=starting,43937,,,,FALSE,FALSE,,ext-bb-data-missing,40,,,,,,0,-850,,,,,,,20,102,29898,,ns=stopped,56,,,,,,FALSE,1976,Normal
926,Radio 2271 B1,E55P870893,1/13/2025 6:43,Normal,nff_issues,,Wait for data timeout,586,,TRUE,FALSE,off,150,43.03,38.8,4,CtrlGainStateWait=starting,44007,,,,FALSE,FALSE,,ext-bb-data-missing,40,,,,,,0,-850,,,,,,,20,102,29906,,ns=stopped,56,,,,,,FALSE,1976,Normal
927,Radio 2271 B1,E55P870893,1/14/2025 14:04,Normal,nff_issues,,Wait for data timeout,523,,TRUE,FALSE,off,154,43.03,42.8,12,CtrlGainStateWait=starting,43972,,,,FALSE,FALSE,,ext-bb-data-missing,40,,,,,,0,-850,,,,,,,20,103,29937,,ns=stopped,56,,,,,,FALSE,1973,Normal
928,Radio 2271 B1,E55P870893,1/14/2025 14:05,Normal,nff_issues,,Wait for data timeout,396,,TRUE,FALSE,off,114,43.03,43.1,8,CtrlGainStateWait=starting,43929,,,,FALSE,FALSE,,ext-bb-data-missing,40,,,,,,0,-850,,,,,,,20,76.5,29886.5,,ns=stopped,56,,,,,,FALSE,1976,Normal
929,Radio 2271 B1,E55P870893,1/15/2025 19:53,Normal,nff_issues,,Wait for data timeout,386,,TRUE,FALSE,off,154,43.03,27.9,13,CtrlGainStateWait=starting,43902,,,,FALSE,FALSE,,ext-bb-data-missing,40,,,,,,0,-850,,,,,,,20,104,29906,,ns=stopped,56,,,,,,FALSE,1973,Normal
930,Radio 2271 B1,E55P870893,1/15/2025 19:53,Normal,nff_issues,,Wait for data timeout,367,,TRUE,FALSE,off,114,43.03,28.4,9,CtrlGainStateWait=starting,44060,,,,FALSE,FALSE,,ext-bb-data-missing,40,,,,,,0,-850,,,,,,,20,77,29931,,ns=stopped,56,,,,,,FALSE,1976,Normal
931,Radio 2271 B1,E55P870893,1/16/2025 18:34,Normal,nff_issues,,Wait for data timeout,629,,TRUE,FALSE,off,153,43.03,38.6,11,CtrlGainStateWait=starting,43957,,,,FALSE,FALSE,,ext-bb-data-missing,40,,,,,,0,-850,,,,,,,20,102,29886,,ns=stopped,56,,,,,,FALSE,1973,Normal
932,Radio 2271 B1,E55P870893,1/16/2025 18:34,Normal,nff_issues,,Wait for data timeout,447.5,,TRUE,FALSE,off,112,43.03,38.7,8.5,CtrlGainStateWait=starting,43982,,,,FALSE,FALSE,,ext-bb-data-missing,40,,,,,,0,-850,,,,,,,20,75,29927,,ns=stopped,56,,,,,,FALSE,1976,Normal
933,Radio 2271 B1,E55P870893,1/17/2025 0:35,Normal,nff_issues,,Wait for data timeout,677,,TRUE,FALSE,off,153,43.03,25.2,12,CtrlGainStateWait=starting,44078,,,,FALSE,FALSE,,ext-bb-data-missing,40,,,,,,0,-850,,,,,,,20,103,29855,,ns=stopped,56,,,,,,FALSE,1973,Normal
934,Radio 2271 B1,E55P870893,1/17/2025 0:35,Normal,nff_issues,,Wait for data timeout,480,,TRUE,FALSE,off,113,43.03,25.4,8,CtrlGainStateWait=starting,43980,,,,FALSE,FALSE,,ext-bb-data-missing,40,,,,,,0,-850,,,,,,,20,76.5,29896,,ns=stopped,56,,,,,,FALSE,1976,Normal
935,Radio 2271 B1,E55P870893,1/17/2025 0:36,Normal,nff_issues,,Wait for data timeout,736,,TRUE,FALSE,off,151,43.03,25.2,16,CtrlGainStateWait=starting,43988,,,,FALSE,FALSE,,ext-bb-data-missing,40,,,,,,0,-850,,,,,,,20,102,29855,,ns=stopped,56,,,,,,FALSE,1973,Normal
936,Radio 2271 B1,E55P870893,1/17/2025 0:36,Normal,nff_issues,,Wait for data timeout,578,,TRUE,FALSE,off,149,43.03,24.8,4,CtrlGainStateWait=starting,43921,,,,FALSE,FALSE,,ext-bb-data-missing,40,,,,,,0,-850,,,,,,,20,102,29847,,ns=stopped,56,,,,,,FALSE,1976,Normal
937,Radio 2271 B1,E55P870893,1/17/2025 0:37,Normal,nff_issues,,Wait for data timeout,621,,TRUE,FALSE,off,149,43.03,24.6,6,CtrlGainStateWait=starting,43867,,,,FALSE,FALSE,,ext-bb-data-missing,40,,,,,,0,-850,,,,,,,20,103,29906,,ns=stopped,56,,,,,,FALSE,1976,Normal
938,Radio 2271 B1,E55P870893,1/19/2025 8:30,Normal,nff_issues,,Wait for data timeout,625,,TRUE,FALSE,off,152,43.03,44.8,11,CtrlGainStateWait=starting,44023,,,,FALSE,FALSE,,ext-bb-data-missing,40,,,,,,0,-850,,,,,,,20,102,29937,,ns=stopped,56,,,,,,FALSE,1973,Normal
939,Radio 2271 B1,E55P870893,1/19/2025 8:31,Normal,nff_issues,,Wait for data timeout,437,,TRUE,FALSE,off,113,43.03,44.9,8.5,CtrlGainStateWait=starting,44007,,,,FALSE,FALSE,,ext-bb-data-missing,40,,,,,,0,-850,,,,,,,20,76,29896,,ns=stopped,56,,,,,,FALSE,1976,Normal
940,Radio 2271 B1,E55P870893,1/19/2025 20:26,Normal,nff_issues,,Wait for data timeout,640,,TRUE,FALSE,off,152,43.03,35.4,12,CtrlGainStateWait=starting,43972,,,,FALSE,FALSE,,ext-bb-data-missing,40,,,,,,0,-850,,,,,,,20,102,29886,,ns=stopped,56,,,,,,FALSE,1973,Normal
941,Radio 2271 B1,E55P870893,1/19/2025 20:26,Normal,nff_issues,,Wait for data timeout,451.5,,TRUE,FALSE,off,113.5,43.03,35.5,8.5,CtrlGainStateWait=starting,43954.5,,,,FALSE,FALSE,,ext-bb-data-missing,40,,,,,,0,-850,,,,,,,20,76,29878,,ns=stopped,56,,,,,,FALSE,1976,Normal
942,Radio 2271 B1,E55P870893,1/20/2025 20:11,Normal,nff_issues,,Wait for data timeout,656,,TRUE,FALSE,off,153,43.03,31,12,CtrlGainStateWait=starting,44042,,,,FALSE,FALSE,,ext-bb-data-missing,40,,,,,,0,-850,,,,,,,20,103,29925,,ns=stopped,56,,,,,,FALSE,1973,Normal
943,Radio 2271 B1,E55P870893,1/20/2025 20:11,Normal,nff_issues,,Wait for data timeout,467.5,,TRUE,FALSE,off,113,43.03,31.2,8,CtrlGainStateWait=starting,44068,,,,FALSE,FALSE,,ext-bb-data-missing,40,,,,,,0,-850,,,,,,,20,76,29888,,ns=stopped,56,,,,,,FALSE,1976,Normal
944,Radio 2271 B1,E55P870893,1/20/2025 20:11,Normal,nff_issues,,Wait for data timeout,730,,TRUE,FALSE,off,151,43.03,30.9,16,CtrlGainStateWait=starting,43972,,,,FALSE,FALSE,,ext-bb-data-missing,40,,,,,,0,-850,,,,,,,20,101,29898,,ns=stopped,56,,,,,,FALSE,1973,Normal
945,Radio 2271 B1,E55P870893,1/20/2025 20:12,Normal,nff_issues,,Wait for data timeout,557,,TRUE,FALSE,off,150,43.03,30.7,4,CtrlGainStateWait=starting,43957,,,,FALSE,FALSE,,ext-bb-data-missing,40,,,,,,0,-850,,,,,,,20,103,29886,,ns=stopped,56,,,,,,FALSE,1976,Normal
946,Radio 2271 B1,E55P870893,1/20/2025 20:12,Normal,nff_issues,,Wait for data timeout,601,,TRUE,FALSE,off,150,43.03,30.6,5,CtrlGainStateWait=starting,44058,,,,FALSE,FALSE,,ext-bb-data-missing,40,,,,,,0,-850,,,,,,,20,102,29867,,ns=stopped,56,,,,,,FALSE,1976,Normal
947,Radio 2271 B1,E55P870893,1/22/2025 3:43,Normal,nff_issues,,Wait for data timeout,652,,TRUE,FALSE,off,153,43.03,33.7,11,CtrlGainStateWait=starting,44058,,,,FALSE,FALSE,,ext-bb-data-missing,40,,,,,,0,-850,,,,,,,20,103,29835,,ns=stopped,56,,,,,,FALSE,1973,Normal
948,Radio 2271 B1,E55P870893,1/22/2025 3:43,Normal,nff_issues,,Wait for data timeout,459,,TRUE,FALSE,off,114,43.03,33.9,7.5,CtrlGainStateWait=starting,44050,,,,FALSE,FALSE,,ext-bb-data-missing,40,,,,,,0,-850,,,,,,,20,77,29837.5,,ns=stopped,56,,,,,,FALSE,1976,Normal
949,Radio 2271 B1,E55P870893,1/22/2025 20:16,Normal,nff_issues,,Wait for data timeout,641,,TRUE,FALSE,off,154,43.03,32.4,11,CtrlGainStateWait=starting,43972,,,,FALSE,FALSE,,ext-bb-data-missing,40,,,,,,0,-850,,,,,,,20,103,29925,,ns=stopped,56,,,,,,FALSE,1973,Normal
950,Radio 2271 B1,E55P870893,1/22/2025 20:16,Normal,nff_issues,,Wait for data timeout,454,,TRUE,FALSE,off,113,43.03,32.6,7.5,CtrlGainStateWait=starting,43997.5,,,,FALSE,FALSE,,ext-bb-data-missing,40,,,,,,0,-850,,,,,,,20,76,29857,,ns=stopped,56,,,,,,FALSE,1976,Normal
951,Radio 2271 B1,E55P870893,1/22/2025 20:17,Normal,nff_issues,,Wait for data timeout,718,,TRUE,FALSE,off,152,43.03,32.4,15,CtrlGainStateWait=starting,44078,,,,FALSE,FALSE,,ext-bb-data-missing,40,,,,,,0,-850,,,,,,,20,101,29906,,ns=stopped,56,,,,,,FALSE,1973,Normal
952,Radio 2271 B1,E55P870893,1/22/2025 20:17,Normal,nff_issues,,Wait for data timeout,540,,TRUE,FALSE,off,150,43.03,32.2,4,CtrlGainStateWait=starting,43921,,,,FALSE,FALSE,,ext-bb-data-missing,40,,,,,,0,-850,,,,,,,20,103,29906,,ns=stopped,56,,,,,,FALSE,1976,Normal
953,Radio 2271 B1,E55P870893,1/22/2025 20:17,Normal,nff_issues,,Wait for data timeout,589,,TRUE,FALSE,off,150,43.03,32.1,4,CtrlGainStateWait=starting,44078,,,,FALSE,FALSE,,ext-bb-data-missing,40,,,,,,0,-850,,,,,,,20,103,29906,,ns=stopped,56,,,,,,FALSE,1976,Normal
954,Radio 2271 B1,E55P870893,1/23/2025 18:35,Normal,nff_issues,,Wait for data timeout,637,,TRUE,FALSE,off,153,43.03,38.7,11,CtrlGainStateWait=starting,44042,,,,FALSE,FALSE,,ext-bb-data-missing,40,,,,,,0,-850,,,,,,,20,103,29867,,ns=stopped,56,,,,,,FALSE,1973,Normal
955,Radio 2271 B1,E55P870893,1/23/2025 18:36,Normal,nff_issues,,Wait for data timeout,452,,TRUE,FALSE,off,113,43.03,38.8,8,CtrlGainStateWait=starting,43894,,,,FALSE,FALSE,,ext-bb-data-missing,40,,,,,,0,-850,,,,,,,20,75.5,29845,,ns=stopped,56,,,,,,FALSE,1973,Normal
956,Radio 2271 B1,E55P870893,1/23/2025 18:36,Normal,nff_issues,,Wait for data timeout,452,,TRUE,FALSE,off,113,43.03,38.7,8,CtrlGainStateWait=starting,43894,,,,FALSE,FALSE,,ext-bb-data-missing,40,,,,,,0,-850,,,,,,,20,75.5,29845,,ns=stopped,56,,,,,,FALSE,1976,Normal
957,Radio 2271 B1,E55P870893,1/24/2025 8:07,Normal,nff_issues,,Wait for data timeout,618,,TRUE,FALSE,off,154,43.03,40.4,11,CtrlGainStateWait=starting,44113,,,,FALSE,FALSE,,ext-bb-data-missing,40,,,,,,0,-850,,,,,,,20,103,29917,,ns=stopped,56,,,,,,FALSE,1973,Normal
958,Radio 2271 B1,E55P870893,1/24/2025 8:07,Normal,nff_issues,,Wait for data timeout,436.5,,TRUE,FALSE,off,113,43.03,40.6,8,CtrlGainStateWait=starting,43964,,,,FALSE,FALSE,,ext-bb-data-missing,40,,,,,,0,-850,,,,,,,20,75.5,29866.5,,ns=stopped,56,,,,,,FALSE,1976,Normal
959,Radio 2271 B1,E55P870893,1/24/2025 8:07,Normal,nff_issues,,Wait for data timeout,699,,TRUE,FALSE,off,151,43.03,40.4,15,CtrlGainStateWait=starting,43867,,,,FALSE,FALSE,,ext-bb-data-missing,40,,,,,,0,-850,,,,,,,20,101,29878,,ns=stopped,56,,,,,,FALSE,1973,Normal
960,Radio 2271 B1,E55P870893,1/24/2025 8:08,Normal,nff_issues,,Wait for data timeout,495,,TRUE,FALSE,off,150,43.03,40.4,4,CtrlGainStateWait=starting,44128,,,,FALSE,FALSE,,ext-bb-data-missing,40,,,,,,0,-850,,,,,,,20,102,29886,,ns=stopped,56,,,,,,FALSE,1976,Normal
961,Radio 2271 B1,E55P870893,1/24/2025 8:08,Normal,nff_issues,,Wait for data timeout,573,,TRUE,FALSE,off,150,43.03,40.3,5,CtrlGainStateWait=starting,44042,,,,FALSE,FALSE,,ext-bb-data-missing,40,,,,,,0,-850,,,,,,,20,101,29917,,ns=stopped,56,,,,,,FALSE,1976,Normal
962,Radio 2271 B1,E55P870893,1/25/2025 6:53,Normal,nff_issues,,Wait for data timeout,640,,TRUE,FALSE,off,153,43.03,38.8,11,CtrlGainStateWait=starting,44023,,,,FALSE,FALSE,,ext-bb-data-missing,40,,,,,,0,-850,,,,,,,20,102,29886,,ns=stopped,56,,,,,,FALSE,1973,Normal
963,Radio 2271 B1,E55P870893,1/25/2025 6:53,Normal,nff_issues,,Wait for data timeout,454.5,,TRUE,FALSE,off,113,43.03,38.8,8,CtrlGainStateWait=starting,43982,,,,FALSE,FALSE,,ext-bb-data-missing,40,,,,,,0,-850,,,,,,,20,75,29901.5,,ns=stopped,56,,,,,,FALSE,1976,Normal
964,Radio 2271 B1,E55P870893,1/25/2025 20:14,Normal,nff_issues,,Wait for data timeout,638,,TRUE,FALSE,off,153,43.03,37.5,12,CtrlGainStateWait=starting,43957,,,,FALSE,FALSE,,ext-bb-data-missing,40,,,,,,0,-850,,,,,,,20,102,29878,,ns=stopped,56,,,,,,FALSE,1973,Normal
965,Radio 2271 B1,E55P870893,1/25/2025 20:15,Normal,nff_issues,,Wait for data timeout,447.5,,TRUE,FALSE,off,114,43.03,37.6,8,CtrlGainStateWait=starting,43989.5,,,,FALSE,FALSE,,ext-bb-data-missing,40,,,,,,0,-850,,,,,,,20,77,29882,,ns=stopped,56,,,,,,FALSE,1976,Normal
966,Radio 2271 B1,E55P870893,1/25/2025 20:15,Normal,nff_issues,,Wait for data timeout,714,,TRUE,FALSE,off,152,43.03,37.4,15,CtrlGainStateWait=starting,44058,,,,FALSE,FALSE,,ext-bb-data-missing,40,,,,,,0,-850,,,,,,,20,100,29867,,ns=stopped,56,,,,,,FALSE,1973,Normal
967,Radio 2271 B1,E55P870893,1/25/2025 20:15,Normal,nff_issues,,Wait for data timeout,530,,TRUE,FALSE,off,150,43.03,37.2,4,CtrlGainStateWait=starting,44078,,,,FALSE,FALSE,,ext-bb-data-missing,40,,,,,,0,-850,,,,,,,20,102,29898,,ns=stopped,56,,,,,,FALSE,1976,Normal
968,Radio 2271 B1,E55P870893,1/25/2025 20:16,Normal,nff_issues,,Wait for data timeout,585,,TRUE,FALSE,off,150,43.03,37.1,5,CtrlGainStateWait=starting,44058,,,,FALSE,FALSE,,ext-bb-data-missing,40,,,,,,0,-850,,,,,,,20,102,29898,,ns=stopped,56,,,,,,FALSE,1976,Normal
969,Radio 2271 B1,E55P870893,12/10/2024 17:45,Normal,nff_issues,,Wait for data timeout,642,,TRUE,FALSE,off,150,43.03,40.7,12,CtrlGainStateWait=starting,44007,,,,FALSE,FALSE,,ext-bb-data-missing,40,,,,,,0,-850,,,,,,,20,101,29976,,ns=stopped,56,,,,,,FALSE,1973,Normal
970,Radio 2271 B1,E55P870893,12/10/2024 17:46,Normal,nff_issues,,Wait for data timeout,463,,TRUE,FALSE,off,111.5,43.03,40.8,9.5,CtrlGainStateWait=starting,43989.5,,,,FALSE,FALSE,,ext-bb-data-missing,40,,,,,,0,-850,,,,,,,20,76,29911.5,,ns=stopped,56,,,,,,FALSE,1973,Normal
971,Radio 2271 B1,E55P870893,12/10/2024 17:46,Normal,nff_issues,,Wait for data timeout,463,,TRUE,FALSE,off,111.5,43.03,40.8,9.5,CtrlGainStateWait=starting,43989.5,,,,FALSE,FALSE,,ext-bb-data-missing,40,,,,,,0,-850,,,,,,,20,76,29911.5,,ns=stopped,56,,,,,,FALSE,1976,Normal
972,Radio 2271 B1,E55P870893,12/11/2024 12:21,Normal,nff_issues,,Wait for data timeout,594,,TRUE,FALSE,off,151,43.03,52.2,13,CtrlGainStateWait=starting,44007,,,,FALSE,FALSE,,ext-bb-data-missing,40,,,,,,0,-850,,,,,,,20,103,29945,,ns=stopped,56,,,,,,FALSE,1973,Normal
973,Radio 2271 B1,E55P870893,12/11/2024 12:22,Normal,nff_issues,,Wait for data timeout,415,,TRUE,FALSE,off,112,43.03,52.3,10.5,CtrlGainStateWait=starting,43980,,,,FALSE,FALSE,,ext-bb-data-missing,40,,,,,,0,-850,,,,,,,20,76.5,29917,,ns=stopped,56,,,,,,FALSE,1976,Normal
974,Radio 2271 B1,E55P870893,12/11/2024 12:22,Normal,nff_issues,,Wait for data timeout,641,,TRUE,FALSE,off,150,43.03,52,20,CtrlGainStateWait=starting,44042,,,,FALSE,FALSE,,ext-bb-data-missing,40,,,,,,0,-850,,,,,,,20,102,29898,,ns=stopped,56,,,,,,FALSE,1973,Normal
975,Radio 2271 B1,E55P870893,12/11/2024 12:22,Normal,nff_issues,,Wait for data timeout,469,,TRUE,FALSE,off,150,43.03,51.7,4,CtrlGainStateWait=starting,44078,,,,FALSE,FALSE,,ext-bb-data-missing,40,,,,,,0,-850,,,,,,,20,103,29957,,ns=stopped,56,,,,,,FALSE,1976,Normal
976,Radio 2271 B1,E55P870893,12/11/2024 12:23,Normal,nff_issues,,Wait for data timeout,553,,TRUE,FALSE,off,149,43.03,51.4,5,CtrlGainStateWait=starting,43902,,,,FALSE,FALSE,,ext-bb-data-missing,40,,,,,,0,-850,,,,,,,20,102,29898,,ns=stopped,56,,,,,,FALSE,1976,Normal
977,Radio 2271 B1,E55P870893,12/13/2024 23:33,Normal,nff_issues,,Wait for data timeout,623,,TRUE,FALSE,off,151,43.03,36.7,14,CtrlGainStateWait=starting,44007,,,,FALSE,FALSE,,ext-bb-data-missing,40,,,,,,0,-850,,,,,,,20,103,29917,,ns=stopped,56,,,,,,FALSE,1973,Normal
978,Radio 2271 B1,E55P870893,12/13/2024 23:33,Normal,nff_issues,,Wait for data timeout,448,,TRUE,FALSE,off,113,43.03,36.8,9,CtrlGainStateWait=starting,43997.5,,,,FALSE,FALSE,,ext-bb-data-missing,40,,,,,,0,-850,,,,,,,20,76.5,29951,,ns=stopped,56,,,,,,FALSE,1976,Normal
979,Radio 2271 B1,E55P870893,12/17/2024 4:54,Normal,nff_issues,,Wait for data timeout,666,,TRUE,FALSE,off,150,43.03,37.2,10,CtrlGainStateWait=starting,43921,,,,FALSE,FALSE,,ext-bb-data-missing,40,,,,,,0,-850,,,,,,,20,101,29906,,ns=stopped,56,,,,,,FALSE,1973,Normal
980,Radio 2271 B1,E55P870893,12/17/2024 4:55,Normal,nff_issues,,Wait for data timeout,486.5,,TRUE,FALSE,off,111,43.03,37.2,8,CtrlGainStateWait=starting,43945,,,,FALSE,FALSE,,ext-bb-data-missing,40,,,,,,0,-850,,,,,,,20,75,29950.5,,ns=stopped,56,,,,,,FALSE,1976,Normal
981,Radio 2271 B1,E55P870893,12/17/2024 6:12,Normal,nff_issues,,Wait for data timeout,672,,TRUE,FALSE,off,149,43.03,38.3,11,CtrlGainStateWait=starting,44007,,,,FALSE,FALSE,,ext-bb-data-missing,40,,,,,,0,-850,,,,,,,20,100,29906,,ns=stopped,56,,,,,,FALSE,1973,Normal
982,Radio 2271 B1,E55P870893,12/17/2024 6:12,Normal,nff_issues,,Wait for data timeout,487,,TRUE,FALSE,off,111.5,43.03,38.4,8,CtrlGainStateWait=starting,43929,,,,FALSE,FALSE,,ext-bb-data-missing,40,,,,,,0,-850,,,,,,,20,75.5,29896,,ns=stopped,56,,,,,,FALSE,1976,Normal
983,Radio 2271 B1,E55P870893,12/17/2024 6:13,Normal,nff_issues,,Wait for data timeout,701,,TRUE,FALSE,off,149,43.03,38,15,CtrlGainStateWait=starting,44058,,,,FALSE,FALSE,,ext-bb-data-missing,40,,,,,,0,-850,,,,,,,20,99,29945,,ns=stopped,56,,,,,,FALSE,1973,Normal
984,Radio 2271 B1,E55P870893,12/17/2024 6:13,Normal,nff_issues,,Wait for data timeout,576,,TRUE,FALSE,off,148,43.03,37.6,4,CtrlGainStateWait=starting,43921,,,,FALSE,FALSE,,ext-bb-data-missing,40,,,,,,0,-850,,,,,,,20,102,29917,,ns=stopped,56,,,,,,FALSE,1976,Normal
985,Radio 2271 B1,E55P870893,12/17/2024 6:13,Normal,nff_issues,,Wait for data timeout,606,,TRUE,FALSE,off,148,43.03,37.5,5,CtrlGainStateWait=starting,43988,,,,FALSE,FALSE,,ext-bb-data-missing,40,,,,,,0,-850,,,,,,,20,100,29855,,ns=stopped,56,,,,,,FALSE,1976,Normal
986,Radio 2271 B1,E55P870893,12/17/2024 22:48,Normal,nff_issues,,Wait for data timeout,275,,TRUE,FALSE,off,154,43.03,22.9,14,CtrlGainStateWait=starting,44007,,,,FALSE,FALSE,,ext-bb-data-missing,40,,,,,,0,-850,,,,,,,20,105,29855,,ns=stopped,56,,,,,,FALSE,1973,Normal
987,Radio 2271 B1,E55P870893,12/17/2024 22:48,Normal,nff_issues,,Wait for data timeout,348.5,,TRUE,FALSE,off,112.5,43.03,23.4,9.5,CtrlGainStateWait=starting,43939,,,,FALSE,FALSE,,ext-bb-data-missing,40,,,,,,0,-850,,,,,,,20,77,29902,,ns=stopped,56,,,,,,FALSE,1973,Normal
988,Radio 2271 B1,E55P870893,12/17/2024 22:48,Normal,nff_issues,,Wait for data timeout,348.5,,TRUE,FALSE,off,112.5,43.03,23.4,9.5,CtrlGainStateWait=starting,43939,,,,FALSE,FALSE,,ext-bb-data-missing,40,,,,,,0,-850,,,,,,,20,77,29902,,ns=stopped,56,,,,,,FALSE,1976,Normal
989,Radio 2271 B1,E55P870893,12/17/2024 22:49,Normal,nff_issues,,Wait for data timeout,362,,TRUE,FALSE,off,113,43.03,23.6,7,CtrlGainStateWait=starting,43999.5,,,,FALSE,FALSE,,ext-bb-data-missing,40,,,,,,0,-850,,,,,,,20,78,29886,,ns=stopped,56,,,,,,FALSE,1973,Normal
990,Radio 2271 B1,E55P870893,12/18/2024 19:50,Normal,nff_issues,,Wait for data timeout,293,,TRUE,FALSE,off,153,43.03,29.7,14,CtrlGainStateWait=starting,44042,,,,FALSE,FALSE,,ext-bb-data-missing,40,,,,,,0,-850,,,,,,,20,105,29945,,ns=stopped,56,,,,,,FALSE,1973,Normal
991,Radio 2271 B1,E55P870893,12/18/2024 19:50,Normal,nff_issues,,Wait for data timeout,347.5,,TRUE,FALSE,off,113,43.03,30.1,8.5,CtrlGainStateWait=starting,43939,,,,FALSE,FALSE,,ext-bb-data-missing,40,,,,,,0,-850,,,,,,,20,77,29892,,ns=stopped,56,,,,,,FALSE,1976,Normal
992,Radio 2271 B1,E55P870893,12/19/2024 9:43,Normal,nff_issues,,Wait for data timeout,326,,TRUE,FALSE,off,153,43.03,33.7,14,CtrlGainStateWait=starting,43867,,,,FALSE,FALSE,,ext-bb-data-missing,40,,,,,,0,-850,,,,,,,20,105,29898,,ns=stopped,56,,,,,,FALSE,1973,Normal
993,Radio 2271 B1,E55P870893,12/19/2024 9:43,Normal,nff_issues,,Wait for data timeout,354,,TRUE,FALSE,off,113.5,43.03,34.1,8.5,CtrlGainStateWait=starting,43989.5,,,,FALSE,FALSE,,ext-bb-data-missing,40,,,,,,0,-850,,,,,,,20,77.5,29941,,ns=stopped,56,,,,,,FALSE,1976,Normal
994,Radio 2271 B1,E55P870893,12/19/2024 22:08,Normal,nff_issues,,Wait for data timeout,651.5,,TRUE,FALSE,off,148,47.24,34.6,5.5,CtrlGainStateWait=starting,47981.5,,,,FALSE,FALSE,,ext-bb-data-missing,40,,,,,,0,-850,,,,,,,40,102,29905.5,,ns=stopped,56,,,,,,FALSE,1973,Normal
995,Radio 2271 B1,E55P870893,12/19/2024 22:08,Normal,nff_issues,,Wait for data timeout,658.5,,TRUE,FALSE,off,147.5,47.24,34.5,8,CtrlGainStateWait=starting,47868.5,,,,FALSE,FALSE,,ext-bb-data-missing,40,,,,,,0,-850,,,,,,,40,101,29917,,ns=stopped,56,,,,,,FALSE,1976,Normal
996,Radio 2271 B1,E55P870893,12/19/2024 22:08,Normal,nff_issues,,Wait for data timeout,658.5,,TRUE,FALSE,off,147.5,47.24,34.5,8,CtrlGainStateWait=starting,47851,,,,FALSE,FALSE,,ext-bb-data-missing,40,,,,,,0,-850,,,,,,,40,101,29917,,ns=stopped,56,,,,,,FALSE,1973,Normal
997,Radio 2271 B1,E55P870893,12/23/2024 5:09,Normal,nff_issues,,Wait for data timeout,641,,TRUE,FALSE,off,150,43.03,41.5,11,CtrlGainStateWait=starting,43937,,,,FALSE,FALSE,,ext-bb-data-missing,40,,,,,,0,-850,,,,,,,20,101,29886,,ns=stopped,56,,,,,,FALSE,1973,Normal
998,Radio 2271 B1,E55P870893,12/23/2024 5:09,Normal,nff_issues,,Wait for data timeout,458.5,,TRUE,FALSE,off,111.5,43.03,41.6,8,CtrlGainStateWait=starting,44060,,,,FALSE,FALSE,,ext-bb-data-missing,40,,,,,,0,-850,,,,,,,20,75.5,29892,,ns=stopped,56,,,,,,FALSE,1973,Normal
999,Radio 2271 B1,E55P870893,12/23/2024 5:09,Normal,nff_issues,,Wait for data timeout,458.5,,TRUE,FALSE,off,111.5,43.03,41.6,8,CtrlGainStateWait=starting,44060,,,,FALSE,FALSE,,ext-bb-data-missing,40,,,,,,0,-850,,,,,,,20,75.5,29892,,ns=stopped,56,,,,,,FALSE,1976,Normal
1000,Radio 2271 B1,E55P870893,12/24/2024 19:54,Normal,nff_issues,,Wait for data timeout,636,,TRUE,FALSE,off,151,43.03,47.6,11,CtrlGainStateWait=starting,43867,,,,FALSE,FALSE,,ext-bb-data-missing,40,,,,,,0,-850,,,,,,,20,102,29898,,ns=stopped,56,,,,,,FALSE,1973,Normal
1001,Radio 2271 B1,E55P870893,12/24/2024 19:55,Normal,nff_issues,,Wait for data timeout,448,,TRUE,FALSE,off,112.5,43.03,47.7,8,CtrlGainStateWait=starting,43954.5,,,,FALSE,FALSE,,ext-bb-data-missing,40,,,,,,0,-850,,,,,,,20,76,29896,,ns=stopped,56,,,,,,FALSE,1976,Normal
1002,Radio 2271 B1,E55P870893,1/6/2025 12:51,Normal,nff_issues,,Wait for data timeout,663,,TRUE,FALSE,off,151,43.03,38.1,10,CtrlGainStateWait=starting,43972,,,,FALSE,FALSE,,ext-bb-data-missing,40,,,,,,0,-850,,,,,,,20,101,29835,,ns=stopped,56,,,,,,FALSE,1973,Normal
1003,Radio 2271 B1,E55P870893,1/6/2025 12:51,Normal,nff_issues,,Wait for data timeout,596,,TRUE,FALSE,off,150,43.03,38.1,9,CtrlGainStateWait=starting,44085.5,,,,FALSE,FALSE,,ext-bb-data-missing,40,,,,,,0,-850,,,,,,,20,101.5,29882,,ns=stopped,56,,,,,,FALSE,1976,Normal
1004,Radio 2271 B1,E55P870893,1/9/2025 2:38,Normal,nff_issues,,Wait for data timeout,416,,TRUE,FALSE,off,155,43.03,22.9,14,CtrlGainStateWait=starting,44078,,,,FALSE,FALSE,,ext-bb-data-missing,40,,,,,,0,-850,,,,,,,20,105,29945,,ns=stopped,56,,,,,,FALSE,1973,Normal
1005,Radio 2271 B1,E55P870893,1/9/2025 2:38,Normal,nff_issues,,Wait for data timeout,374.5,,TRUE,FALSE,off,113,43.03,23.3,9,CtrlGainStateWait=starting,43937,,,,FALSE,FALSE,,ext-bb-data-missing,40,,,,,,0,-850,,,,,,,20,77,29896,,ns=stopped,56,,,,,,FALSE,1973,Normal
1006,Radio 2271 B1,E55P870893,1/9/2025 2:38,Normal,nff_issues,,Wait for data timeout,374.5,,TRUE,FALSE,off,113,43.03,23.3,9,CtrlGainStateWait=starting,43937,,,,FALSE,FALSE,,ext-bb-data-missing,40,,,,,,0,-850,,,,,,,20,77,29896,,ns=stopped,56,,,,,,FALSE,1976,Normal
1007,Radio 2271 B1,E55P870893,1/9/2025 20:28,Normal,nff_issues,,Wait for data timeout,676,,TRUE,FALSE,off,152,43.03,36.2,10,CtrlGainStateWait=starting,44058,,,,FALSE,FALSE,,ext-bb-data-missing,40,,,,,,0,-850,,,,,,,20,101,29855,,ns=stopped,56,,,,,,FALSE,1973,Normal
1008,Radio 2271 B1,E55P870893,1/9/2025 20:28,Normal,nff_issues,,Wait for data timeout,488.5,,TRUE,FALSE,off,113,43.03,36.3,7,CtrlGainStateWait=starting,44042,,,,FALSE,FALSE,,ext-bb-data-missing,40,,,,,,0,-850,,,,,,,20,75.5,29931,,ns=stopped,56,,,,,,FALSE,1976,Normal
1009,Radio 2271 B1,E55P870893,1/9/2025 20:28,Normal,nff_issues,,Wait for data timeout,720,,TRUE,FALSE,off,151,43.03,35.9,14,CtrlGainStateWait=starting,43988,,,,FALSE,FALSE,,ext-bb-data-missing,40,,,,,,0,-850,,,,,,,20,100,29867,,ns=stopped,56,,,,,,FALSE,1973,Normal
1010,Radio 2271 B1,E55P870893,1/9/2025 20:29,Normal,nff_issues,,Wait for data timeout,507,,TRUE,FALSE,off,150,43.03,34.6,3,CtrlGainStateWait=starting,44058,,,,FALSE,FALSE,,ext-bb-data-missing,40,,,,,,0,-850,,,,,,,20,104,29917,,ns=stopped,56,,,,,,FALSE,1976,Normal
1011,Radio 2271 B1,E55P870893,1/9/2025 20:30,Normal,nff_issues,,Wait for data timeout,601,,TRUE,FALSE,off,149,43.03,34.1,5,CtrlGainStateWait=starting,44023,,,,FALSE,FALSE,,ext-bb-data-missing,40,,,,,,0,-850,,,,,,,20,102,29906,,ns=stopped,56,,,,,,FALSE,1976,Normal
1012,Radio 2271 B1,E55P870893,1/11/2025 12:39,Normal,nff_issues,,Wait for data timeout,634,,TRUE,FALSE,off,152,43.03,36,12,CtrlGainStateWait=starting,44042,,,,FALSE,FALSE,,ext-bb-data-missing,40,,,,,,0,-850,,,,,,,20,102,29886,,ns=stopped,56,,,,,,FALSE,1973,Normal
1013,Radio 2271 B1,E55P870893,1/11/2025 12:40,Normal,nff_issues,,Wait for data timeout,446,,TRUE,FALSE,off,113.5,43.03,36.2,7.5,CtrlGainStateWait=starting,43954.5,,,,FALSE,FALSE,,ext-bb-data-missing,40,,,,,,0,-850,,,,,,,20,76.5,29892,,ns=stopped,56,,,,,,FALSE,1976,Normal
1014,Radio 2271 B1,E55P870893,1/11/2025 21:02,Normal,nff_issues,,Wait for data timeout,640,,TRUE,FALSE,off,154,43.03,33.3,12,CtrlGainStateWait=starting,43937,,,,FALSE,FALSE,,ext-bb-data-missing,40,,,,,,0,-850,,,,,,,20,103,29855,,ns=stopped,56,,,,,,FALSE,1973,Normal
1015,Radio 2271 B1,E55P870893,1/11/2025 21:03,Normal,nff_issues,,Wait for data timeout,456,,TRUE,FALSE,off,113.5,43.03,33.4,8,CtrlGainStateWait=starting,44024.5,,,,FALSE,FALSE,,ext-bb-data-missing,40,,,,,,0,-850,,,,,,,20,76.5,29886,,ns=stopped,56,,,,,,FALSE,1976,Normal
1016,Radio 2271 B1,E55P870893,1/11/2025 21:03,Normal,nff_issues,,Wait for data timeout,715,,TRUE,FALSE,off,152,43.03,33.2,15,CtrlGainStateWait=starting,43972,,,,FALSE,FALSE,,ext-bb-data-missing,40,,,,,,0,-850,,,,,,,20,101,29917,,ns=stopped,56,,,,,,FALSE,1973,Normal
1017,Radio 2271 B1,E55P870893,1/11/2025 21:04,Normal,nff_issues,,Wait for data timeout,523,,TRUE,FALSE,off,150,43.03,32.7,3,CtrlGainStateWait=starting,43867,,,,FALSE,FALSE,,ext-bb-data-missing,40,,,,,,0,-850,,,,,,,20,103,29835,,ns=stopped,56,,,,,,FALSE,1976,Normal
1018,Radio 2271 B1,E55P870893,1/11/2025 21:04,Normal,nff_issues,,Wait for data timeout,603,,TRUE,FALSE,off,149,43.03,32.5,5,CtrlGainStateWait=starting,44093,,,,FALSE,FALSE,,ext-bb-data-missing,40,,,,,,0,-850,,,,,,,20,102,29906,,ns=stopped,56,,,,,,FALSE,1976,Normal
1019,Radio 2271 B1,E55P870893,1/12/2025 19:43,Normal,nff_issues,,Wait for data timeout,667,,TRUE,FALSE,off,151,43.03,34.8,12,CtrlGainStateWait=starting,44023,,,,FALSE,FALSE,,ext-bb-data-missing,40,,,,,,0,-850,,,,,,,20,102,29878,,ns=stopped,56,,,,,,FALSE,1973,Normal
1020,Radio 2271 B1,E55P870893,1/12/2025 19:43,Normal,nff_issues,,Wait for data timeout,470.5,,TRUE,FALSE,off,150.5,43.03,34.9,8.5,CtrlGainStateWait=starting,43981.5,,,,FALSE,FALSE,,ext-bb-data-missing,40,,,,,,0,-850,,,,,,,20,75.5,29882,,ns=stopped,56,,,,,,FALSE,1976,Normal
1021,Radio 2271 B1,E55P870893,1/12/2025 19:43,Normal,nff_issues,,Wait for data timeout,464.5,,TRUE,FALSE,off,112,43.03,34.9,6,CtrlGainStateWait=starting,43954.5,,,,FALSE,FALSE,,ext-bb-data-missing,40,,,,,,0,-850,,,,,,,20,76.5,29870.5,,ns=stopped,56,,,,,,FALSE,1973,Normal
1022,Radio 2271 B1,E55P870893,1/13/2025 6:41,Normal,nff_issues,,Wait for data timeout,630,,TRUE,FALSE,off,154,43.03,40.2,11,CtrlGainStateWait=starting,43937,,,,FALSE,FALSE,,ext-bb-data-missing,40,,,,,,0,-850,,,,,,,20,103,29878,,ns=stopped,56,,,,,,FALSE,1973,Normal
1023,Radio 2271 B1,E55P870893,1/13/2025 6:42,Normal,nff_issues,,Wait for data timeout,446.5,,TRUE,FALSE,off,113,43.03,40.2,8,CtrlGainStateWait=starting,43921,,,,FALSE,FALSE,,ext-bb-data-missing,40,,,,,,0,-850,,,,,,,20,75.5,29872.5,,ns=stopped,56,,,,,,FALSE,1976,Normal
1024,Radio 2271 B1,E55P870893,1/13/2025 6:42,Normal,nff_issues,,Wait for data timeout,704,,TRUE,FALSE,off,151,43.03,39.8,15,CtrlGainStateWait=starting,44042,,,,FALSE,FALSE,,ext-bb-data-missing,40,,,,,,0,-850,,,,,,,20,100,29878,,ns=stopped,56,,,,,,FALSE,1973,Normal
1025,Radio 2271 B1,E55P870893,1/13/2025 6:43,Normal,nff_issues,,Wait for data timeout,485,,TRUE,FALSE,off,151,43.03,39.2,3,CtrlGainStateWait=starting,43937,,,,FALSE,FALSE,,ext-bb-data-missing,40,,,,,,0,-850,,,,,,,20,102,29898,,ns=stopped,56,,,,,,FALSE,1976,Normal
1026,Radio 2271 B1,E55P870893,1/13/2025 6:43,Normal,nff_issues,,Wait for data timeout,586,,TRUE,FALSE,off,150,43.03,38.8,4,CtrlGainStateWait=starting,44007,,,,FALSE,FALSE,,ext-bb-data-missing,40,,,,,,0,-850,,,,,,,20,102,29906,,ns=stopped,56,,,,,,FALSE,1976,Normal
1027,Radio 2271 B1,E55P870893,1/14/2025 14:04,Normal,nff_issues,,Wait for data timeout,523,,TRUE,FALSE,off,154,43.03,42.8,12,CtrlGainStateWait=starting,43972,,,,FALSE,FALSE,,ext-bb-data-missing,40,,,,,,0,-850,,,,,,,20,103,29937,,ns=stopped,56,,,,,,FALSE,1973,Normal
1028,Radio 2271 B1,E55P870893,1/14/2025 14:05,Normal,nff_issues,,Wait for data timeout,396,,TRUE,FALSE,off,114,43.03,43.1,8,CtrlGainStateWait=starting,43929,,,,FALSE,FALSE,,ext-bb-data-missing,40,,,,,,0,-850,,,,,,,20,76.5,29886.5,,ns=stopped,56,,,,,,FALSE,1976,Normal
1029,Radio 2271 B1,E55P870893,1/15/2025 19:53,Normal,nff_issues,,Wait for data timeout,386,,TRUE,FALSE,off,154,43.03,27.9,13,CtrlGainStateWait=starting,43902,,,,FALSE,FALSE,,ext-bb-data-missing,40,,,,,,0,-850,,,,,,,20,104,29906,,ns=stopped,56,,,,,,FALSE,1973,Normal
1030,Radio 2271 B1,E55P870893,1/15/2025 19:53,Normal,nff_issues,,Wait for data timeout,367,,TRUE,FALSE,off,114,43.03,28.4,9,CtrlGainStateWait=starting,44060,,,,FALSE,FALSE,,ext-bb-data-missing,40,,,,,,0,-850,,,,,,,20,77,29931,,ns=stopped,56,,,,,,FALSE,1976,Normal
1031,Radio 2271 B1,E55P870893,1/16/2025 18:34,Normal,nff_issues,,Wait for data timeout,629,,TRUE,FALSE,off,153,43.03,38.6,11,CtrlGainStateWait=starting,43957,,,,FALSE,FALSE,,ext-bb-data-missing,40,,,,,,0,-850,,,,,,,20,102,29886,,ns=stopped,56,,,,,,FALSE,1973,Normal
1032,Radio 2271 B1,E55P870893,1/16/2025 18:34,Normal,nff_issues,,Wait for data timeout,447.5,,TRUE,FALSE,off,112,43.03,38.7,8.5,CtrlGainStateWait=starting,43982,,,,FALSE,FALSE,,ext-bb-data-missing,40,,,,,,0,-850,,,,,,,20,75,29927,,ns=stopped,56,,,,,,FALSE,1976,Normal
1033,Radio 2271 B1,E55P870893,1/17/2025 0:35,Normal,nff_issues,,Wait for data timeout,677,,TRUE,FALSE,off,153,43.03,25.2,12,CtrlGainStateWait=starting,44078,,,,FALSE,FALSE,,ext-bb-data-missing,40,,,,,,0,-850,,,,,,,20,103,29855,,ns=stopped,56,,,,,,FALSE,1973,Normal
1034,Radio 2271 B1,E55P870893,1/17/2025 0:35,Normal,nff_issues,,Wait for data timeout,480,,TRUE,FALSE,off,113,43.03,25.4,8,CtrlGainStateWait=starting,43980,,,,FALSE,FALSE,,ext-bb-data-missing,40,,,,,,0,-850,,,,,,,20,76.5,29896,,ns=stopped,56,,,,,,FALSE,1976,Normal
1035,Radio 2271 B1,E55P870893,1/17/2025 0:36,Normal,nff_issues,,Wait for data timeout,736,,TRUE,FALSE,off,151,43.03,25.2,16,CtrlGainStateWait=starting,43988,,,,FALSE,FALSE,,ext-bb-data-missing,40,,,,,,0,-850,,,,,,,20,102,29855,,ns=stopped,56,,,,,,FALSE,1973,Normal
1036,Radio 2271 B1,E55P870893,1/17/2025 0:36,Normal,nff_issues,,Wait for data timeout,578,,TRUE,FALSE,off,149,43.03,24.8,4,CtrlGainStateWait=starting,43921,,,,FALSE,FALSE,,ext-bb-data-missing,40,,,,,,0,-850,,,,,,,20,102,29847,,ns=stopped,56,,,,,,FALSE,1976,Normal
1037,Radio 2271 B1,E55P870893,1/17/2025 0:37,Normal,nff_issues,,Wait for data timeout,621,,TRUE,FALSE,off,149,43.03,24.6,6,CtrlGainStateWait=starting,43867,,,,FALSE,FALSE,,ext-bb-data-missing,40,,,,,,0,-850,,,,,,,20,103,29906,,ns=stopped,56,,,,,,FALSE,1976,Normal
1038,Radio 2271 B1,E55P870893,1/19/2025 8:30,Normal,nff_issues,,Wait for data timeout,625,,TRUE,FALSE,off,152,43.03,44.8,11,CtrlGainStateWait=starting,44023,,,,FALSE,FALSE,,ext-bb-data-missing,40,,,,,,0,-850,,,,,,,20,102,29937,,ns=stopped,56,,,,,,FALSE,1973,Normal
1039,Radio 2271 B1,E55P870893,1/19/2025 8:31,Normal,nff_issues,,Wait for data timeout,437,,TRUE,FALSE,off,113,43.03,44.9,8.5,CtrlGainStateWait=starting,44007,,,,FALSE,FALSE,,ext-bb-data-missing,40,,,,,,0,-850,,,,,,,20,76,29896,,ns=stopped,56,,,,,,FALSE,1976,Normal
1040,Radio 2271 B1,E55P870893,1/19/2025 20:26,Normal,nff_issues,,Wait for data timeout,640,,TRUE,FALSE,off,152,43.03,35.4,12,CtrlGainStateWait=starting,43972,,,,FALSE,FALSE,,ext-bb-data-missing,40,,,,,,0,-850,,,,,,,20,102,29886,,ns=stopped,56,,,,,,FALSE,1973,Normal
1041,Radio 2271 B1,E55P870893,1/19/2025 20:26,Normal,nff_issues,,Wait for data timeout,451.5,,TRUE,FALSE,off,113.5,43.03,35.5,8.5,CtrlGainStateWait=starting,43954.5,,,,FALSE,FALSE,,ext-bb-data-missing,40,,,,,,0,-850,,,,,,,20,76,29878,,ns=stopped,56,,,,,,FALSE,1976,Normal
1042,Radio 2271 B1,E55P870893,1/20/2025 20:11,Normal,nff_issues,,Wait for data timeout,656,,TRUE,FALSE,off,153,43.03,31,12,CtrlGainStateWait=starting,44042,,,,FALSE,FALSE,,ext-bb-data-missing,40,,,,,,0,-850,,,,,,,20,103,29925,,ns=stopped,56,,,,,,FALSE,1973,Normal
1043,Radio 2271 B1,E55P870893,1/20/2025 20:11,Normal,nff_issues,,Wait for data timeout,467.5,,TRUE,FALSE,off,113,43.03,31.2,8,CtrlGainStateWait=starting,44068,,,,FALSE,FALSE,,ext-bb-data-missing,40,,,,,,0,-850,,,,,,,20,76,29888,,ns=stopped,56,,,,,,FALSE,1976,Normal
1044,Radio 2271 B1,E55P870893,1/20/2025 20:11,Normal,nff_issues,,Wait for data timeout,730,,TRUE,FALSE,off,151,43.03,30.9,16,CtrlGainStateWait=starting,43972,,,,FALSE,FALSE,,ext-bb-data-missing,40,,,,,,0,-850,,,,,,,20,101,29898,,ns=stopped,56,,,,,,FALSE,1973,Normal
1045,Radio 2271 B1,E55P870893,1/20/2025 20:12,Normal,nff_issues,,Wait for data timeout,557,,TRUE,FALSE,off,150,43.03,30.7,4,CtrlGainStateWait=starting,43957,,,,FALSE,FALSE,,ext-bb-data-missing,40,,,,,,0,-850,,,,,,,20,103,29886,,ns=stopped,56,,,,,,FALSE,1976,Normal
1046,Radio 2271 B1,E55P870893,1/20/2025 20:12,Normal,nff_issues,,Wait for data timeout,601,,TRUE,FALSE,off,150,43.03,30.6,5,CtrlGainStateWait=starting,44058,,,,FALSE,FALSE,,ext-bb-data-missing,40,,,,,,0,-850,,,,,,,20,102,29867,,ns=stopped,56,,,,,,FALSE,1976,Normal
1047,Radio 2271 B1,E55P870893,1/22/2025 3:43,Normal,nff_issues,,Wait for data timeout,652,,TRUE,FALSE,off,153,43.03,33.7,11,CtrlGainStateWait=starting,44058,,,,FALSE,FALSE,,ext-bb-data-missing,40,,,,,,0,-850,,,,,,,20,103,29835,,ns=stopped,56,,,,,,FALSE,1973,Normal
1048,Radio 2271 B1,E55P870893,1/22/2025 3:43,Normal,nff_issues,,Wait for data timeout,459,,TRUE,FALSE,off,114,43.03,33.9,7.5,CtrlGainStateWait=starting,44050,,,,FALSE,FALSE,,ext-bb-data-missing,40,,,,,,0,-850,,,,,,,20,77,29837.5,,ns=stopped,56,,,,,,FALSE,1976,Normal
1049,Radio 2271 B1,E55P870893,1/22/2025 20:16,Normal,nff_issues,,Wait for data timeout,641,,TRUE,FALSE,off,154,43.03,32.4,11,CtrlGainStateWait=starting,43972,,,,FALSE,FALSE,,ext-bb-data-missing,40,,,,,,0,-850,,,,,,,20,103,29925,,ns=stopped,56,,,,,,FALSE,1973,Normal
1050,Radio 2271 B1,E55P870893,1/22/2025 20:16,Normal,nff_issues,,Wait for data timeout,454,,TRUE,FALSE,off,113,43.03,32.6,7.5,CtrlGainStateWait=starting,43997.5,,,,FALSE,FALSE,,ext-bb-data-missing,40,,,,,,0,-850,,,,,,,20,76,29857,,ns=stopped,56,,,,,,FALSE,1976,Normal
1051,Radio 2271 B1,E55P870893,1/22/2025 20:17,Normal,nff_issues,,Wait for data timeout,718,,TRUE,FALSE,off,152,43.03,32.4,15,CtrlGainStateWait=starting,44078,,,,FALSE,FALSE,,ext-bb-data-missing,40,,,,,,0,-850,,,,,,,20,101,29906,,ns=stopped,56,,,,,,FALSE,1973,Normal
1052,Radio 2271 B1,E55P870893,1/22/2025 20:17,Normal,nff_issues,,Wait for data timeout,540,,TRUE,FALSE,off,150,43.03,32.2,4,CtrlGainStateWait=starting,43921,,,,FALSE,FALSE,,ext-bb-data-missing,40,,,,,,0,-850,,,,,,,20,103,29906,,ns=stopped,56,,,,,,FALSE,1976,Normal
1053,Radio 2271 B1,E55P870893,1/22/2025 20:17,Normal,nff_issues,,Wait for data timeout,589,,TRUE,FALSE,off,150,43.03,32.1,4,CtrlGainStateWait=starting,44078,,,,FALSE,FALSE,,ext-bb-data-missing,40,,,,,,0,-850,,,,,,,20,103,29906,,ns=stopped,56,,,,,,FALSE,1976,Normal
1054,Radio 2271 B1,E55P870893,1/23/2025 18:35,Normal,nff_issues,,Wait for data timeout,637,,TRUE,FALSE,off,153,43.03,38.7,11,CtrlGainStateWait=starting,44042,,,,FALSE,FALSE,,ext-bb-data-missing,40,,,,,,0,-850,,,,,,,20,103,29867,,ns=stopped,56,,,,,,FALSE,1973,Normal
1055,Radio 2271 B1,E55P870893,1/23/2025 18:36,Normal,nff_issues,,Wait for data timeout,452,,TRUE,FALSE,off,113,43.03,38.8,8,CtrlGainStateWait=starting,43894,,,,FALSE,FALSE,,ext-bb-data-missing,40,,,,,,0,-850,,,,,,,20,75.5,29845,,ns=stopped,56,,,,,,FALSE,1973,Normal
1056,Radio 2271 B1,E55P870893,1/23/2025 18:36,Normal,nff_issues,,Wait for data timeout,452,,TRUE,FALSE,off,113,43.03,38.7,8,CtrlGainStateWait=starting,43894,,,,FALSE,FALSE,,ext-bb-data-missing,40,,,,,,0,-850,,,,,,,20,75.5,29845,,ns=stopped,56,,,,,,FALSE,1976,Normal
1057,Radio 2271 B1,E55P870893,1/24/2025 8:07,Normal,nff_issues,,Wait for data timeout,618,,TRUE,FALSE,off,154,43.03,40.4,11,CtrlGainStateWait=starting,44113,,,,FALSE,FALSE,,ext-bb-data-missing,40,,,,,,0,-850,,,,,,,20,103,29917,,ns=stopped,56,,,,,,FALSE,1973,Normal
1058,Radio 2271 B1,E55P870893,1/24/2025 8:07,Normal,nff_issues,,Wait for data timeout,436.5,,TRUE,FALSE,off,113,43.03,40.6,8,CtrlGainStateWait=starting,43964,,,,FALSE,FALSE,,ext-bb-data-missing,40,,,,,,0,-850,,,,,,,20,75.5,29866.5,,ns=stopped,56,,,,,,FALSE,1976,Normal
1059,Radio 2271 B1,E55P870893,1/24/2025 8:07,Normal,nff_issues,,Wait for data timeout,699,,TRUE,FALSE,off,151,43.03,40.4,15,CtrlGainStateWait=starting,43867,,,,FALSE,FALSE,,ext-bb-data-missing,40,,,,,,0,-850,,,,,,,20,101,29878,,ns=stopped,56,,,,,,FALSE,1973,Normal
1060,Radio 2271 B1,E55P870893,1/24/2025 8:08,Normal,nff_issues,,Wait for data timeout,495,,TRUE,FALSE,off,150,43.03,40.4,4,CtrlGainStateWait=starting,44128,,,,FALSE,FALSE,,ext-bb-data-missing,40,,,,,,0,-850,,,,,,,20,102,29886,,ns=stopped,56,,,,,,FALSE,1976,Normal
1061,Radio 2271 B1,E55P870893,1/24/2025 8:08,Normal,nff_issues,,Wait for data timeout,573,,TRUE,FALSE,off,150,43.03,40.3,5,CtrlGainStateWait=starting,44042,,,,FALSE,FALSE,,ext-bb-data-missing,40,,,,,,0,-850,,,,,,,20,101,29917,,ns=stopped,56,,,,,,FALSE,1976,Normal
1062,Radio 2271 B1,E55P870893,1/25/2025 6:53,Normal,nff_issues,,Wait for data timeout,640,,TRUE,FALSE,off,153,43.03,38.8,11,CtrlGainStateWait=starting,44023,,,,FALSE,FALSE,,ext-bb-data-missing,40,,,,,,0,-850,,,,,,,20,102,29886,,ns=stopped,56,,,,,,FALSE,1973,Normal
1063,Radio 2271 B1,E55P870893,1/25/2025 6:53,Normal,nff_issues,,Wait for data timeout,454.5,,TRUE,FALSE,off,113,43.03,38.8,8,CtrlGainStateWait=starting,43982,,,,FALSE,FALSE,,ext-bb-data-missing,40,,,,,,0,-850,,,,,,,20,75,29901.5,,ns=stopped,56,,,,,,FALSE,1976,Normal
1064,Radio 2271 B1,E55P870893,1/25/2025 20:14,Normal,nff_issues,,Wait for data timeout,638,,TRUE,FALSE,off,153,43.03,37.5,12,CtrlGainStateWait=starting,43957,,,,FALSE,FALSE,,ext-bb-data-missing,40,,,,,,0,-850,,,,,,,20,102,29878,,ns=stopped,56,,,,,,FALSE,1973,Normal
1065,Radio 2271 B1,E55P870893,1/25/2025 20:15,Normal,nff_issues,,Wait for data timeout,447.5,,TRUE,FALSE,off,114,43.03,37.6,8,CtrlGainStateWait=starting,43989.5,,,,FALSE,FALSE,,ext-bb-data-missing,40,,,,,,0,-850,,,,,,,20,77,29882,,ns=stopped,56,,,,,,FALSE,1976,Normal
1066,Radio 2271 B1,E55P870893,1/25/2025 20:15,Normal,nff_issues,,Wait for data timeout,714,,TRUE,FALSE,off,152,43.03,37.4,15,CtrlGainStateWait=starting,44058,,,,FALSE,FALSE,,ext-bb-data-missing,40,,,,,,0,-850,,,,,,,20,100,29867,,ns=stopped,56,,,,,,FALSE,1973,Normal
1067,Radio 2271 B1,E55P870893,1/25/2025 20:15,Normal,nff_issues,,Wait for data timeout,530,,TRUE,FALSE,off,150,43.03,37.2,4,CtrlGainStateWait=starting,44078,,,,FALSE,FALSE,,ext-bb-data-missing,40,,,,,,0,-850,,,,,,,20,102,29898,,ns=stopped,56,,,,,,FALSE,1976,Normal
1068,Radio 2271 B1,E55P870893,1/25/2025 20:16,Normal,nff_issues,,Wait for data timeout,585,,TRUE,FALSE,off,150,43.03,37.1,5,CtrlGainStateWait=starting,44058,,,,FALSE,FALSE,,ext-bb-data-missing,40,,,,,,0,-850,,,,,,,20,102,29898,,ns=stopped,56,,,,,,FALSE,1976,Normal
1069,Radio 2271 B1,E55P870893,1/26/2025 6:39,Normal,nff_issues,,Wait for data timeout,639,,TRUE,FALSE,off,154,43.03,35.1,11,CtrlGainStateWait=starting,43921,,,,FALSE,FALSE,,ext-bb-data-missing,40,,,,,,0,-850,,,,,,,20,104,29906,,ns=stopped,56,,,,,,FALSE,1973,Normal
1070,Radio 2271 B1,E55P870893,1/26/2025 6:40,Normal,nff_issues,,Wait for data timeout,452,,TRUE,FALSE,off,113.5,43.03,35.3,7.5,CtrlGainStateWait=starting,44017,,,,FALSE,FALSE,,ext-bb-data-missing,40,,,,,,0,-850,,,,,,,20,77,29862.5,,ns=stopped,56,,,,,,FALSE,1976,Normal
1071,Radio 2271 B1,E55P870893,1/28/2025 3:01,Normal,nff_issues,,Wait for data timeout,651,,TRUE,FALSE,off,154,43.03,34.8,12,CtrlGainStateWait=starting,44093,,,,FALSE,FALSE,,ext-bb-data-missing,40,,,,,,0,-850,,,,,,,20,102,29855,,ns=stopped,56,,,,,,FALSE,1973,Normal
1072,Radio 2271 B1,E55P870893,1/28/2025 3:01,Normal,nff_issues,,Wait for data timeout,457,,TRUE,FALSE,off,113,43.03,35.1,8,CtrlGainStateWait=starting,44007.5,,,,FALSE,FALSE,,ext-bb-data-missing,40,,,,,,0,-850,,,,,,,20,75.5,29861,,ns=stopped,56,,,,,,FALSE,1976,Normal
1073,Radio 2271 B1,E55P870893,1/29/2025 16:37,Normal,nff_issues,,Wait for data timeout,652,,TRUE,FALSE,off,153,43.03,32.9,12,CtrlGainStateWait=starting,44148,,,,FALSE,FALSE,,ext-bb-data-missing,40,,,,,,0,-850,,,,,,,20,103,29847,,ns=stopped,56,,,,,,FALSE,1973,Normal
1074,Radio 2271 B1,E55P870893,1/29/2025 16:37,Normal,nff_issues,,Wait for data timeout,460,,TRUE,FALSE,off,113.5,43.03,33.1,7.5,CtrlGainStateWait=starting,43964,,,,FALSE,FALSE,,ext-bb-data-missing,40,,,,,,0,-850,,,,,,,20,75.5,29886,,ns=stopped,56,,,,,,FALSE,1976,Normal
1075,Radio 2271 B1,E55P870893,1/30/2025 20:25,Normal,nff_issues,,Wait for data timeout,653,,TRUE,FALSE,off,154,43.03,30.5,12,CtrlGainStateWait=starting,43921,,,,FALSE,FALSE,,ext-bb-data-missing,40,,,,,,0,-850,,,,,,,20,103,29878,,ns=stopped,56,,,,,,FALSE,1973,Normal
1076,Radio 2271 B1,E55P870893,1/30/2025 20:25,Normal,nff_issues,,Wait for data timeout,462.5,,TRUE,FALSE,off,113.5,43.03,30.6,8.5,CtrlGainStateWait=starting,43964,,,,FALSE,FALSE,,ext-bb-data-missing,40,,,,,,0,-850,,,,,,,20,76.5,29870.5,,ns=stopped,56,,,,,,FALSE,1976,Normal
1077,Radio 2271 B1,E55P870893,1/31/2025 20:46,Normal,nff_issues,,Wait for data timeout,638,,TRUE,FALSE,off,154,43.03,37.6,11,CtrlGainStateWait=starting,44093,,,,FALSE,FALSE,,ext-bb-data-missing,40,,,,,,0,-850,,,,,,,20,102,29878,,ns=stopped,56,,,,,,FALSE,1973,Normal
1078,Radio 2271 B1,E55P870893,1/31/2025 20:46,Normal,nff_issues,,Wait for data timeout,450.5,,TRUE,FALSE,off,113.5,43.03,37.7,8,CtrlGainStateWait=starting,44035,,,,FALSE,FALSE,,ext-bb-data-missing,40,,,,,,0,-850,,,,,,,20,76.5,29855,,ns=stopped,56,,,,,,FALSE,1976,Normal
1079,Radio 2271 B1,E55P870893,2/1/2025 19:29,Normal,nff_issues,,Wait for data timeout,650,,TRUE,FALSE,off,154,43.03,32.6,12,CtrlGainStateWait=starting,44042,,,,FALSE,FALSE,,ext-bb-data-missing,40,,,,,,0,-850,,,,,,,20,104,29917,,ns=stopped,56,,,,,,FALSE,1973,Normal
1080,Radio 2271 B1,E55P870893,2/1/2025 19:29,Normal,nff_issues,,Wait for data timeout,458.5,,TRUE,FALSE,off,114,43.03,32.7,8,CtrlGainStateWait=starting,43989.5,,,,FALSE,FALSE,,ext-bb-data-missing,40,,,,,,0,-850,,,,,,,20,77,29907.5,,ns=stopped,56,,,,,,FALSE,1976,Normal
1081,Radio 2271 B1,E55P870893,2/1/2025 19:29,Normal,nff_issues,,Wait for data timeout,724,,TRUE,FALSE,off,153,43.03,32.5,14,CtrlGainStateWait=starting,43902,,,,FALSE,FALSE,,ext-bb-data-missing,40,,,,,,0,-850,,,,,,,20,102,29878,,ns=stopped,56,,,,,,FALSE,1973,Normal
1082,Radio 2271 B1,E55P870893,2/1/2025 19:30,Normal,nff_issues,,Wait for data timeout,522,,TRUE,FALSE,off,150,43.03,32.1,3,CtrlGainStateWait=starting,43972,,,,FALSE,FALSE,,ext-bb-data-missing,40,,,,,,0,-850,,,,,,,20,103,29898,,ns=stopped,56,,,,,,FALSE,1976,Normal
1083,Radio 2271 B1,E55P870893,2/1/2025 19:30,Normal,nff_issues,,Wait for data timeout,604,,TRUE,FALSE,off,150,43.03,31.9,4,CtrlGainStateWait=starting,44007,,,,FALSE,FALSE,,ext-bb-data-missing,40,,,,,,0,-850,,,,,,,20,102,29878,,ns=stopped,56,,,,,,FALSE,1976,Normal
1084,Radio 2271 B1,E55P870893,12/10/2024 17:45,Normal,nff_issues,,Wait for data timeout,642,,TRUE,FALSE,off,150,43.03,40.7,12,CtrlGainStateWait=starting,44007,,,,FALSE,FALSE,,ext-bb-data-missing,40,,,,,,0,-850,,,,,,,20,101,29976,,ns=stopped,56,,,,,,FALSE,1973,Normal
1085,Radio 2271 B1,E55P870893,12/10/2024 17:46,Normal,nff_issues,,Wait for data timeout,463,,TRUE,FALSE,off,111.5,43.03,40.8,9.5,CtrlGainStateWait=starting,43989.5,,,,FALSE,FALSE,,ext-bb-data-missing,40,,,,,,0,-850,,,,,,,20,76,29911.5,,ns=stopped,56,,,,,,FALSE,1973,Normal
1086,Radio 2271 B1,E55P870893,12/10/2024 17:46,Normal,nff_issues,,Wait for data timeout,463,,TRUE,FALSE,off,111.5,43.03,40.8,9.5,CtrlGainStateWait=starting,43989.5,,,,FALSE,FALSE,,ext-bb-data-missing,40,,,,,,0,-850,,,,,,,20,76,29911.5,,ns=stopped,56,,,,,,FALSE,1976,Normal
1087,Radio 2271 B1,E55P870893,12/11/2024 12:21,Normal,nff_issues,,Wait for data timeout,594,,TRUE,FALSE,off,151,43.03,52.2,13,CtrlGainStateWait=starting,44007,,,,FALSE,FALSE,,ext-bb-data-missing,40,,,,,,0,-850,,,,,,,20,103,29945,,ns=stopped,56,,,,,,FALSE,1973,Normal
1088,Radio 2271 B1,E55P870893,12/11/2024 12:22,Normal,nff_issues,,Wait for data timeout,415,,TRUE,FALSE,off,112,43.03,52.3,10.5,CtrlGainStateWait=starting,43980,,,,FALSE,FALSE,,ext-bb-data-missing,40,,,,,,0,-850,,,,,,,20,76.5,29917,,ns=stopped,56,,,,,,FALSE,1976,Normal
1089,Radio 2271 B1,E55P870893,12/11/2024 12:22,Normal,nff_issues,,Wait for data timeout,641,,TRUE,FALSE,off,150,43.03,52,20,CtrlGainStateWait=starting,44042,,,,FALSE,FALSE,,ext-bb-data-missing,40,,,,,,0,-850,,,,,,,20,102,29898,,ns=stopped,56,,,,,,FALSE,1973,Normal
1090,Radio 2271 B1,E55P870893,12/11/2024 12:22,Normal,nff_issues,,Wait for data timeout,469,,TRUE,FALSE,off,150,43.03,51.7,4,CtrlGainStateWait=starting,44078,,,,FALSE,FALSE,,ext-bb-data-missing,40,,,,,,0,-850,,,,,,,20,103,29957,,ns=stopped,56,,,,,,FALSE,1976,Normal
1091,Radio 2271 B1,E55P870893,12/11/2024 12:23,Normal,nff_issues,,Wait for data timeout,553,,TRUE,FALSE,off,149,43.03,51.4,5,CtrlGainStateWait=starting,43902,,,,FALSE,FALSE,,ext-bb-data-missing,40,,,,,,0,-850,,,,,,,20,102,29898,,ns=stopped,56,,,,,,FALSE,1976,Normal
1092,Radio 2271 B1,E55P870893,12/13/2024 23:33,Normal,nff_issues,,Wait for data timeout,623,,TRUE,FALSE,off,151,43.03,36.7,14,CtrlGainStateWait=starting,44007,,,,FALSE,FALSE,,ext-bb-data-missing,40,,,,,,0,-850,,,,,,,20,103,29917,,ns=stopped,56,,,,,,FALSE,1973,Normal
1093,Radio 2271 B1,E55P870893,12/13/2024 23:33,Normal,nff_issues,,Wait for data timeout,448,,TRUE,FALSE,off,113,43.03,36.8,9,CtrlGainStateWait=starting,43997.5,,,,FALSE,FALSE,,ext-bb-data-missing,40,,,,,,0,-850,,,,,,,20,76.5,29951,,ns=stopped,56,,,,,,FALSE,1976,Normal
1094,Radio 2271 B1,E55P870893,12/17/2024 4:54,Normal,nff_issues,,Wait for data timeout,666,,TRUE,FALSE,off,150,43.03,37.2,10,CtrlGainStateWait=starting,43921,,,,FALSE,FALSE,,ext-bb-data-missing,40,,,,,,0,-850,,,,,,,20,101,29906,,ns=stopped,56,,,,,,FALSE,1973,Normal
1095,Radio 2271 B1,E55P870893,12/17/2024 4:55,Normal,nff_issues,,Wait for data timeout,486.5,,TRUE,FALSE,off,111,43.03,37.2,8,CtrlGainStateWait=starting,43945,,,,FALSE,FALSE,,ext-bb-data-missing,40,,,,,,0,-850,,,,,,,20,75,29950.5,,ns=stopped,56,,,,,,FALSE,1976,Normal
1096,Radio 2271 B1,E55P870893,12/17/2024 6:12,Normal,nff_issues,,Wait for data timeout,672,,TRUE,FALSE,off,149,43.03,38.3,11,CtrlGainStateWait=starting,44007,,,,FALSE,FALSE,,ext-bb-data-missing,40,,,,,,0,-850,,,,,,,20,100,29906,,ns=stopped,56,,,,,,FALSE,1973,Normal
1097,Radio 2271 B1,E55P870893,12/17/2024 6:12,Normal,nff_issues,,Wait for data timeout,487,,TRUE,FALSE,off,111.5,43.03,38.4,8,CtrlGainStateWait=starting,43929,,,,FALSE,FALSE,,ext-bb-data-missing,40,,,,,,0,-850,,,,,,,20,75.5,29896,,ns=stopped,56,,,,,,FALSE,1976,Normal
1098,Radio 2271 B1,E55P870893,12/17/2024 6:13,Normal,nff_issues,,Wait for data timeout,701,,TRUE,FALSE,off,149,43.03,38,15,CtrlGainStateWait=starting,44058,,,,FALSE,FALSE,,ext-bb-data-missing,40,,,,,,0,-850,,,,,,,20,99,29945,,ns=stopped,56,,,,,,FALSE,1973,Normal
1099,Radio 2271 B1,E55P870893,12/17/2024 6:13,Normal,nff_issues,,Wait for data timeout,576,,TRUE,FALSE,off,148,43.03,37.6,4,CtrlGainStateWait=starting,43921,,,,FALSE,FALSE,,ext-bb-data-missing,40,,,,,,0,-850,,,,,,,20,102,29917,,ns=stopped,56,,,,,,FALSE,1976,Normal
1100,Radio 2271 B1,E55P870893,12/17/2024 6:13,Normal,nff_issues,,Wait for data timeout,606,,TRUE,FALSE,off,148,43.03,37.5,5,CtrlGainStateWait=starting,43988,,,,FALSE,FALSE,,ext-bb-data-missing,40,,,,,,0,-850,,,,,,,20,100,29855,,ns=stopped,56,,,,,,FALSE,1976,Normal
1101,Radio 2271 B1,E55P870893,12/17/2024 22:48,Normal,nff_issues,,Wait for data timeout,275,,TRUE,FALSE,off,154,43.03,22.9,14,CtrlGainStateWait=starting,44007,,,,FALSE,FALSE,,ext-bb-data-missing,40,,,,,,0,-850,,,,,,,20,105,29855,,ns=stopped,56,,,,,,FALSE,1973,Normal
1102,Radio 2271 B1,E55P870893,12/17/2024 22:48,Normal,nff_issues,,Wait for data timeout,348.5,,TRUE,FALSE,off,112.5,43.03,23.4,9.5,CtrlGainStateWait=starting,43939,,,,FALSE,FALSE,,ext-bb-data-missing,40,,,,,,0,-850,,,,,,,20,77,29902,,ns=stopped,56,,,,,,FALSE,1973,Normal
1103,Radio 2271 B1,E55P870893,12/17/2024 22:48,Normal,nff_issues,,Wait for data timeout,348.5,,TRUE,FALSE,off,112.5,43.03,23.4,9.5,CtrlGainStateWait=starting,43939,,,,FALSE,FALSE,,ext-bb-data-missing,40,,,,,,0,-850,,,,,,,20,77,29902,,ns=stopped,56,,,,,,FALSE,1976,Normal
1104,Radio 2271 B1,E55P870893,12/17/2024 22:49,Normal,nff_issues,,Wait for data timeout,362,,TRUE,FALSE,off,113,43.03,23.6,7,CtrlGainStateWait=starting,43999.5,,,,FALSE,FALSE,,ext-bb-data-missing,40,,,,,,0,-850,,,,,,,20,78,29886,,ns=stopped,56,,,,,,FALSE,1973,Normal
1105,Radio 2271 B1,E55P870893,12/18/2024 19:50,Normal,nff_issues,,Wait for data timeout,293,,TRUE,FALSE,off,153,43.03,29.7,14,CtrlGainStateWait=starting,44042,,,,FALSE,FALSE,,ext-bb-data-missing,40,,,,,,0,-850,,,,,,,20,105,29945,,ns=stopped,56,,,,,,FALSE,1973,Normal
1106,Radio 2271 B1,E55P870893,12/18/2024 19:50,Normal,nff_issues,,Wait for data timeout,347.5,,TRUE,FALSE,off,113,43.03,30.1,8.5,CtrlGainStateWait=starting,43939,,,,FALSE,FALSE,,ext-bb-data-missing,40,,,,,,0,-850,,,,,,,20,77,29892,,ns=stopped,56,,,,,,FALSE,1976,Normal
1107,Radio 2271 B1,E55P870893,12/19/2024 9:43,Normal,nff_issues,,Wait for data timeout,326,,TRUE,FALSE,off,153,43.03,33.7,14,CtrlGainStateWait=starting,43867,,,,FALSE,FALSE,,ext-bb-data-missing,40,,,,,,0,-850,,,,,,,20,105,29898,,ns=stopped,56,,,,,,FALSE,1973,Normal
1108,Radio 2271 B1,E55P870893,12/19/2024 9:43,Normal,nff_issues,,Wait for data timeout,354,,TRUE,FALSE,off,113.5,43.03,34.1,8.5,CtrlGainStateWait=starting,43989.5,,,,FALSE,FALSE,,ext-bb-data-missing,40,,,,,,0,-850,,,,,,,20,77.5,29941,,ns=stopped,56,,,,,,FALSE,1976,Normal
1109,Radio 2271 B1,E55P870893,12/19/2024 22:08,Normal,nff_issues,,Wait for data timeout,651.5,,TRUE,FALSE,off,148,47.24,34.6,5.5,CtrlGainStateWait=starting,47981.5,,,,FALSE,FALSE,,ext-bb-data-missing,40,,,,,,0,-850,,,,,,,40,102,29905.5,,ns=stopped,56,,,,,,FALSE,1973,Normal
1110,Radio 2271 B1,E55P870893,12/19/2024 22:08,Normal,nff_issues,,Wait for data timeout,658.5,,TRUE,FALSE,off,147.5,47.24,34.5,8,CtrlGainStateWait=starting,47868.5,,,,FALSE,FALSE,,ext-bb-data-missing,40,,,,,,0,-850,,,,,,,40,101,29917,,ns=stopped,56,,,,,,FALSE,1976,Normal
1111,Radio 2271 B1,E55P870893,12/19/2024 22:08,Normal,nff_issues,,Wait for data timeout,658.5,,TRUE,FALSE,off,147.5,47.24,34.5,8,CtrlGainStateWait=starting,47851,,,,FALSE,FALSE,,ext-bb-data-missing,40,,,,,,0,-850,,,,,,,40,101,29917,,ns=stopped,56,,,,,,FALSE,1973,Normal
1112,Radio 2271 B1,E55P870893,12/23/2024 5:09,Normal,nff_issues,,Wait for data timeout,641,,TRUE,FALSE,off,150,43.03,41.5,11,CtrlGainStateWait=starting,43937,,,,FALSE,FALSE,,ext-bb-data-missing,40,,,,,,0,-850,,,,,,,20,101,29886,,ns=stopped,56,,,,,,FALSE,1973,Normal
1113,Radio 2271 B1,E55P870893,12/23/2024 5:09,Normal,nff_issues,,Wait for data timeout,458.5,,TRUE,FALSE,off,111.5,43.03,41.6,8,CtrlGainStateWait=starting,44060,,,,FALSE,FALSE,,ext-bb-data-missing,40,,,,,,0,-850,,,,,,,20,75.5,29892,,ns=stopped,56,,,,,,FALSE,1973,Normal
1114,Radio 2271 B1,E55P870893,12/23/2024 5:09,Normal,nff_issues,,Wait for data timeout,458.5,,TRUE,FALSE,off,111.5,43.03,41.6,8,CtrlGainStateWait=starting,44060,,,,FALSE,FALSE,,ext-bb-data-missing,40,,,,,,0,-850,,,,,,,20,75.5,29892,,ns=stopped,56,,,,,,FALSE,1976,Normal
1115,Radio 2271 B1,E55P870893,12/24/2024 19:54,Normal,nff_issues,,Wait for data timeout,636,,TRUE,FALSE,off,151,43.03,47.6,11,CtrlGainStateWait=starting,43867,,,,FALSE,FALSE,,ext-bb-data-missing,40,,,,,,0,-850,,,,,,,20,102,29898,,ns=stopped,56,,,,,,FALSE,1973,Normal
1116,Radio 2271 B1,E55P870893,12/24/2024 19:55,Normal,nff_issues,,Wait for data timeout,448,,TRUE,FALSE,off,112.5,43.03,47.7,8,CtrlGainStateWait=starting,43954.5,,,,FALSE,FALSE,,ext-bb-data-missing,40,,,,,,0,-850,,,,,,,20,76,29896,,ns=stopped,56,,,,,,FALSE,1976,Normal
1117,Radio 2271 B1,E55P870893,1/6/2025 12:51,Normal,nff_issues,,Wait for data timeout,663,,TRUE,FALSE,off,151,43.03,38.1,10,CtrlGainStateWait=starting,43972,,,,FALSE,FALSE,,ext-bb-data-missing,40,,,,,,0,-850,,,,,,,20,101,29835,,ns=stopped,56,,,,,,FALSE,1973,Normal
1118,Radio 2271 B1,E55P870893,1/6/2025 12:51,Normal,nff_issues,,Wait for data timeout,596,,TRUE,FALSE,off,150,43.03,38.1,9,CtrlGainStateWait=starting,44085.5,,,,FALSE,FALSE,,ext-bb-data-missing,40,,,,,,0,-850,,,,,,,20,101.5,29882,,ns=stopped,56,,,,,,FALSE,1976,Normal
1119,Radio 2271 B1,E55P870893,1/9/2025 2:38,Normal,nff_issues,,Wait for data timeout,416,,TRUE,FALSE,off,155,43.03,22.9,14,CtrlGainStateWait=starting,44078,,,,FALSE,FALSE,,ext-bb-data-missing,40,,,,,,0,-850,,,,,,,20,105,29945,,ns=stopped,56,,,,,,FALSE,1973,Normal
1120,Radio 2271 B1,E55P870893,1/9/2025 2:38,Normal,nff_issues,,Wait for data timeout,374.5,,TRUE,FALSE,off,113,43.03,23.3,9,CtrlGainStateWait=starting,43937,,,,FALSE,FALSE,,ext-bb-data-missing,40,,,,,,0,-850,,,,,,,20,77,29896,,ns=stopped,56,,,,,,FALSE,1973,Normal
1121,Radio 2271 B1,E55P870893,1/9/2025 2:38,Normal,nff_issues,,Wait for data timeout,374.5,,TRUE,FALSE,off,113,43.03,23.3,9,CtrlGainStateWait=starting,43937,,,,FALSE,FALSE,,ext-bb-data-missing,40,,,,,,0,-850,,,,,,,20,77,29896,,ns=stopped,56,,,,,,FALSE,1976,Normal
1122,Radio 2271 B1,E55P870893,1/9/2025 20:28,Normal,nff_issues,,Wait for data timeout,676,,TRUE,FALSE,off,152,43.03,36.2,10,CtrlGainStateWait=starting,44058,,,,FALSE,FALSE,,ext-bb-data-missing,40,,,,,,0,-850,,,,,,,20,101,29855,,ns=stopped,56,,,,,,FALSE,1973,Normal
1123,Radio 2271 B1,E55P870893,1/9/2025 20:28,Normal,nff_issues,,Wait for data timeout,488.5,,TRUE,FALSE,off,113,43.03,36.3,7,CtrlGainStateWait=starting,44042,,,,FALSE,FALSE,,ext-bb-data-missing,40,,,,,,0,-850,,,,,,,20,75.5,29931,,ns=stopped,56,,,,,,FALSE,1976,Normal
1124,Radio 2271 B1,E55P870893,1/9/2025 20:28,Normal,nff_issues,,Wait for data timeout,720,,TRUE,FALSE,off,151,43.03,35.9,14,CtrlGainStateWait=starting,43988,,,,FALSE,FALSE,,ext-bb-data-missing,40,,,,,,0,-850,,,,,,,20,100,29867,,ns=stopped,56,,,,,,FALSE,1973,Normal
1125,Radio 2271 B1,E55P870893,1/9/2025 20:29,Normal,nff_issues,,Wait for data timeout,507,,TRUE,FALSE,off,150,43.03,34.6,3,CtrlGainStateWait=starting,44058,,,,FALSE,FALSE,,ext-bb-data-missing,40,,,,,,0,-850,,,,,,,20,104,29917,,ns=stopped,56,,,,,,FALSE,1976,Normal
1126,Radio 2271 B1,E55P870893,1/9/2025 20:30,Normal,nff_issues,,Wait for data timeout,601,,TRUE,FALSE,off,149,43.03,34.1,5,CtrlGainStateWait=starting,44023,,,,FALSE,FALSE,,ext-bb-data-missing,40,,,,,,0,-850,,,,,,,20,102,29906,,ns=stopped,56,,,,,,FALSE,1976,Normal
1127,Radio 2271 B1,E55P870893,1/11/2025 12:39,Normal,nff_issues,,Wait for data timeout,634,,TRUE,FALSE,off,152,43.03,36,12,CtrlGainStateWait=starting,44042,,,,FALSE,FALSE,,ext-bb-data-missing,40,,,,,,0,-850,,,,,,,20,102,29886,,ns=stopped,56,,,,,,FALSE,1973,Normal
1128,Radio 2271 B1,E55P870893,1/11/2025 12:40,Normal,nff_issues,,Wait for data timeout,446,,TRUE,FALSE,off,113.5,43.03,36.2,7.5,CtrlGainStateWait=starting,43954.5,,,,FALSE,FALSE,,ext-bb-data-missing,40,,,,,,0,-850,,,,,,,20,76.5,29892,,ns=stopped,56,,,,,,FALSE,1976,Normal
1129,Radio 2271 B1,E55P870893,1/11/2025 21:02,Normal,nff_issues,,Wait for data timeout,640,,TRUE,FALSE,off,154,43.03,33.3,12,CtrlGainStateWait=starting,43937,,,,FALSE,FALSE,,ext-bb-data-missing,40,,,,,,0,-850,,,,,,,20,103,29855,,ns=stopped,56,,,,,,FALSE,1973,Normal
1130,Radio 2271 B1,E55P870893,1/11/2025 21:03,Normal,nff_issues,,Wait for data timeout,456,,TRUE,FALSE,off,113.5,43.03,33.4,8,CtrlGainStateWait=starting,44024.5,,,,FALSE,FALSE,,ext-bb-data-missing,40,,,,,,0,-850,,,,,,,20,76.5,29886,,ns=stopped,56,,,,,,FALSE,1976,Normal
1131,Radio 2271 B1,E55P870893,1/11/2025 21:03,Normal,nff_issues,,Wait for data timeout,715,,TRUE,FALSE,off,152,43.03,33.2,15,CtrlGainStateWait=starting,43972,,,,FALSE,FALSE,,ext-bb-data-missing,40,,,,,,0,-850,,,,,,,20,101,29917,,ns=stopped,56,,,,,,FALSE,1973,Normal
1132,Radio 2271 B1,E55P870893,1/11/2025 21:04,Normal,nff_issues,,Wait for data timeout,523,,TRUE,FALSE,off,150,43.03,32.7,3,CtrlGainStateWait=starting,43867,,,,FALSE,FALSE,,ext-bb-data-missing,40,,,,,,0,-850,,,,,,,20,103,29835,,ns=stopped,56,,,,,,FALSE,1976,Normal
1133,Radio 2271 B1,E55P870893,1/11/2025 21:04,Normal,nff_issues,,Wait for data timeout,603,,TRUE,FALSE,off,149,43.03,32.5,5,CtrlGainStateWait=starting,44093,,,,FALSE,FALSE,,ext-bb-data-missing,40,,,,,,0,-850,,,,,,,20,102,29906,,ns=stopped,56,,,,,,FALSE,1976,Normal
1134,Radio 2271 B1,E55P870893,1/12/2025 19:43,Normal,nff_issues,,Wait for data timeout,667,,TRUE,FALSE,off,151,43.03,34.8,12,CtrlGainStateWait=starting,44023,,,,FALSE,FALSE,,ext-bb-data-missing,40,,,,,,0,-850,,,,,,,20,102,29878,,ns=stopped,56,,,,,,FALSE,1973,Normal
1135,Radio 2271 B1,E55P870893,1/12/2025 19:43,Normal,nff_issues,,Wait for data timeout,470.5,,TRUE,FALSE,off,150.5,43.03,34.9,8.5,CtrlGainStateWait=starting,43981.5,,,,FALSE,FALSE,,ext-bb-data-missing,40,,,,,,0,-850,,,,,,,20,75.5,29882,,ns=stopped,56,,,,,,FALSE,1976,Normal
1136,Radio 2271 B1,E55P870893,1/12/2025 19:43,Normal,nff_issues,,Wait for data timeout,464.5,,TRUE,FALSE,off,112,43.03,34.9,6,CtrlGainStateWait=starting,43954.5,,,,FALSE,FALSE,,ext-bb-data-missing,40,,,,,,0,-850,,,,,,,20,76.5,29870.5,,ns=stopped,56,,,,,,FALSE,1973,Normal
1137,Radio 2271 B1,E55P870893,1/13/2025 6:41,Normal,nff_issues,,Wait for data timeout,630,,TRUE,FALSE,off,154,43.03,40.2,11,CtrlGainStateWait=starting,43937,,,,FALSE,FALSE,,ext-bb-data-missing,40,,,,,,0,-850,,,,,,,20,103,29878,,ns=stopped,56,,,,,,FALSE,1973,Normal
1138,Radio 2271 B1,E55P870893,1/13/2025 6:42,Normal,nff_issues,,Wait for data timeout,446.5,,TRUE,FALSE,off,113,43.03,40.2,8,CtrlGainStateWait=starting,43921,,,,FALSE,FALSE,,ext-bb-data-missing,40,,,,,,0,-850,,,,,,,20,75.5,29872.5,,ns=stopped,56,,,,,,FALSE,1976,Normal
1139,Radio 2271 B1,E55P870893,1/13/2025 6:42,Normal,nff_issues,,Wait for data timeout,704,,TRUE,FALSE,off,151,43.03,39.8,15,CtrlGainStateWait=starting,44042,,,,FALSE,FALSE,,ext-bb-data-missing,40,,,,,,0,-850,,,,,,,20,100,29878,,ns=stopped,56,,,,,,FALSE,1973,Normal
1140,Radio 2271 B1,E55P870893,1/13/2025 6:43,Normal,nff_issues,,Wait for data timeout,485,,TRUE,FALSE,off,151,43.03,39.2,3,CtrlGainStateWait=starting,43937,,,,FALSE,FALSE,,ext-bb-data-missing,40,,,,,,0,-850,,,,,,,20,102,29898,,ns=stopped,56,,,,,,FALSE,1976,Normal
1141,Radio 2271 B1,E55P870893,1/13/2025 6:43,Normal,nff_issues,,Wait for data timeout,586,,TRUE,FALSE,off,150,43.03,38.8,4,CtrlGainStateWait=starting,44007,,,,FALSE,FALSE,,ext-bb-data-missing,40,,,,,,0,-850,,,,,,,20,102,29906,,ns=stopped,56,,,,,,FALSE,1976,Normal
1142,Radio 2271 B1,E55P870893,1/14/2025 14:04,Normal,nff_issues,,Wait for data timeout,523,,TRUE,FALSE,off,154,43.03,42.8,12,CtrlGainStateWait=starting,43972,,,,FALSE,FALSE,,ext-bb-data-missing,40,,,,,,0,-850,,,,,,,20,103,29937,,ns=stopped,56,,,,,,FALSE,1973,Normal
1143,Radio 2271 B1,E55P870893,1/14/2025 14:05,Normal,nff_issues,,Wait for data timeout,396,,TRUE,FALSE,off,114,43.03,43.1,8,CtrlGainStateWait=starting,43929,,,,FALSE,FALSE,,ext-bb-data-missing,40,,,,,,0,-850,,,,,,,20,76.5,29886.5,,ns=stopped,56,,,,,,FALSE,1976,Normal
1144,Radio 2271 B1,E55P870893,1/15/2025 19:53,Normal,nff_issues,,Wait for data timeout,386,,TRUE,FALSE,off,154,43.03,27.9,13,CtrlGainStateWait=starting,43902,,,,FALSE,FALSE,,ext-bb-data-missing,40,,,,,,0,-850,,,,,,,20,104,29906,,ns=stopped,56,,,,,,FALSE,1973,Normal
1145,Radio 2271 B1,E55P870893,1/15/2025 19:53,Normal,nff_issues,,Wait for data timeout,367,,TRUE,FALSE,off,114,43.03,28.4,9,CtrlGainStateWait=starting,44060,,,,FALSE,FALSE,,ext-bb-data-missing,40,,,,,,0,-850,,,,,,,20,77,29931,,ns=stopped,56,,,,,,FALSE,1976,Normal
1146,Radio 2271 B1,E55P870893,1/16/2025 18:34,Normal,nff_issues,,Wait for data timeout,629,,TRUE,FALSE,off,153,43.03,38.6,11,CtrlGainStateWait=starting,43957,,,,FALSE,FALSE,,ext-bb-data-missing,40,,,,,,0,-850,,,,,,,20,102,29886,,ns=stopped,56,,,,,,FALSE,1973,Normal
1147,Radio 2271 B1,E55P870893,1/16/2025 18:34,Normal,nff_issues,,Wait for data timeout,447.5,,TRUE,FALSE,off,112,43.03,38.7,8.5,CtrlGainStateWait=starting,43982,,,,FALSE,FALSE,,ext-bb-data-missing,40,,,,,,0,-850,,,,,,,20,75,29927,,ns=stopped,56,,,,,,FALSE,1976,Normal
1148,Radio 2271 B1,E55P870893,1/17/2025 0:35,Normal,nff_issues,,Wait for data timeout,677,,TRUE,FALSE,off,153,43.03,25.2,12,CtrlGainStateWait=starting,44078,,,,FALSE,FALSE,,ext-bb-data-missing,40,,,,,,0,-850,,,,,,,20,103,29855,,ns=stopped,56,,,,,,FALSE,1973,Normal
1149,Radio 2271 B1,E55P870893,1/17/2025 0:35,Normal,nff_issues,,Wait for data timeout,480,,TRUE,FALSE,off,113,43.03,25.4,8,CtrlGainStateWait=starting,43980,,,,FALSE,FALSE,,ext-bb-data-missing,40,,,,,,0,-850,,,,,,,20,76.5,29896,,ns=stopped,56,,,,,,FALSE,1976,Normal
1150,Radio 2271 B1,E55P870893,1/17/2025 0:36,Normal,nff_issues,,Wait for data timeout,736,,TRUE,FALSE,off,151,43.03,25.2,16,CtrlGainStateWait=starting,43988,,,,FALSE,FALSE,,ext-bb-data-missing,40,,,,,,0,-850,,,,,,,20,102,29855,,ns=stopped,56,,,,,,FALSE,1973,Normal
1151,Radio 2271 B1,E55P870893,1/17/2025 0:36,Normal,nff_issues,,Wait for data timeout,578,,TRUE,FALSE,off,149,43.03,24.8,4,CtrlGainStateWait=starting,43921,,,,FALSE,FALSE,,ext-bb-data-missing,40,,,,,,0,-850,,,,,,,20,102,29847,,ns=stopped,56,,,,,,FALSE,1976,Normal
1152,Radio 2271 B1,E55P870893,1/17/2025 0:37,Normal,nff_issues,,Wait for data timeout,621,,TRUE,FALSE,off,149,43.03,24.6,6,CtrlGainStateWait=starting,43867,,,,FALSE,FALSE,,ext-bb-data-missing,40,,,,,,0,-850,,,,,,,20,103,29906,,ns=stopped,56,,,,,,FALSE,1976,Normal
1153,Radio 2271 B1,E55P870893,1/19/2025 8:30,Normal,nff_issues,,Wait for data timeout,625,,TRUE,FALSE,off,152,43.03,44.8,11,CtrlGainStateWait=starting,44023,,,,FALSE,FALSE,,ext-bb-data-missing,40,,,,,,0,-850,,,,,,,20,102,29937,,ns=stopped,56,,,,,,FALSE,1973,Normal
1154,Radio 2271 B1,E55P870893,1/19/2025 8:31,Normal,nff_issues,,Wait for data timeout,437,,TRUE,FALSE,off,113,43.03,44.9,8.5,CtrlGainStateWait=starting,44007,,,,FALSE,FALSE,,ext-bb-data-missing,40,,,,,,0,-850,,,,,,,20,76,29896,,ns=stopped,56,,,,,,FALSE,1976,Normal
1155,Radio 2271 B1,E55P870893,1/19/2025 20:26,Normal,nff_issues,,Wait for data timeout,640,,TRUE,FALSE,off,152,43.03,35.4,12,CtrlGainStateWait=starting,43972,,,,FALSE,FALSE,,ext-bb-data-missing,40,,,,,,0,-850,,,,,,,20,102,29886,,ns=stopped,56,,,,,,FALSE,1973,Normal
1156,Radio 2271 B1,E55P870893,1/19/2025 20:26,Normal,nff_issues,,Wait for data timeout,451.5,,TRUE,FALSE,off,113.5,43.03,35.5,8.5,CtrlGainStateWait=starting,43954.5,,,,FALSE,FALSE,,ext-bb-data-missing,40,,,,,,0,-850,,,,,,,20,76,29878,,ns=stopped,56,,,,,,FALSE,1976,Normal
1157,Radio 2271 B1,E55P870893,1/20/2025 20:11,Normal,nff_issues,,Wait for data timeout,656,,TRUE,FALSE,off,153,43.03,31,12,CtrlGainStateWait=starting,44042,,,,FALSE,FALSE,,ext-bb-data-missing,40,,,,,,0,-850,,,,,,,20,103,29925,,ns=stopped,56,,,,,,FALSE,1973,Normal
1158,Radio 2271 B1,E55P870893,1/20/2025 20:11,Normal,nff_issues,,Wait for data timeout,467.5,,TRUE,FALSE,off,113,43.03,31.2,8,CtrlGainStateWait=starting,44068,,,,FALSE,FALSE,,ext-bb-data-missing,40,,,,,,0,-850,,,,,,,20,76,29888,,ns=stopped,56,,,,,,FALSE,1976,Normal
1159,Radio 2271 B1,E55P870893,1/20/2025 20:11,Normal,nff_issues,,Wait for data timeout,730,,TRUE,FALSE,off,151,43.03,30.9,16,CtrlGainStateWait=starting,43972,,,,FALSE,FALSE,,ext-bb-data-missing,40,,,,,,0,-850,,,,,,,20,101,29898,,ns=stopped,56,,,,,,FALSE,1973,Normal
1160,Radio 2271 B1,E55P870893,1/20/2025 20:12,Normal,nff_issues,,Wait for data timeout,557,,TRUE,FALSE,off,150,43.03,30.7,4,CtrlGainStateWait=starting,43957,,,,FALSE,FALSE,,ext-bb-data-missing,40,,,,,,0,-850,,,,,,,20,103,29886,,ns=stopped,56,,,,,,FALSE,1976,Normal
1161,Radio 2271 B1,E55P870893,1/20/2025 20:12,Normal,nff_issues,,Wait for data timeout,601,,TRUE,FALSE,off,150,43.03,30.6,5,CtrlGainStateWait=starting,44058,,,,FALSE,FALSE,,ext-bb-data-missing,40,,,,,,0,-850,,,,,,,20,102,29867,,ns=stopped,56,,,,,,FALSE,1976,Normal
1162,Radio 2271 B1,E55P870893,1/22/2025 3:43,Normal,nff_issues,,Wait for data timeout,652,,TRUE,FALSE,off,153,43.03,33.7,11,CtrlGainStateWait=starting,44058,,,,FALSE,FALSE,,ext-bb-data-missing,40,,,,,,0,-850,,,,,,,20,103,29835,,ns=stopped,56,,,,,,FALSE,1973,Normal
1163,Radio 2271 B1,E55P870893,1/22/2025 3:43,Normal,nff_issues,,Wait for data timeout,459,,TRUE,FALSE,off,114,43.03,33.9,7.5,CtrlGainStateWait=starting,44050,,,,FALSE,FALSE,,ext-bb-data-missing,40,,,,,,0,-850,,,,,,,20,77,29837.5,,ns=stopped,56,,,,,,FALSE,1976,Normal
1164,Radio 2271 B1,E55P870893,1/22/2025 20:16,Normal,nff_issues,,Wait for data timeout,641,,TRUE,FALSE,off,154,43.03,32.4,11,CtrlGainStateWait=starting,43972,,,,FALSE,FALSE,,ext-bb-data-missing,40,,,,,,0,-850,,,,,,,20,103,29925,,ns=stopped,56,,,,,,FALSE,1973,Normal
1165,Radio 2271 B1,E55P870893,1/22/2025 20:16,Normal,nff_issues,,Wait for data timeout,454,,TRUE,FALSE,off,113,43.03,32.6,7.5,CtrlGainStateWait=starting,43997.5,,,,FALSE,FALSE,,ext-bb-data-missing,40,,,,,,0,-850,,,,,,,20,76,29857,,ns=stopped,56,,,,,,FALSE,1976,Normal
1166,Radio 2271 B1,E55P870893,1/22/2025 20:17,Normal,nff_issues,,Wait for data timeout,718,,TRUE,FALSE,off,152,43.03,32.4,15,CtrlGainStateWait=starting,44078,,,,FALSE,FALSE,,ext-bb-data-missing,40,,,,,,0,-850,,,,,,,20,101,29906,,ns=stopped,56,,,,,,FALSE,1973,Normal
1167,Radio 2271 B1,E55P870893,1/22/2025 20:17,Normal,nff_issues,,Wait for data timeout,540,,TRUE,FALSE,off,150,43.03,32.2,4,CtrlGainStateWait=starting,43921,,,,FALSE,FALSE,,ext-bb-data-missing,40,,,,,,0,-850,,,,,,,20,103,29906,,ns=stopped,56,,,,,,FALSE,1976,Normal
1168,Radio 2271 B1,E55P870893,1/22/2025 20:17,Normal,nff_issues,,Wait for data timeout,589,,TRUE,FALSE,off,150,43.03,32.1,4,CtrlGainStateWait=starting,44078,,,,FALSE,FALSE,,ext-bb-data-missing,40,,,,,,0,-850,,,,,,,20,103,29906,,ns=stopped,56,,,,,,FALSE,1976,Normal
1169,Radio 2271 B1,E55P870893,1/23/2025 18:35,Normal,nff_issues,,Wait for data timeout,637,,TRUE,FALSE,off,153,43.03,38.7,11,CtrlGainStateWait=starting,44042,,,,FALSE,FALSE,,ext-bb-data-missing,40,,,,,,0,-850,,,,,,,20,103,29867,,ns=stopped,56,,,,,,FALSE,1973,Normal
1170,Radio 2271 B1,E55P870893,1/23/2025 18:36,Normal,nff_issues,,Wait for data timeout,452,,TRUE,FALSE,off,113,43.03,38.8,8,CtrlGainStateWait=starting,43894,,,,FALSE,FALSE,,ext-bb-data-missing,40,,,,,,0,-850,,,,,,,20,75.5,29845,,ns=stopped,56,,,,,,FALSE,1973,Normal
1171,Radio 2271 B1,E55P870893,1/23/2025 18:36,Normal,nff_issues,,Wait for data timeout,452,,TRUE,FALSE,off,113,43.03,38.7,8,CtrlGainStateWait=starting,43894,,,,FALSE,FALSE,,ext-bb-data-missing,40,,,,,,0,-850,,,,,,,20,75.5,29845,,ns=stopped,56,,,,,,FALSE,1976,Normal
1172,Radio 2271 B1,E55P870893,1/24/2025 8:07,Normal,nff_issues,,Wait for data timeout,618,,TRUE,FALSE,off,154,43.03,40.4,11,CtrlGainStateWait=starting,44113,,,,FALSE,FALSE,,ext-bb-data-missing,40,,,,,,0,-850,,,,,,,20,103,29917,,ns=stopped,56,,,,,,FALSE,1973,Normal
1173,Radio 2271 B1,E55P870893,1/24/2025 8:07,Normal,nff_issues,,Wait for data timeout,436.5,,TRUE,FALSE,off,113,43.03,40.6,8,CtrlGainStateWait=starting,43964,,,,FALSE,FALSE,,ext-bb-data-missing,40,,,,,,0,-850,,,,,,,20,75.5,29866.5,,ns=stopped,56,,,,,,FALSE,1976,Normal
1174,Radio 2271 B1,E55P870893,1/24/2025 8:07,Normal,nff_issues,,Wait for data timeout,699,,TRUE,FALSE,off,151,43.03,40.4,15,CtrlGainStateWait=starting,43867,,,,FALSE,FALSE,,ext-bb-data-missing,40,,,,,,0,-850,,,,,,,20,101,29878,,ns=stopped,56,,,,,,FALSE,1973,Normal
1175,Radio 2271 B1,E55P870893,1/24/2025 8:08,Normal,nff_issues,,Wait for data timeout,495,,TRUE,FALSE,off,150,43.03,40.4,4,CtrlGainStateWait=starting,44128,,,,FALSE,FALSE,,ext-bb-data-missing,40,,,,,,0,-850,,,,,,,20,102,29886,,ns=stopped,56,,,,,,FALSE,1976,Normal
1176,Radio 2271 B1,E55P870893,1/24/2025 8:08,Normal,nff_issues,,Wait for data timeout,573,,TRUE,FALSE,off,150,43.03,40.3,5,CtrlGainStateWait=starting,44042,,,,FALSE,FALSE,,ext-bb-data-missing,40,,,,,,0,-850,,,,,,,20,101,29917,,ns=stopped,56,,,,,,FALSE,1976,Normal
1177,Radio 2271 B1,E55P870893,1/25/2025 6:53,Normal,nff_issues,,Wait for data timeout,640,,TRUE,FALSE,off,153,43.03,38.8,11,CtrlGainStateWait=starting,44023,,,,FALSE,FALSE,,ext-bb-data-missing,40,,,,,,0,-850,,,,,,,20,102,29886,,ns=stopped,56,,,,,,FALSE,1973,Normal
1178,Radio 2271 B1,E55P870893,1/25/2025 6:53,Normal,nff_issues,,Wait for data timeout,454.5,,TRUE,FALSE,off,113,43.03,38.8,8,CtrlGainStateWait=starting,43982,,,,FALSE,FALSE,,ext-bb-data-missing,40,,,,,,0,-850,,,,,,,20,75,29901.5,,ns=stopped,56,,,,,,FALSE,1976,Normal
1179,Radio 2271 B1,E55P870893,1/25/2025 20:14,Normal,nff_issues,,Wait for data timeout,638,,TRUE,FALSE,off,153,43.03,37.5,12,CtrlGainStateWait=starting,43957,,,,FALSE,FALSE,,ext-bb-data-missing,40,,,,,,0,-850,,,,,,,20,102,29878,,ns=stopped,56,,,,,,FALSE,1973,Normal
1180,Radio 2271 B1,E55P870893,1/25/2025 20:15,Normal,nff_issues,,Wait for data timeout,447.5,,TRUE,FALSE,off,114,43.03,37.6,8,CtrlGainStateWait=starting,43989.5,,,,FALSE,FALSE,,ext-bb-data-missing,40,,,,,,0,-850,,,,,,,20,77,29882,,ns=stopped,56,,,,,,FALSE,1976,Normal
1181,Radio 2271 B1,E55P870893,1/25/2025 20:15,Normal,nff_issues,,Wait for data timeout,714,,TRUE,FALSE,off,152,43.03,37.4,15,CtrlGainStateWait=starting,44058,,,,FALSE,FALSE,,ext-bb-data-missing,40,,,,,,0,-850,,,,,,,20,100,29867,,ns=stopped,56,,,,,,FALSE,1973,Normal
1182,Radio 2271 B1,E55P870893,1/25/2025 20:15,Normal,nff_issues,,Wait for data timeout,530,,TRUE,FALSE,off,150,43.03,37.2,4,CtrlGainStateWait=starting,44078,,,,FALSE,FALSE,,ext-bb-data-missing,40,,,,,,0,-850,,,,,,,20,102,29898,,ns=stopped,56,,,,,,FALSE,1976,Normal
1183,Radio 2271 B1,E55P870893,1/25/2025 20:16,Normal,nff_issues,,Wait for data timeout,585,,TRUE,FALSE,off,150,43.03,37.1,5,CtrlGainStateWait=starting,44058,,,,FALSE,FALSE,,ext-bb-data-missing,40,,,,,,0,-850,,,,,,,20,102,29898,,ns=stopped,56,,,,,,FALSE,1976,Normal
1184,Radio 2271 B1,E55P870893,1/26/2025 6:39,Normal,nff_issues,,Wait for data timeout,639,,TRUE,FALSE,off,154,43.03,35.1,11,CtrlGainStateWait=starting,43921,,,,FALSE,FALSE,,ext-bb-data-missing,40,,,,,,0,-850,,,,,,,20,104,29906,,ns=stopped,56,,,,,,FALSE,1973,Normal
1185,Radio 2271 B1,E55P870893,1/26/2025 6:40,Normal,nff_issues,,Wait for data timeout,452,,TRUE,FALSE,off,113.5,43.03,35.3,7.5,CtrlGainStateWait=starting,44017,,,,FALSE,FALSE,,ext-bb-data-missing,40,,,,,,0,-850,,,,,,,20,77,29862.5,,ns=stopped,56,,,,,,FALSE,1976,Normal
1186,Radio 2271 B1,E55P870893,1/28/2025 3:01,Normal,nff_issues,,Wait for data timeout,651,,TRUE,FALSE,off,154,43.03,34.8,12,CtrlGainStateWait=starting,44093,,,,FALSE,FALSE,,ext-bb-data-missing,40,,,,,,0,-850,,,,,,,20,102,29855,,ns=stopped,56,,,,,,FALSE,1973,Normal
1187,Radio 2271 B1,E55P870893,1/28/2025 3:01,Normal,nff_issues,,Wait for data timeout,457,,TRUE,FALSE,off,113,43.03,35.1,8,CtrlGainStateWait=starting,44007.5,,,,FALSE,FALSE,,ext-bb-data-missing,40,,,,,,0,-850,,,,,,,20,75.5,29861,,ns=stopped,56,,,,,,FALSE,1976,Normal
1188,Radio 2271 B1,E55P870893,1/29/2025 16:37,Normal,nff_issues,,Wait for data timeout,652,,TRUE,FALSE,off,153,43.03,32.9,12,CtrlGainStateWait=starting,44148,,,,FALSE,FALSE,,ext-bb-data-missing,40,,,,,,0,-850,,,,,,,20,103,29847,,ns=stopped,56,,,,,,FALSE,1973,Normal
1189,Radio 2271 B1,E55P870893,1/29/2025 16:37,Normal,nff_issues,,Wait for data timeout,460,,TRUE,FALSE,off,113.5,43.03,33.1,7.5,CtrlGainStateWait=starting,43964,,,,FALSE,FALSE,,ext-bb-data-missing,40,,,,,,0,-850,,,,,,,20,75.5,29886,,ns=stopped,56,,,,,,FALSE,1976,Normal
1190,Radio 2271 B1,E55P870893,1/30/2025 20:25,Normal,nff_issues,,Wait for data timeout,653,,TRUE,FALSE,off,154,43.03,30.5,12,CtrlGainStateWait=starting,43921,,,,FALSE,FALSE,,ext-bb-data-missing,40,,,,,,0,-850,,,,,,,20,103,29878,,ns=stopped,56,,,,,,FALSE,1973,Normal
1191,Radio 2271 B1,E55P870893,1/30/2025 20:25,Normal,nff_issues,,Wait for data timeout,462.5,,TRUE,FALSE,off,113.5,43.03,30.6,8.5,CtrlGainStateWait=starting,43964,,,,FALSE,FALSE,,ext-bb-data-missing,40,,,,,,0,-850,,,,,,,20,76.5,29870.5,,ns=stopped,56,,,,,,FALSE,1976,Normal
1192,Radio 2271 B1,E55P870893,1/31/2025 20:46,Normal,nff_issues,,Wait for data timeout,638,,TRUE,FALSE,off,154,43.03,37.6,11,CtrlGainStateWait=starting,44093,,,,FALSE,FALSE,,ext-bb-data-missing,40,,,,,,0,-850,,,,,,,20,102,29878,,ns=stopped,56,,,,,,FALSE,1973,Normal
1193,Radio 2271 B1,E55P870893,1/31/2025 20:46,Normal,nff_issues,,Wait for data timeout,450.5,,TRUE,FALSE,off,113.5,43.03,37.7,8,CtrlGainStateWait=starting,44035,,,,FALSE,FALSE,,ext-bb-data-missing,40,,,,,,0,-850,,,,,,,20,76.5,29855,,ns=stopped,56,,,,,,FALSE,1976,Normal
1194,Radio 2271 B1,E55P870893,2/1/2025 19:29,Normal,nff_issues,,Wait for data timeout,650,,TRUE,FALSE,off,154,43.03,32.6,12,CtrlGainStateWait=starting,44042,,,,FALSE,FALSE,,ext-bb-data-missing,40,,,,,,0,-850,,,,,,,20,104,29917,,ns=stopped,56,,,,,,FALSE,1973,Normal
1195,Radio 2271 B1,E55P870893,2/1/2025 19:29,Normal,nff_issues,,Wait for data timeout,458.5,,TRUE,FALSE,off,114,43.03,32.7,8,CtrlGainStateWait=starting,43989.5,,,,FALSE,FALSE,,ext-bb-data-missing,40,,,,,,0,-850,,,,,,,20,77,29907.5,,ns=stopped,56,,,,,,FALSE,1976,Normal
1196,Radio 2271 B1,E55P870893,2/1/2025 19:29,Normal,nff_issues,,Wait for data timeout,724,,TRUE,FALSE,off,153,43.03,32.5,14,CtrlGainStateWait=starting,43902,,,,FALSE,FALSE,,ext-bb-data-missing,40,,,,,,0,-850,,,,,,,20,102,29878,,ns=stopped,56,,,,,,FALSE,1973,Normal
1197,Radio 2271 B1,E55P870893,2/1/2025 19:30,Normal,nff_issues,,Wait for data timeout,522,,TRUE,FALSE,off,150,43.03,32.1,3,CtrlGainStateWait=starting,43972,,,,FALSE,FALSE,,ext-bb-data-missing,40,,,,,,0,-850,,,,,,,20,103,29898,,ns=stopped,56,,,,,,FALSE,1976,Normal
1198,Radio 2271 B1,E55P870893,2/1/2025 19:30,Normal,nff_issues,,Wait for data timeout,604,,TRUE,FALSE,off,150,43.03,31.9,4,CtrlGainStateWait=starting,44007,,,,FALSE,FALSE,,ext-bb-data-missing,40,,,,,,0,-850,,,,,,,20,102,29878,,ns=stopped,56,,,,,,FALSE,1976,Normal
1199,Radio 2271 B1,E55P870893,2/5/2025 6:48,Normal,nff_issues,,Wait for data timeout,648,,TRUE,FALSE,off,154,43.03,31.9,12,CtrlGainStateWait=starting,43921,,,,FALSE,FALSE,,ext-bb-data-missing,40,,,,,,0,-850,,,,,,,20,104,29867,,ns=stopped,56,,,,,,FALSE,1973,Normal
1200,Radio 2271 B1,E55P870893,2/5/2025 6:48,Normal,nff_issues,,Wait for data timeout,457,,TRUE,FALSE,off,113.5,43.03,32.1,7.5,CtrlGainStateWait=starting,43997.5,,,,FALSE,FALSE,,ext-bb-data-missing,40,,,,,,0,-850,,,,,,,20,76.5,29876.5,,ns=stopped,56,,,,,,FALSE,1976,Normal
1201,Radio 2271 B1,E55P870893,1/6/2025 12:51,Normal,nff_issues,,Wait for data timeout,663,,TRUE,FALSE,off,151,43.03,38.1,10,CtrlGainStateWait=starting,43972,,,,FALSE,FALSE,,ext-bb-data-missing,40,,,,,,0,-850,,,,,,,20,101,29835,,ns=stopped,56,,,,,,FALSE,1973,Normal
1202,Radio 2271 B1,E55P870893,1/6/2025 12:51,Normal,nff_issues,,Wait for data timeout,596,,TRUE,FALSE,off,150,43.03,38.1,9,CtrlGainStateWait=starting,44085.5,,,,FALSE,FALSE,,ext-bb-data-missing,40,,,,,,0,-850,,,,,,,20,101.5,29882,,ns=stopped,56,,,,,,FALSE,1976,Normal
1203,Radio 2271 B1,E55P870893,1/9/2025 2:38,Normal,nff_issues,,Wait for data timeout,416,,TRUE,FALSE,off,155,43.03,22.9,14,CtrlGainStateWait=starting,44078,,,,FALSE,FALSE,,ext-bb-data-missing,40,,,,,,0,-850,,,,,,,20,105,29945,,ns=stopped,56,,,,,,FALSE,1973,Normal
1204,Radio 2271 B1,E55P870893,1/9/2025 2:38,Normal,nff_issues,,Wait for data timeout,374.5,,TRUE,FALSE,off,113,43.03,23.3,9,CtrlGainStateWait=starting,43937,,,,FALSE,FALSE,,ext-bb-data-missing,40,,,,,,0,-850,,,,,,,20,77,29896,,ns=stopped,56,,,,,,FALSE,1973,Normal
1205,Radio 2271 B1,E55P870893,1/9/2025 2:38,Normal,nff_issues,,Wait for data timeout,374.5,,TRUE,FALSE,off,113,43.03,23.3,9,CtrlGainStateWait=starting,43937,,,,FALSE,FALSE,,ext-bb-data-missing,40,,,,,,0,-850,,,,,,,20,77,29896,,ns=stopped,56,,,,,,FALSE,1976,Normal
1206,Radio 2271 B1,E55P870893,1/9/2025 20:28,Normal,nff_issues,,Wait for data timeout,676,,TRUE,FALSE,off,152,43.03,36.2,10,CtrlGainStateWait=starting,44058,,,,FALSE,FALSE,,ext-bb-data-missing,40,,,,,,0,-850,,,,,,,20,101,29855,,ns=stopped,56,,,,,,FALSE,1973,Normal
1207,Radio 2271 B1,E55P870893,1/9/2025 20:28,Normal,nff_issues,,Wait for data timeout,488.5,,TRUE,FALSE,off,113,43.03,36.3,7,CtrlGainStateWait=starting,44042,,,,FALSE,FALSE,,ext-bb-data-missing,40,,,,,,0,-850,,,,,,,20,75.5,29931,,ns=stopped,56,,,,,,FALSE,1976,Normal
1208,Radio 2271 B1,E55P870893,1/9/2025 20:28,Normal,nff_issues,,Wait for data timeout,720,,TRUE,FALSE,off,151,43.03,35.9,14,CtrlGainStateWait=starting,43988,,,,FALSE,FALSE,,ext-bb-data-missing,40,,,,,,0,-850,,,,,,,20,100,29867,,ns=stopped,56,,,,,,FALSE,1973,Normal
1209,Radio 2271 B1,E55P870893,1/9/2025 20:29,Normal,nff_issues,,Wait for data timeout,507,,TRUE,FALSE,off,150,43.03,34.6,3,CtrlGainStateWait=starting,44058,,,,FALSE,FALSE,,ext-bb-data-missing,40,,,,,,0,-850,,,,,,,20,104,29917,,ns=stopped,56,,,,,,FALSE,1976,Normal
1210,Radio 2271 B1,E55P870893,1/9/2025 20:30,Normal,nff_issues,,Wait for data timeout,601,,TRUE,FALSE,off,149,43.03,34.1,5,CtrlGainStateWait=starting,44023,,,,FALSE,FALSE,,ext-bb-data-missing,40,,,,,,0,-850,,,,,,,20,102,29906,,ns=stopped,56,,,,,,FALSE,1976,Normal
1211,Radio 2271 B1,E55P870893,1/11/2025 12:39,Normal,nff_issues,,Wait for data timeout,634,,TRUE,FALSE,off,152,43.03,36,12,CtrlGainStateWait=starting,44042,,,,FALSE,FALSE,,ext-bb-data-missing,40,,,,,,0,-850,,,,,,,20,102,29886,,ns=stopped,56,,,,,,FALSE,1973,Normal
1212,Radio 2271 B1,E55P870893,1/11/2025 12:40,Normal,nff_issues,,Wait for data timeout,446,,TRUE,FALSE,off,113.5,43.03,36.2,7.5,CtrlGainStateWait=starting,43954.5,,,,FALSE,FALSE,,ext-bb-data-missing,40,,,,,,0,-850,,,,,,,20,76.5,29892,,ns=stopped,56,,,,,,FALSE,1976,Normal
1213,Radio 2271 B1,E55P870893,1/11/2025 21:02,Normal,nff_issues,,Wait for data timeout,640,,TRUE,FALSE,off,154,43.03,33.3,12,CtrlGainStateWait=starting,43937,,,,FALSE,FALSE,,ext-bb-data-missing,40,,,,,,0,-850,,,,,,,20,103,29855,,ns=stopped,56,,,,,,FALSE,1973,Normal
1214,Radio 2271 B1,E55P870893,1/11/2025 21:03,Normal,nff_issues,,Wait for data timeout,456,,TRUE,FALSE,off,113.5,43.03,33.4,8,CtrlGainStateWait=starting,44024.5,,,,FALSE,FALSE,,ext-bb-data-missing,40,,,,,,0,-850,,,,,,,20,76.5,29886,,ns=stopped,56,,,,,,FALSE,1976,Normal
1215,Radio 2271 B1,E55P870893,1/11/2025 21:03,Normal,nff_issues,,Wait for data timeout,715,,TRUE,FALSE,off,152,43.03,33.2,15,CtrlGainStateWait=starting,43972,,,,FALSE,FALSE,,ext-bb-data-missing,40,,,,,,0,-850,,,,,,,20,101,29917,,ns=stopped,56,,,,,,FALSE,1973,Normal
1216,Radio 2271 B1,E55P870893,1/11/2025 21:04,Normal,nff_issues,,Wait for data timeout,523,,TRUE,FALSE,off,150,43.03,32.7,3,CtrlGainStateWait=starting,43867,,,,FALSE,FALSE,,ext-bb-data-missing,40,,,,,,0,-850,,,,,,,20,103,29835,,ns=stopped,56,,,,,,FALSE,1976,Normal
1217,Radio 2271 B1,E55P870893,1/11/2025 21:04,Normal,nff_issues,,Wait for data timeout,603,,TRUE,FALSE,off,149,43.03,32.5,5,CtrlGainStateWait=starting,44093,,,,FALSE,FALSE,,ext-bb-data-missing,40,,,,,,0,-850,,,,,,,20,102,29906,,ns=stopped,56,,,,,,FALSE,1976,Normal
1218,Radio 2271 B1,E55P870893,1/12/2025 19:43,Normal,nff_issues,,Wait for data timeout,667,,TRUE,FALSE,off,151,43.03,34.8,12,CtrlGainStateWait=starting,44023,,,,FALSE,FALSE,,ext-bb-data-missing,40,,,,,,0,-850,,,,,,,20,102,29878,,ns=stopped,56,,,,,,FALSE,1973,Normal
1219,Radio 2271 B1,E55P870893,1/12/2025 19:43,Normal,nff_issues,,Wait for data timeout,470.5,,TRUE,FALSE,off,150.5,43.03,34.9,8.5,CtrlGainStateWait=starting,43981.5,,,,FALSE,FALSE,,ext-bb-data-missing,40,,,,,,0,-850,,,,,,,20,75.5,29882,,ns=stopped,56,,,,,,FALSE,1976,Normal
1220,Radio 2271 B1,E55P870893,1/12/2025 19:43,Normal,nff_issues,,Wait for data timeout,464.5,,TRUE,FALSE,off,112,43.03,34.9,6,CtrlGainStateWait=starting,43954.5,,,,FALSE,FALSE,,ext-bb-data-missing,40,,,,,,0,-850,,,,,,,20,76.5,29870.5,,ns=stopped,56,,,,,,FALSE,1973,Normal
1221,Radio 2271 B1,E55P870893,1/13/2025 6:41,Normal,nff_issues,,Wait for data timeout,630,,TRUE,FALSE,off,154,43.03,40.2,11,CtrlGainStateWait=starting,43937,,,,FALSE,FALSE,,ext-bb-data-missing,40,,,,,,0,-850,,,,,,,20,103,29878,,ns=stopped,56,,,,,,FALSE,1973,Normal
1222,Radio 2271 B1,E55P870893,1/13/2025 6:42,Normal,nff_issues,,Wait for data timeout,446.5,,TRUE,FALSE,off,113,43.03,40.2,8,CtrlGainStateWait=starting,43921,,,,FALSE,FALSE,,ext-bb-data-missing,40,,,,,,0,-850,,,,,,,20,75.5,29872.5,,ns=stopped,56,,,,,,FALSE,1976,Normal
1223,Radio 2271 B1,E55P870893,1/13/2025 6:42,Normal,nff_issues,,Wait for data timeout,704,,TRUE,FALSE,off,151,43.03,39.8,15,CtrlGainStateWait=starting,44042,,,,FALSE,FALSE,,ext-bb-data-missing,40,,,,,,0,-850,,,,,,,20,100,29878,,ns=stopped,56,,,,,,FALSE,1973,Normal
1224,Radio 2271 B1,E55P870893,1/13/2025 6:43,Normal,nff_issues,,Wait for data timeout,485,,TRUE,FALSE,off,151,43.03,39.2,3,CtrlGainStateWait=starting,43937,,,,FALSE,FALSE,,ext-bb-data-missing,40,,,,,,0,-850,,,,,,,20,102,29898,,ns=stopped,56,,,,,,FALSE,1976,Normal
1225,Radio 2271 B1,E55P870893,1/13/2025 6:43,Normal,nff_issues,,Wait for data timeout,586,,TRUE,FALSE,off,150,43.03,38.8,4,CtrlGainStateWait=starting,44007,,,,FALSE,FALSE,,ext-bb-data-missing,40,,,,,,0,-850,,,,,,,20,102,29906,,ns=stopped,56,,,,,,FALSE,1976,Normal
1226,Radio 2271 B1,E55P870893,1/14/2025 14:04,Normal,nff_issues,,Wait for data timeout,523,,TRUE,FALSE,off,154,43.03,42.8,12,CtrlGainStateWait=starting,43972,,,,FALSE,FALSE,,ext-bb-data-missing,40,,,,,,0,-850,,,,,,,20,103,29937,,ns=stopped,56,,,,,,FALSE,1973,Normal
1227,Radio 2271 B1,E55P870893,1/14/2025 14:05,Normal,nff_issues,,Wait for data timeout,396,,TRUE,FALSE,off,114,43.03,43.1,8,CtrlGainStateWait=starting,43929,,,,FALSE,FALSE,,ext-bb-data-missing,40,,,,,,0,-850,,,,,,,20,76.5,29886.5,,ns=stopped,56,,,,,,FALSE,1976,Normal
1228,Radio 2271 B1,E55P870893,1/15/2025 19:53,Normal,nff_issues,,Wait for data timeout,386,,TRUE,FALSE,off,154,43.03,27.9,13,CtrlGainStateWait=starting,43902,,,,FALSE,FALSE,,ext-bb-data-missing,40,,,,,,0,-850,,,,,,,20,104,29906,,ns=stopped,56,,,,,,FALSE,1973,Normal
1229,Radio 2271 B1,E55P870893,1/15/2025 19:53,Normal,nff_issues,,Wait for data timeout,367,,TRUE,FALSE,off,114,43.03,28.4,9,CtrlGainStateWait=starting,44060,,,,FALSE,FALSE,,ext-bb-data-missing,40,,,,,,0,-850,,,,,,,20,77,29931,,ns=stopped,56,,,,,,FALSE,1976,Normal
1230,Radio 2271 B1,E55P870893,1/16/2025 18:34,Normal,nff_issues,,Wait for data timeout,629,,TRUE,FALSE,off,153,43.03,38.6,11,CtrlGainStateWait=starting,43957,,,,FALSE,FALSE,,ext-bb-data-missing,40,,,,,,0,-850,,,,,,,20,102,29886,,ns=stopped,56,,,,,,FALSE,1973,Normal
1231,Radio 2271 B1,E55P870893,1/16/2025 18:34,Normal,nff_issues,,Wait for data timeout,447.5,,TRUE,FALSE,off,112,43.03,38.7,8.5,CtrlGainStateWait=starting,43982,,,,FALSE,FALSE,,ext-bb-data-missing,40,,,,,,0,-850,,,,,,,20,75,29927,,ns=stopped,56,,,,,,FALSE,1976,Normal
1232,Radio 2271 B1,E55P870893,1/17/2025 0:35,Normal,nff_issues,,Wait for data timeout,677,,TRUE,FALSE,off,153,43.03,25.2,12,CtrlGainStateWait=starting,44078,,,,FALSE,FALSE,,ext-bb-data-missing,40,,,,,,0,-850,,,,,,,20,103,29855,,ns=stopped,56,,,,,,FALSE,1973,Normal
1233,Radio 2271 B1,E55P870893,1/17/2025 0:35,Normal,nff_issues,,Wait for data timeout,480,,TRUE,FALSE,off,113,43.03,25.4,8,CtrlGainStateWait=starting,43980,,,,FALSE,FALSE,,ext-bb-data-missing,40,,,,,,0,-850,,,,,,,20,76.5,29896,,ns=stopped,56,,,,,,FALSE,1976,Normal
1234,Radio 2271 B1,E55P870893,1/17/2025 0:36,Normal,nff_issues,,Wait for data timeout,736,,TRUE,FALSE,off,151,43.03,25.2,16,CtrlGainStateWait=starting,43988,,,,FALSE,FALSE,,ext-bb-data-missing,40,,,,,,0,-850,,,,,,,20,102,29855,,ns=stopped,56,,,,,,FALSE,1973,Normal
1235,Radio 2271 B1,E55P870893,1/17/2025 0:36,Normal,nff_issues,,Wait for data timeout,578,,TRUE,FALSE,off,149,43.03,24.8,4,CtrlGainStateWait=starting,43921,,,,FALSE,FALSE,,ext-bb-data-missing,40,,,,,,0,-850,,,,,,,20,102,29847,,ns=stopped,56,,,,,,FALSE,1976,Normal
1236,Radio 2271 B1,E55P870893,1/17/2025 0:37,Normal,nff_issues,,Wait for data timeout,621,,TRUE,FALSE,off,149,43.03,24.6,6,CtrlGainStateWait=starting,43867,,,,FALSE,FALSE,,ext-bb-data-missing,40,,,,,,0,-850,,,,,,,20,103,29906,,ns=stopped,56,,,,,,FALSE,1976,Normal
1237,Radio 2271 B1,E55P870893,1/19/2025 8:30,Normal,nff_issues,,Wait for data timeout,625,,TRUE,FALSE,off,152,43.03,44.8,11,CtrlGainStateWait=starting,44023,,,,FALSE,FALSE,,ext-bb-data-missing,40,,,,,,0,-850,,,,,,,20,102,29937,,ns=stopped,56,,,,,,FALSE,1973,Normal
1238,Radio 2271 B1,E55P870893,1/19/2025 8:31,Normal,nff_issues,,Wait for data timeout,437,,TRUE,FALSE,off,113,43.03,44.9,8.5,CtrlGainStateWait=starting,44007,,,,FALSE,FALSE,,ext-bb-data-missing,40,,,,,,0,-850,,,,,,,20,76,29896,,ns=stopped,56,,,,,,FALSE,1976,Normal
1239,Radio 2271 B1,E55P870893,1/19/2025 20:26,Normal,nff_issues,,Wait for data timeout,640,,TRUE,FALSE,off,152,43.03,35.4,12,CtrlGainStateWait=starting,43972,,,,FALSE,FALSE,,ext-bb-data-missing,40,,,,,,0,-850,,,,,,,20,102,29886,,ns=stopped,56,,,,,,FALSE,1973,Normal
1240,Radio 2271 B1,E55P870893,1/19/2025 20:26,Normal,nff_issues,,Wait for data timeout,451.5,,TRUE,FALSE,off,113.5,43.03,35.5,8.5,CtrlGainStateWait=starting,43954.5,,,,FALSE,FALSE,,ext-bb-data-missing,40,,,,,,0,-850,,,,,,,20,76,29878,,ns=stopped,56,,,,,,FALSE,1976,Normal
1241,Radio 2271 B1,E55P870893,1/20/2025 20:11,Normal,nff_issues,,Wait for data timeout,656,,TRUE,FALSE,off,153,43.03,31,12,CtrlGainStateWait=starting,44042,,,,FALSE,FALSE,,ext-bb-data-missing,40,,,,,,0,-850,,,,,,,20,103,29925,,ns=stopped,56,,,,,,FALSE,1973,Normal
1242,Radio 2271 B1,E55P870893,1/20/2025 20:11,Normal,nff_issues,,Wait for data timeout,467.5,,TRUE,FALSE,off,113,43.03,31.2,8,CtrlGainStateWait=starting,44068,,,,FALSE,FALSE,,ext-bb-data-missing,40,,,,,,0,-850,,,,,,,20,76,29888,,ns=stopped,56,,,,,,FALSE,1976,Normal
1243,Radio 2271 B1,E55P870893,1/20/2025 20:11,Normal,nff_issues,,Wait for data timeout,730,,TRUE,FALSE,off,151,43.03,30.9,16,CtrlGainStateWait=starting,43972,,,,FALSE,FALSE,,ext-bb-data-missing,40,,,,,,0,-850,,,,,,,20,101,29898,,ns=stopped,56,,,,,,FALSE,1973,Normal
1244,Radio 2271 B1,E55P870893,1/20/2025 20:12,Normal,nff_issues,,Wait for data timeout,557,,TRUE,FALSE,off,150,43.03,30.7,4,CtrlGainStateWait=starting,43957,,,,FALSE,FALSE,,ext-bb-data-missing,40,,,,,,0,-850,,,,,,,20,103,29886,,ns=stopped,56,,,,,,FALSE,1976,Normal
1245,Radio 2271 B1,E55P870893,1/20/2025 20:12,Normal,nff_issues,,Wait for data timeout,601,,TRUE,FALSE,off,150,43.03,30.6,5,CtrlGainStateWait=starting,44058,,,,FALSE,FALSE,,ext-bb-data-missing,40,,,,,,0,-850,,,,,,,20,102,29867,,ns=stopped,56,,,,,,FALSE,1976,Normal
1246,Radio 2271 B1,E55P870893,1/22/2025 3:43,Normal,nff_issues,,Wait for data timeout,652,,TRUE,FALSE,off,153,43.03,33.7,11,CtrlGainStateWait=starting,44058,,,,FALSE,FALSE,,ext-bb-data-missing,40,,,,,,0,-850,,,,,,,20,103,29835,,ns=stopped,56,,,,,,FALSE,1973,Normal
1247,Radio 2271 B1,E55P870893,1/22/2025 3:43,Normal,nff_issues,,Wait for data timeout,459,,TRUE,FALSE,off,114,43.03,33.9,7.5,CtrlGainStateWait=starting,44050,,,,FALSE,FALSE,,ext-bb-data-missing,40,,,,,,0,-850,,,,,,,20,77,29837.5,,ns=stopped,56,,,,,,FALSE,1976,Normal
1248,Radio 2271 B1,E55P870893,1/22/2025 20:16,Normal,nff_issues,,Wait for data timeout,641,,TRUE,FALSE,off,154,43.03,32.4,11,CtrlGainStateWait=starting,43972,,,,FALSE,FALSE,,ext-bb-data-missing,40,,,,,,0,-850,,,,,,,20,103,29925,,ns=stopped,56,,,,,,FALSE,1973,Normal
1249,Radio 2271 B1,E55P870893,1/22/2025 20:16,Normal,nff_issues,,Wait for data timeout,454,,TRUE,FALSE,off,113,43.03,32.6,7.5,CtrlGainStateWait=starting,43997.5,,,,FALSE,FALSE,,ext-bb-data-missing,40,,,,,,0,-850,,,,,,,20,76,29857,,ns=stopped,56,,,,,,FALSE,1976,Normal
1250,Radio 2271 B1,E55P870893,1/22/2025 20:17,Normal,nff_issues,,Wait for data timeout,718,,TRUE,FALSE,off,152,43.03,32.4,15,CtrlGainStateWait=starting,44078,,,,FALSE,FALSE,,ext-bb-data-missing,40,,,,,,0,-850,,,,,,,20,101,29906,,ns=stopped,56,,,,,,FALSE,1973,Normal
1251,Radio 2271 B1,E55P870893,1/22/2025 20:17,Normal,nff_issues,,Wait for data timeout,540,,TRUE,FALSE,off,150,43.03,32.2,4,CtrlGainStateWait=starting,43921,,,,FALSE,FALSE,,ext-bb-data-missing,40,,,,,,0,-850,,,,,,,20,103,29906,,ns=stopped,56,,,,,,FALSE,1976,Normal
1252,Radio 2271 B1,E55P870893,1/22/2025 20:17,Normal,nff_issues,,Wait for data timeout,589,,TRUE,FALSE,off,150,43.03,32.1,4,CtrlGainStateWait=starting,44078,,,,FALSE,FALSE,,ext-bb-data-missing,40,,,,,,0,-850,,,,,,,20,103,29906,,ns=stopped,56,,,,,,FALSE,1976,Normal
1253,Radio 2271 B1,E55P870893,1/23/2025 18:35,Normal,nff_issues,,Wait for data timeout,637,,TRUE,FALSE,off,153,43.03,38.7,11,CtrlGainStateWait=starting,44042,,,,FALSE,FALSE,,ext-bb-data-missing,40,,,,,,0,-850,,,,,,,20,103,29867,,ns=stopped,56,,,,,,FALSE,1973,Normal
1254,Radio 2271 B1,E55P870893,1/23/2025 18:36,Normal,nff_issues,,Wait for data timeout,452,,TRUE,FALSE,off,113,43.03,38.8,8,CtrlGainStateWait=starting,43894,,,,FALSE,FALSE,,ext-bb-data-missing,40,,,,,,0,-850,,,,,,,20,75.5,29845,,ns=stopped,56,,,,,,FALSE,1973,Normal
1255,Radio 2271 B1,E55P870893,1/23/2025 18:36,Normal,nff_issues,,Wait for data timeout,452,,TRUE,FALSE,off,113,43.03,38.7,8,CtrlGainStateWait=starting,43894,,,,FALSE,FALSE,,ext-bb-data-missing,40,,,,,,0,-850,,,,,,,20,75.5,29845,,ns=stopped,56,,,,,,FALSE,1976,Normal
1256,Radio 2271 B1,E55P870893,1/24/2025 8:07,Normal,nff_issues,,Wait for data timeout,618,,TRUE,FALSE,off,154,43.03,40.4,11,CtrlGainStateWait=starting,44113,,,,FALSE,FALSE,,ext-bb-data-missing,40,,,,,,0,-850,,,,,,,20,103,29917,,ns=stopped,56,,,,,,FALSE,1973,Normal
1257,Radio 2271 B1,E55P870893,1/24/2025 8:07,Normal,nff_issues,,Wait for data timeout,436.5,,TRUE,FALSE,off,113,43.03,40.6,8,CtrlGainStateWait=starting,43964,,,,FALSE,FALSE,,ext-bb-data-missing,40,,,,,,0,-850,,,,,,,20,75.5,29866.5,,ns=stopped,56,,,,,,FALSE,1976,Normal
1258,Radio 2271 B1,E55P870893,1/24/2025 8:07,Normal,nff_issues,,Wait for data timeout,699,,TRUE,FALSE,off,151,43.03,40.4,15,CtrlGainStateWait=starting,43867,,,,FALSE,FALSE,,ext-bb-data-missing,40,,,,,,0,-850,,,,,,,20,101,29878,,ns=stopped,56,,,,,,FALSE,1973,Normal
1259,Radio 2271 B1,E55P870893,1/24/2025 8:08,Normal,nff_issues,,Wait for data timeout,495,,TRUE,FALSE,off,150,43.03,40.4,4,CtrlGainStateWait=starting,44128,,,,FALSE,FALSE,,ext-bb-data-missing,40,,,,,,0,-850,,,,,,,20,102,29886,,ns=stopped,56,,,,,,FALSE,1976,Normal
1260,Radio 2271 B1,E55P870893,1/24/2025 8:08,Normal,nff_issues,,Wait for data timeout,573,,TRUE,FALSE,off,150,43.03,40.3,5,CtrlGainStateWait=starting,44042,,,,FALSE,FALSE,,ext-bb-data-missing,40,,,,,,0,-850,,,,,,,20,101,29917,,ns=stopped,56,,,,,,FALSE,1976,Normal
1261,Radio 2271 B1,E55P870893,1/25/2025 6:53,Normal,nff_issues,,Wait for data timeout,640,,TRUE,FALSE,off,153,43.03,38.8,11,CtrlGainStateWait=starting,44023,,,,FALSE,FALSE,,ext-bb-data-missing,40,,,,,,0,-850,,,,,,,20,102,29886,,ns=stopped,56,,,,,,FALSE,1973,Normal
1262,Radio 2271 B1,E55P870893,1/25/2025 6:53,Normal,nff_issues,,Wait for data timeout,454.5,,TRUE,FALSE,off,113,43.03,38.8,8,CtrlGainStateWait=starting,43982,,,,FALSE,FALSE,,ext-bb-data-missing,40,,,,,,0,-850,,,,,,,20,75,29901.5,,ns=stopped,56,,,,,,FALSE,1976,Normal
1263,Radio 2271 B1,E55P870893,1/25/2025 20:14,Normal,nff_issues,,Wait for data timeout,638,,TRUE,FALSE,off,153,43.03,37.5,12,CtrlGainStateWait=starting,43957,,,,FALSE,FALSE,,ext-bb-data-missing,40,,,,,,0,-850,,,,,,,20,102,29878,,ns=stopped,56,,,,,,FALSE,1973,Normal
1264,Radio 2271 B1,E55P870893,1/25/2025 20:15,Normal,nff_issues,,Wait for data timeout,447.5,,TRUE,FALSE,off,114,43.03,37.6,8,CtrlGainStateWait=starting,43989.5,,,,FALSE,FALSE,,ext-bb-data-missing,40,,,,,,0,-850,,,,,,,20,77,29882,,ns=stopped,56,,,,,,FALSE,1976,Normal
1265,Radio 2271 B1,E55P870893,1/25/2025 20:15,Normal,nff_issues,,Wait for data timeout,714,,TRUE,FALSE,off,152,43.03,37.4,15,CtrlGainStateWait=starting,44058,,,,FALSE,FALSE,,ext-bb-data-missing,40,,,,,,0,-850,,,,,,,20,100,29867,,ns=stopped,56,,,,,,FALSE,1973,Normal
1266,Radio 2271 B1,E55P870893,1/25/2025 20:15,Normal,nff_issues,,Wait for data timeout,530,,TRUE,FALSE,off,150,43.03,37.2,4,CtrlGainStateWait=starting,44078,,,,FALSE,FALSE,,ext-bb-data-missing,40,,,,,,0,-850,,,,,,,20,102,29898,,ns=stopped,56,,,,,,FALSE,1976,Normal
1267,Radio 2271 B1,E55P870893,1/25/2025 20:16,Normal,nff_issues,,Wait for data timeout,585,,TRUE,FALSE,off,150,43.03,37.1,5,CtrlGainStateWait=starting,44058,,,,FALSE,FALSE,,ext-bb-data-missing,40,,,,,,0,-850,,,,,,,20,102,29898,,ns=stopped,56,,,,,,FALSE,1976,Normal
1268,Radio 2271 B1,E55P870893,1/26/2025 6:39,Normal,nff_issues,,Wait for data timeout,639,,TRUE,FALSE,off,154,43.03,35.1,11,CtrlGainStateWait=starting,43921,,,,FALSE,FALSE,,ext-bb-data-missing,40,,,,,,0,-850,,,,,,,20,104,29906,,ns=stopped,56,,,,,,FALSE,1973,Normal
1269,Radio 2271 B1,E55P870893,1/26/2025 6:40,Normal,nff_issues,,Wait for data timeout,452,,TRUE,FALSE,off,113.5,43.03,35.3,7.5,CtrlGainStateWait=starting,44017,,,,FALSE,FALSE,,ext-bb-data-missing,40,,,,,,0,-850,,,,,,,20,77,29862.5,,ns=stopped,56,,,,,,FALSE,1976,Normal
1270,Radio 2271 B1,E55P870893,1/28/2025 3:01,Normal,nff_issues,,Wait for data timeout,651,,TRUE,FALSE,off,154,43.03,34.8,12,CtrlGainStateWait=starting,44093,,,,FALSE,FALSE,,ext-bb-data-missing,40,,,,,,0,-850,,,,,,,20,102,29855,,ns=stopped,56,,,,,,FALSE,1973,Normal
1271,Radio 2271 B1,E55P870893,1/28/2025 3:01,Normal,nff_issues,,Wait for data timeout,457,,TRUE,FALSE,off,113,43.03,35.1,8,CtrlGainStateWait=starting,44007.5,,,,FALSE,FALSE,,ext-bb-data-missing,40,,,,,,0,-850,,,,,,,20,75.5,29861,,ns=stopped,56,,,,,,FALSE,1976,Normal
1272,Radio 2271 B1,E55P870893,1/29/2025 16:37,Normal,nff_issues,,Wait for data timeout,652,,TRUE,FALSE,off,153,43.03,32.9,12,CtrlGainStateWait=starting,44148,,,,FALSE,FALSE,,ext-bb-data-missing,40,,,,,,0,-850,,,,,,,20,103,29847,,ns=stopped,56,,,,,,FALSE,1973,Normal
1273,Radio 2271 B1,E55P870893,1/29/2025 16:37,Normal,nff_issues,,Wait for data timeout,460,,TRUE,FALSE,off,113.5,43.03,33.1,7.5,CtrlGainStateWait=starting,43964,,,,FALSE,FALSE,,ext-bb-data-missing,40,,,,,,0,-850,,,,,,,20,75.5,29886,,ns=stopped,56,,,,,,FALSE,1976,Normal
1274,Radio 2271 B1,E55P870893,1/30/2025 20:25,Normal,nff_issues,,Wait for data timeout,653,,TRUE,FALSE,off,154,43.03,30.5,12,CtrlGainStateWait=starting,43921,,,,FALSE,FALSE,,ext-bb-data-missing,40,,,,,,0,-850,,,,,,,20,103,29878,,ns=stopped,56,,,,,,FALSE,1973,Normal
1275,Radio 2271 B1,E55P870893,1/30/2025 20:25,Normal,nff_issues,,Wait for data timeout,462.5,,TRUE,FALSE,off,113.5,43.03,30.6,8.5,CtrlGainStateWait=starting,43964,,,,FALSE,FALSE,,ext-bb-data-missing,40,,,,,,0,-850,,,,,,,20,76.5,29870.5,,ns=stopped,56,,,,,,FALSE,1976,Normal
1276,Radio 2271 B1,E55P870893,1/31/2025 20:46,Normal,nff_issues,,Wait for data timeout,638,,TRUE,FALSE,off,154,43.03,37.6,11,CtrlGainStateWait=starting,44093,,,,FALSE,FALSE,,ext-bb-data-missing,40,,,,,,0,-850,,,,,,,20,102,29878,,ns=stopped,56,,,,,,FALSE,1973,Normal
1277,Radio 2271 B1,E55P870893,1/31/2025 20:46,Normal,nff_issues,,Wait for data timeout,450.5,,TRUE,FALSE,off,113.5,43.03,37.7,8,CtrlGainStateWait=starting,44035,,,,FALSE,FALSE,,ext-bb-data-missing,40,,,,,,0,-850,,,,,,,20,76.5,29855,,ns=stopped,56,,,,,,FALSE,1976,Normal
1278,Radio 2271 B1,E55P870893,2/1/2025 19:29,Normal,nff_issues,,Wait for data timeout,650,,TRUE,FALSE,off,154,43.03,32.6,12,CtrlGainStateWait=starting,44042,,,,FALSE,FALSE,,ext-bb-data-missing,40,,,,,,0,-850,,,,,,,20,104,29917,,ns=stopped,56,,,,,,FALSE,1973,Normal
1279,Radio 2271 B1,E55P870893,2/1/2025 19:29,Normal,nff_issues,,Wait for data timeout,458.5,,TRUE,FALSE,off,114,43.03,32.7,8,CtrlGainStateWait=starting,43989.5,,,,FALSE,FALSE,,ext-bb-data-missing,40,,,,,,0,-850,,,,,,,20,77,29907.5,,ns=stopped,56,,,,,,FALSE,1976,Normal
1280,Radio 2271 B1,E55P870893,2/1/2025 19:29,Normal,nff_issues,,Wait for data timeout,724,,TRUE,FALSE,off,153,43.03,32.5,14,CtrlGainStateWait=starting,43902,,,,FALSE,FALSE,,ext-bb-data-missing,40,,,,,,0,-850,,,,,,,20,102,29878,,ns=stopped,56,,,,,,FALSE,1973,Normal
1281,Radio 2271 B1,E55P870893,2/1/2025 19:30,Normal,nff_issues,,Wait for data timeout,522,,TRUE,FALSE,off,150,43.03,32.1,3,CtrlGainStateWait=starting,43972,,,,FALSE,FALSE,,ext-bb-data-missing,40,,,,,,0,-850,,,,,,,20,103,29898,,ns=stopped,56,,,,,,FALSE,1976,Normal
1282,Radio 2271 B1,E55P870893,2/1/2025 19:30,Normal,nff_issues,,Wait for data timeout,604,,TRUE,FALSE,off,150,43.03,31.9,4,CtrlGainStateWait=starting,44007,,,,FALSE,FALSE,,ext-bb-data-missing,40,,,,,,0,-850,,,,,,,20,102,29878,,ns=stopped,56,,,,,,FALSE,1976,Normal
1283,Radio 2271 B1,E55P870893,2/5/2025 6:48,Normal,nff_issues,,Wait for data timeout,648,,TRUE,FALSE,off,154,43.03,31.9,12,CtrlGainStateWait=starting,43921,,,,FALSE,FALSE,,ext-bb-data-missing,40,,,,,,0,-850,,,,,,,20,104,29867,,ns=stopped,56,,,,,,FALSE,1973,Normal
1284,Radio 2271 B1,E55P870893,2/5/2025 6:48,Normal,nff_issues,,Wait for data timeout,457,,TRUE,FALSE,off,113.5,43.03,32.1,7.5,CtrlGainStateWait=starting,43997.5,,,,FALSE,FALSE,,ext-bb-data-missing,40,,,,,,0,-850,,,,,,,20,76.5,29876.5,,ns=stopped,56,,,,,,FALSE,1976,Normal
1285,Radio 2271 B1,E55P870893,2/6/2025 3:17,Normal,nff_issues,,Wait for data timeout,662,,TRUE,FALSE,off,153,43.03,28.9,12,CtrlGainStateWait=starting,43957,,,,FALSE,FALSE,,ext-bb-data-missing,40,,,,,,0,-850,,,,,,,20,103,29828,,ns=stopped,56,,,,,,FALSE,1973,Normal
1286,Radio 2271 B1,E55P870893,2/6/2025 3:17,Normal,nff_issues,,Wait for data timeout,468.5,,TRUE,FALSE,off,113.5,43.03,29.1,8,CtrlGainStateWait=starting,44067.5,,,,FALSE,FALSE,,ext-bb-data-missing,40,,,,,,0,-850,,,,,,,20,76.5,29896,,ns=stopped,56,,,,,,FALSE,1976,Normal
1287,Radio 2271 B1,E55P870893,2/6/2025 3:18,Normal,nff_issues,,Wait for data timeout,734,,TRUE,FALSE,off,151,43.03,28.9,15,CtrlGainStateWait=starting,43921,,,,FALSE,FALSE,,ext-bb-data-missing,40,,,,,,0,-850,,,,,,,20,101,29917,,ns=stopped,56,,,,,,FALSE,1973,Normal
1288,Radio 2271 B1,E55P870893,2/6/2025 3:18,Normal,nff_issues,,Wait for data timeout,549,,TRUE,FALSE,off,149,43.03,28.6,3,CtrlGainStateWait=starting,43957,,,,FALSE,FALSE,,ext-bb-data-missing,40,,,,,,0,-850,,,,,,,20,103,29847,,ns=stopped,56,,,,,,FALSE,1976,Normal
1289,Radio 2271 B1,E55P870893,2/6/2025 3:19,Normal,nff_issues,,Wait for data timeout,605,,TRUE,FALSE,off,149,43.03,28.5,5,CtrlGainStateWait=starting,43988,,,,FALSE,FALSE,,ext-bb-data-missing,40,,,,,,0,-850,,,,,,,20,102,29855,,ns=stopped,56,,,,,,FALSE,1976,Normal
1290,Radio 2271 B1,E55P870893,2/7/2025 11:41,Normal,nff_issues,,Wait for data timeout,620,,TRUE,FALSE,off,153,43.03,43.1,11,CtrlGainStateWait=starting,44007,,,,FALSE,FALSE,,ext-bb-data-missing,40,,,,,,0,-850,,,,,,,20,102,29898,,ns=stopped,56,,,,,,FALSE,1973,Normal
1291,Radio 2271 B1,E55P870893,2/7/2025 11:41,Normal,nff_issues,,Wait for data timeout,436,,TRUE,FALSE,off,113,43.03,43.1,8,CtrlGainStateWait=starting,43972,,,,FALSE,FALSE,,ext-bb-data-missing,40,,,,,,0,-850,,,,,,,20,76,29900,,ns=stopped,56,,,,,,FALSE,1976,Normal
1292,Radio 2271 B1,E55P870893,2/7/2025 11:54,Normal,nff_issues,,Wait for data timeout,619,,TRUE,FALSE,off,153,43.03,43.4,10,CtrlGainStateWait=starting,43988,,,,FALSE,FALSE,,ext-bb-data-missing,40,,,,,,0,-850,,,,,,,20,102,29855,,ns=stopped,56,,,,,,FALSE,1973,Normal
1293,Radio 2271 B1,E55P870893,2/7/2025 11:55,Normal,nff_issues,,Wait for data timeout,433.5,,TRUE,FALSE,off,113,43.03,43.4,8,CtrlGainStateWait=starting,44075.5,,,,FALSE,FALSE,,ext-bb-data-missing,40,,,,,,0,-850,,,,,,,20,75.5,29892,,ns=stopped,56,,,,,,FALSE,1976,Normal
1294,Radio 2271 B1,E55P870893,2/7/2025 11:55,Normal,nff_issues,,Wait for data timeout,694,,TRUE,FALSE,off,152,43.03,42.9,14,CtrlGainStateWait=starting,43957,,,,FALSE,FALSE,,ext-bb-data-missing,40,,,,,,0,-850,,,,,,,20,101,29917,,ns=stopped,56,,,,,,FALSE,1973,Normal
1295,Radio 2271 B1,E55P870893,2/7/2025 11:55,Normal,nff_issues,,Wait for data timeout,477,,TRUE,FALSE,off,151,43.03,42.4,4,CtrlGainStateWait=starting,43937,,,,FALSE,FALSE,,ext-bb-data-missing,40,,,,,,0,-850,,,,,,,20,102,29878,,ns=stopped,56,,,,,,FALSE,1976,Normal
1296,Radio 2271 B1,E55P870893,2/7/2025 11:56,Normal,nff_issues,,Wait for data timeout,566,,TRUE,FALSE,off,148,43.03,42,4,CtrlGainStateWait=starting,44113,,,,FALSE,FALSE,,ext-bb-data-missing,40,,,,,,0,-850,,,,,,,20,100,29886,,ns=stopped,56,,,,,,FALSE,1976,Normal
1297,Radio 2271 B1,E55P870893,2/11/2025 8:49,Normal,nff_issues,,Wait for data timeout,681,,TRUE,FALSE,off,154,43.03,31.7,11,CtrlGainStateWait=starting,44128,,,,FALSE,FALSE,,ext-bb-data-missing,40,,,,,,0,-850,,,,,,,20,103,29906,,ns=stopped,56,,,,,,FALSE,1973,Normal
1298,Radio 2271 B1,E55P870893,2/11/2025 8:49,Normal,nff_issues,,Wait for data timeout,491.5,,TRUE,FALSE,off,113.5,43.03,31.8,8,CtrlGainStateWait=starting,43937,,,,FALSE,FALSE,,ext-bb-data-missing,40,,,,,,0,-850,,,,,,,20,76,29862.5,,ns=stopped,56,,,,,,FALSE,1976,Normal
1299,Radio 2271 B1,E55P870893,2/11/2025 9:59,Normal,nff_issues,,Wait for data timeout,706,,TRUE,FALSE,off,152,43.03,29.7,12,CtrlGainStateWait=starting,44179,,,,FALSE,FALSE,,ext-bb-data-missing,40,,,,,,0,-850,,,,,,,20,102,29867,,ns=stopped,56,,,,,,FALSE,1973,Normal
1300,Radio 2271 B1,E55P870893,2/11/2025 9:59,Normal,nff_issues,,Wait for data timeout,511.5,,TRUE,FALSE,off,113,43.03,29.8,8,CtrlGainStateWait=starting,44015,,,,FALSE,FALSE,,ext-bb-data-missing,40,,,,,,0,-850,,,,,,,20,76.5,29857,,ns=stopped,56,,,,,,FALSE,1976,Normal
1301,Radio 2271 B1,E55P870893,2/11/2025 17:32,Normal,nff_issues,,Wait for data timeout,669,,TRUE,FALSE,off,153,43.03,38,11,CtrlGainStateWait=starting,44007,,,,FALSE,FALSE,,ext-bb-data-missing,40,,,,,,0,-850,,,,,,,20,102,29816,,ns=stopped,56,,,,,,FALSE,1973,Normal
1302,Radio 2271 B1,E55P870893,2/11/2025 17:32,Normal,nff_issues,,Wait for data timeout,475,,TRUE,FALSE,off,113.5,43.03,38.1,7.5,CtrlGainStateWait=starting,44078,,,,FALSE,FALSE,,ext-bb-data-missing,40,,,,,,0,-850,,,,,,,20,76,29890,,ns=stopped,56,,,,,,FALSE,1976,Normal
1303,Radio 2271 B1,E55P870893,2/11/2025 17:32,Normal,nff_issues,,Wait for data timeout,723,,TRUE,FALSE,off,150,43.03,37.9,14,CtrlGainStateWait=starting,43886,,,,FALSE,FALSE,,ext-bb-data-missing,40,,,,,,0,-850,,,,,,,20,99,29925,,ns=stopped,56,,,,,,FALSE,1973,Normal
1304,Radio 2271 B1,E55P870893,2/11/2025 17:33,Normal,nff_issues,,Wait for data timeout,519,,TRUE,FALSE,off,151,43.03,37.3,3,CtrlGainStateWait=starting,44113,,,,FALSE,FALSE,,ext-bb-data-missing,40,,,,,,0,-850,,,,,,,20,102,29898,,ns=stopped,56,,,,,,FALSE,1976,Normal
1305,Radio 2271 B1,E55P870893,2/11/2025 17:34,Normal,nff_issues,,Wait for data timeout,596,,TRUE,FALSE,off,149,43.03,37,5,CtrlGainStateWait=starting,44058,,,,FALSE,FALSE,,ext-bb-data-missing,40,,,,,,0,-850,,,,,,,20,102,29878,,ns=stopped,56,,,,,,FALSE,1976,Normal
1306,Radio 2271 B1,E55P870893,12/10/2024 17:45,Normal,nff_issues,,Wait for data timeout,642,,TRUE,FALSE,off,150,43.03,40.7,12,CtrlGainStateWait=starting,44007,,,,FALSE,FALSE,,ext-bb-data-missing,40,,,,,,0,-850,,,,,,,20,101,29976,,ns=stopped,56,,,,,,FALSE,1973,Normal
1307,Radio 2271 B1,E55P870893,12/10/2024 17:46,Normal,nff_issues,,Wait for data timeout,463,,TRUE,FALSE,off,111.5,43.03,40.8,9.5,CtrlGainStateWait=starting,43989.5,,,,FALSE,FALSE,,ext-bb-data-missing,40,,,,,,0,-850,,,,,,,20,76,29911.5,,ns=stopped,56,,,,,,FALSE,1973,Normal
1308,Radio 2271 B1,E55P870893,12/10/2024 17:46,Normal,nff_issues,,Wait for data timeout,463,,TRUE,FALSE,off,111.5,43.03,40.8,9.5,CtrlGainStateWait=starting,43989.5,,,,FALSE,FALSE,,ext-bb-data-missing,40,,,,,,0,-850,,,,,,,20,76,29911.5,,ns=stopped,56,,,,,,FALSE,1976,Normal
1309,Radio 2271 B1,E55P870893,12/11/2024 12:21,Normal,nff_issues,,Wait for data timeout,594,,TRUE,FALSE,off,151,43.03,52.2,13,CtrlGainStateWait=starting,44007,,,,FALSE,FALSE,,ext-bb-data-missing,40,,,,,,0,-850,,,,,,,20,103,29945,,ns=stopped,56,,,,,,FALSE,1973,Normal
1310,Radio 2271 B1,E55P870893,12/11/2024 12:22,Normal,nff_issues,,Wait for data timeout,415,,TRUE,FALSE,off,112,43.03,52.3,10.5,CtrlGainStateWait=starting,43980,,,,FALSE,FALSE,,ext-bb-data-missing,40,,,,,,0,-850,,,,,,,20,76.5,29917,,ns=stopped,56,,,,,,FALSE,1976,Normal
1311,Radio 2271 B1,E55P870893,12/11/2024 12:22,Normal,nff_issues,,Wait for data timeout,641,,TRUE,FALSE,off,150,43.03,52,20,CtrlGainStateWait=starting,44042,,,,FALSE,FALSE,,ext-bb-data-missing,40,,,,,,0,-850,,,,,,,20,102,29898,,ns=stopped,56,,,,,,FALSE,1973,Normal
1312,Radio 2271 B1,E55P870893,12/11/2024 12:22,Normal,nff_issues,,Wait for data timeout,469,,TRUE,FALSE,off,150,43.03,51.7,4,CtrlGainStateWait=starting,44078,,,,FALSE,FALSE,,ext-bb-data-missing,40,,,,,,0,-850,,,,,,,20,103,29957,,ns=stopped,56,,,,,,FALSE,1976,Normal
1313,Radio 2271 B1,E55P870893,12/11/2024 12:23,Normal,nff_issues,,Wait for data timeout,553,,TRUE,FALSE,off,149,43.03,51.4,5,CtrlGainStateWait=starting,43902,,,,FALSE,FALSE,,ext-bb-data-missing,40,,,,,,0,-850,,,,,,,20,102,29898,,ns=stopped,56,,,,,,FALSE,1976,Normal
1314,Radio 2271 B1,E55P870893,12/13/2024 23:33,Normal,nff_issues,,Wait for data timeout,623,,TRUE,FALSE,off,151,43.03,36.7,14,CtrlGainStateWait=starting,44007,,,,FALSE,FALSE,,ext-bb-data-missing,40,,,,,,0,-850,,,,,,,20,103,29917,,ns=stopped,56,,,,,,FALSE,1973,Normal
1315,Radio 2271 B1,E55P870893,12/13/2024 23:33,Normal,nff_issues,,Wait for data timeout,448,,TRUE,FALSE,off,113,43.03,36.8,9,CtrlGainStateWait=starting,43997.5,,,,FALSE,FALSE,,ext-bb-data-missing,40,,,,,,0,-850,,,,,,,20,76.5,29951,,ns=stopped,56,,,,,,FALSE,1976,Normal
1316,Radio 2271 B1,E55P870893,12/10/2024 17:45,Normal,nff_issues,,Wait for data timeout,642,,TRUE,FALSE,off,150,43.03,40.7,12,CtrlGainStateWait=starting,44007,,,,FALSE,FALSE,,ext-bb-data-missing,40,,,,,,0,-850,,,,,,,20,101,29976,,ns=stopped,56,,,,,,FALSE,1973,Normal
1317,Radio 2271 B1,E55P870893,12/10/2024 17:46,Normal,nff_issues,,Wait for data timeout,463,,TRUE,FALSE,off,111.5,43.03,40.8,9.5,CtrlGainStateWait=starting,43989.5,,,,FALSE,FALSE,,ext-bb-data-missing,40,,,,,,0,-850,,,,,,,20,76,29911.5,,ns=stopped,56,,,,,,FALSE,1973,Normal
1318,Radio 2271 B1,E55P870893,12/10/2024 17:46,Normal,nff_issues,,Wait for data timeout,463,,TRUE,FALSE,off,111.5,43.03,40.8,9.5,CtrlGainStateWait=starting,43989.5,,,,FALSE,FALSE,,ext-bb-data-missing,40,,,,,,0,-850,,,,,,,20,76,29911.5,,ns=stopped,56,,,,,,FALSE,1976,Normal
1319,Radio 2271 B1,E55P870893,12/11/2024 12:21,Normal,nff_issues,,Wait for data timeout,594,,TRUE,FALSE,off,151,43.03,52.2,13,CtrlGainStateWait=starting,44007,,,,FALSE,FALSE,,ext-bb-data-missing,40,,,,,,0,-850,,,,,,,20,103,29945,,ns=stopped,56,,,,,,FALSE,1973,Normal
1320,Radio 2271 B1,E55P870893,12/11/2024 12:22,Normal,nff_issues,,Wait for data timeout,415,,TRUE,FALSE,off,112,43.03,52.3,10.5,CtrlGainStateWait=starting,43980,,,,FALSE,FALSE,,ext-bb-data-missing,40,,,,,,0,-850,,,,,,,20,76.5,29917,,ns=stopped,56,,,,,,FALSE,1976,Normal
1321,Radio 2271 B1,E55P870893,12/11/2024 12:22,Normal,nff_issues,,Wait for data timeout,641,,TRUE,FALSE,off,150,43.03,52,20,CtrlGainStateWait=starting,44042,,,,FALSE,FALSE,,ext-bb-data-missing,40,,,,,,0,-850,,,,,,,20,102,29898,,ns=stopped,56,,,,,,FALSE,1973,Normal
1322,Radio 2271 B1,E55P870893,12/11/2024 12:22,Normal,nff_issues,,Wait for data timeout,469,,TRUE,FALSE,off,150,43.03,51.7,4,CtrlGainStateWait=starting,44078,,,,FALSE,FALSE,,ext-bb-data-missing,40,,,,,,0,-850,,,,,,,20,103,29957,,ns=stopped,56,,,,,,FALSE,1976,Normal
1323,Radio 2271 B1,E55P870893,12/11/2024 12:23,Normal,nff_issues,,Wait for data timeout,553,,TRUE,FALSE,off,149,43.03,51.4,5,CtrlGainStateWait=starting,43902,,,,FALSE,FALSE,,ext-bb-data-missing,40,,,,,,0,-850,,,,,,,20,102,29898,,ns=stopped,56,,,,,,FALSE,1976,Normal
1324,Radio 2271 B1,E55P870893,12/13/2024 23:33,Normal,nff_issues,,Wait for data timeout,623,,TRUE,FALSE,off,151,43.03,36.7,14,CtrlGainStateWait=starting,44007,,,,FALSE,FALSE,,ext-bb-data-missing,40,,,,,,0,-850,,,,,,,20,103,29917,,ns=stopped,56,,,,,,FALSE,1973,Normal
1325,Radio 2271 B1,E55P870893,12/13/2024 23:33,Normal,nff_issues,,Wait for data timeout,448,,TRUE,FALSE,off,113,43.03,36.8,9,CtrlGainStateWait=starting,43997.5,,,,FALSE,FALSE,,ext-bb-data-missing,40,,,,,,0,-850,,,,,,,20,76.5,29951,,ns=stopped,56,,,,,,FALSE,1976,Normal
1326,Radio 2271 B1,E55P870893,12/17/2024 4:54,Normal,nff_issues,,Wait for data timeout,666,,TRUE,FALSE,off,150,43.03,37.2,10,CtrlGainStateWait=starting,43921,,,,FALSE,FALSE,,ext-bb-data-missing,40,,,,,,0,-850,,,,,,,20,101,29906,,ns=stopped,56,,,,,,FALSE,1973,Normal
1327,Radio 2271 B1,E55P870893,12/17/2024 4:55,Normal,nff_issues,,Wait for data timeout,486.5,,TRUE,FALSE,off,111,43.03,37.2,8,CtrlGainStateWait=starting,43945,,,,FALSE,FALSE,,ext-bb-data-missing,40,,,,,,0,-850,,,,,,,20,75,29950.5,,ns=stopped,56,,,,,,FALSE,1976,Normal
1328,Radio 2271 B1,E55P870893,12/17/2024 6:12,Normal,nff_issues,,Wait for data timeout,672,,TRUE,FALSE,off,149,43.03,38.3,11,CtrlGainStateWait=starting,44007,,,,FALSE,FALSE,,ext-bb-data-missing,40,,,,,,0,-850,,,,,,,20,100,29906,,ns=stopped,56,,,,,,FALSE,1973,Normal
1329,Radio 2271 B1,E55P870893,12/17/2024 6:12,Normal,nff_issues,,Wait for data timeout,487,,TRUE,FALSE,off,111.5,43.03,38.4,8,CtrlGainStateWait=starting,43929,,,,FALSE,FALSE,,ext-bb-data-missing,40,,,,,,0,-850,,,,,,,20,75.5,29896,,ns=stopped,56,,,,,,FALSE,1976,Normal
1330,Radio 2271 B1,E55P870893,12/17/2024 6:13,Normal,nff_issues,,Wait for data timeout,701,,TRUE,FALSE,off,149,43.03,38,15,CtrlGainStateWait=starting,44058,,,,FALSE,FALSE,,ext-bb-data-missing,40,,,,,,0,-850,,,,,,,20,99,29945,,ns=stopped,56,,,,,,FALSE,1973,Normal
1331,Radio 2271 B1,E55P870893,12/17/2024 6:13,Normal,nff_issues,,Wait for data timeout,576,,TRUE,FALSE,off,148,43.03,37.6,4,CtrlGainStateWait=starting,43921,,,,FALSE,FALSE,,ext-bb-data-missing,40,,,,,,0,-850,,,,,,,20,102,29917,,ns=stopped,56,,,,,,FALSE,1976,Normal
1332,Radio 2271 B1,E55P870893,12/17/2024 6:13,Normal,nff_issues,,Wait for data timeout,606,,TRUE,FALSE,off,148,43.03,37.5,5,CtrlGainStateWait=starting,43988,,,,FALSE,FALSE,,ext-bb-data-missing,40,,,,,,0,-850,,,,,,,20,100,29855,,ns=stopped,56,,,,,,FALSE,1976,Normal
1333,Radio 2271 B1,E55P870893,12/17/2024 22:48,Normal,nff_issues,,Wait for data timeout,275,,TRUE,FALSE,off,154,43.03,22.9,14,CtrlGainStateWait=starting,44007,,,,FALSE,FALSE,,ext-bb-data-missing,40,,,,,,0,-850,,,,,,,20,105,29855,,ns=stopped,56,,,,,,FALSE,1973,Normal
1334,Radio 2271 B1,E55P870893,12/17/2024 22:48,Normal,nff_issues,,Wait for data timeout,348.5,,TRUE,FALSE,off,112.5,43.03,23.4,9.5,CtrlGainStateWait=starting,43939,,,,FALSE,FALSE,,ext-bb-data-missing,40,,,,,,0,-850,,,,,,,20,77,29902,,ns=stopped,56,,,,,,FALSE,1973,Normal
1335,Radio 2271 B1,E55P870893,12/17/2024 22:48,Normal,nff_issues,,Wait for data timeout,348.5,,TRUE,FALSE,off,112.5,43.03,23.4,9.5,CtrlGainStateWait=starting,43939,,,,FALSE,FALSE,,ext-bb-data-missing,40,,,,,,0,-850,,,,,,,20,77,29902,,ns=stopped,56,,,,,,FALSE,1976,Normal
1336,Radio 2271 B1,E55P870893,12/17/2024 22:49,Normal,nff_issues,,Wait for data timeout,362,,TRUE,FALSE,off,113,43.03,23.6,7,CtrlGainStateWait=starting,43999.5,,,,FALSE,FALSE,,ext-bb-data-missing,40,,,,,,0,-850,,,,,,,20,78,29886,,ns=stopped,56,,,,,,FALSE,1973,Normal
1337,Radio 2271 B1,E55P870893,12/18/2024 19:50,Normal,nff_issues,,Wait for data timeout,293,,TRUE,FALSE,off,153,43.03,29.7,14,CtrlGainStateWait=starting,44042,,,,FALSE,FALSE,,ext-bb-data-missing,40,,,,,,0,-850,,,,,,,20,105,29945,,ns=stopped,56,,,,,,FALSE,1973,Normal
1338,Radio 2271 B1,E55P870893,12/18/2024 19:50,Normal,nff_issues,,Wait for data timeout,347.5,,TRUE,FALSE,off,113,43.03,30.1,8.5,CtrlGainStateWait=starting,43939,,,,FALSE,FALSE,,ext-bb-data-missing,40,,,,,,0,-850,,,,,,,20,77,29892,,ns=stopped,56,,,,,,FALSE,1976,Normal
1339,Radio 2271 B1,E55P870893,12/19/2024 9:43,Normal,nff_issues,,Wait for data timeout,326,,TRUE,FALSE,off,153,43.03,33.7,14,CtrlGainStateWait=starting,43867,,,,FALSE,FALSE,,ext-bb-data-missing,40,,,,,,0,-850,,,,,,,20,105,29898,,ns=stopped,56,,,,,,FALSE,1973,Normal
1340,Radio 2271 B1,E55P870893,12/19/2024 9:43,Normal,nff_issues,,Wait for data timeout,354,,TRUE,FALSE,off,113.5,43.03,34.1,8.5,CtrlGainStateWait=starting,43989.5,,,,FALSE,FALSE,,ext-bb-data-missing,40,,,,,,0,-850,,,,,,,20,77.5,29941,,ns=stopped,56,,,,,,FALSE,1976,Normal
1341,Radio 2271 B1,E55P870893,12/10/2024 17:45,Normal,nff_issues,,Wait for data timeout,642,,TRUE,FALSE,off,150,43.03,40.7,12,CtrlGainStateWait=starting,44007,,,,FALSE,FALSE,,ext-bb-data-missing,40,,,,,,0,-850,,,,,,,20,101,29976,,ns=stopped,56,,,,,,FALSE,1973,Normal
1342,Radio 2271 B1,E55P870893,12/10/2024 17:46,Normal,nff_issues,,Wait for data timeout,463,,TRUE,FALSE,off,111.5,43.03,40.8,9.5,CtrlGainStateWait=starting,43989.5,,,,FALSE,FALSE,,ext-bb-data-missing,40,,,,,,0,-850,,,,,,,20,76,29911.5,,ns=stopped,56,,,,,,FALSE,1973,Normal
1343,Radio 2271 B1,E55P870893,12/10/2024 17:46,Normal,nff_issues,,Wait for data timeout,463,,TRUE,FALSE,off,111.5,43.03,40.8,9.5,CtrlGainStateWait=starting,43989.5,,,,FALSE,FALSE,,ext-bb-data-missing,40,,,,,,0,-850,,,,,,,20,76,29911.5,,ns=stopped,56,,,,,,FALSE,1976,Normal
1344,Radio 2271 B1,E55P870893,12/11/2024 12:21,Normal,nff_issues,,Wait for data timeout,594,,TRUE,FALSE,off,151,43.03,52.2,13,CtrlGainStateWait=starting,44007,,,,FALSE,FALSE,,ext-bb-data-missing,40,,,,,,0,-850,,,,,,,20,103,29945,,ns=stopped,56,,,,,,FALSE,1973,Normal
1345,Radio 2271 B1,E55P870893,12/11/2024 12:22,Normal,nff_issues,,Wait for data timeout,415,,TRUE,FALSE,off,112,43.03,52.3,10.5,CtrlGainStateWait=starting,43980,,,,FALSE,FALSE,,ext-bb-data-missing,40,,,,,,0,-850,,,,,,,20,76.5,29917,,ns=stopped,56,,,,,,FALSE,1976,Normal
1346,Radio 2271 B1,E55P870893,12/11/2024 12:22,Normal,nff_issues,,Wait for data timeout,641,,TRUE,FALSE,off,150,43.03,52,20,CtrlGainStateWait=starting,44042,,,,FALSE,FALSE,,ext-bb-data-missing,40,,,,,,0,-850,,,,,,,20,102,29898,,ns=stopped,56,,,,,,FALSE,1973,Normal
1347,Radio 2271 B1,E55P870893,12/11/2024 12:22,Normal,nff_issues,,Wait for data timeout,469,,TRUE,FALSE,off,150,43.03,51.7,4,CtrlGainStateWait=starting,44078,,,,FALSE,FALSE,,ext-bb-data-missing,40,,,,,,0,-850,,,,,,,20,103,29957,,ns=stopped,56,,,,,,FALSE,1976,Normal
1348,Radio 2271 B1,E55P870893,12/11/2024 12:23,Normal,nff_issues,,Wait for data timeout,553,,TRUE,FALSE,off,149,43.03,51.4,5,CtrlGainStateWait=starting,43902,,,,FALSE,FALSE,,ext-bb-data-missing,40,,,,,,0,-850,,,,,,,20,102,29898,,ns=stopped,56,,,,,,FALSE,1976,Normal
1349,Radio 2271 B1,E55P870893,12/13/2024 23:33,Normal,nff_issues,,Wait for data timeout,623,,TRUE,FALSE,off,151,43.03,36.7,14,CtrlGainStateWait=starting,44007,,,,FALSE,FALSE,,ext-bb-data-missing,40,,,,,,0,-850,,,,,,,20,103,29917,,ns=stopped,56,,,,,,FALSE,1973,Normal
1350,Radio 2271 B1,E55P870893,12/13/2024 23:33,Normal,nff_issues,,Wait for data timeout,448,,TRUE,FALSE,off,113,43.03,36.8,9,CtrlGainStateWait=starting,43997.5,,,,FALSE,FALSE,,ext-bb-data-missing,40,,,,,,0,-850,,,,,,,20,76.5,29951,,ns=stopped,56,,,,,,FALSE,1976,Normal
1351,Radio 2271 B1,E55P870893,12/17/2024 4:54,Normal,nff_issues,,Wait for data timeout,666,,TRUE,FALSE,off,150,43.03,37.2,10,CtrlGainStateWait=starting,43921,,,,FALSE,FALSE,,ext-bb-data-missing,40,,,,,,0,-850,,,,,,,20,101,29906,,ns=stopped,56,,,,,,FALSE,1973,Normal
1352,Radio 2271 B1,E55P870893,12/17/2024 4:55,Normal,nff_issues,,Wait for data timeout,486.5,,TRUE,FALSE,off,111,43.03,37.2,8,CtrlGainStateWait=starting,43945,,,,FALSE,FALSE,,ext-bb-data-missing,40,,,,,,0,-850,,,,,,,20,75,29950.5,,ns=stopped,56,,,,,,FALSE,1976,Normal
1353,Radio 2271 B1,E55P870893,12/17/2024 6:12,Normal,nff_issues,,Wait for data timeout,672,,TRUE,FALSE,off,149,43.03,38.3,11,CtrlGainStateWait=starting,44007,,,,FALSE,FALSE,,ext-bb-data-missing,40,,,,,,0,-850,,,,,,,20,100,29906,,ns=stopped,56,,,,,,FALSE,1973,Normal
1354,Radio 2271 B1,E55P870893,12/17/2024 6:12,Normal,nff_issues,,Wait for data timeout,487,,TRUE,FALSE,off,111.5,43.03,38.4,8,CtrlGainStateWait=starting,43929,,,,FALSE,FALSE,,ext-bb-data-missing,40,,,,,,0,-850,,,,,,,20,75.5,29896,,ns=stopped,56,,,,,,FALSE,1976,Normal
1355,Radio 2271 B1,E55P870893,12/17/2024 6:13,Normal,nff_issues,,Wait for data timeout,701,,TRUE,FALSE,off,149,43.03,38,15,CtrlGainStateWait=starting,44058,,,,FALSE,FALSE,,ext-bb-data-missing,40,,,,,,0,-850,,,,,,,20,99,29945,,ns=stopped,56,,,,,,FALSE,1973,Normal
1356,Radio 2271 B1,E55P870893,12/17/2024 6:13,Normal,nff_issues,,Wait for data timeout,576,,TRUE,FALSE,off,148,43.03,37.6,4,CtrlGainStateWait=starting,43921,,,,FALSE,FALSE,,ext-bb-data-missing,40,,,,,,0,-850,,,,,,,20,102,29917,,ns=stopped,56,,,,,,FALSE,1976,Normal
1357,Radio 2271 B1,E55P870893,12/17/2024 6:13,Normal,nff_issues,,Wait for data timeout,606,,TRUE,FALSE,off,148,43.03,37.5,5,CtrlGainStateWait=starting,43988,,,,FALSE,FALSE,,ext-bb-data-missing,40,,,,,,0,-850,,,,,,,20,100,29855,,ns=stopped,56,,,,,,FALSE,1976,Normal
1358,Radio 2271 B1,E55P870893,12/17/2024 22:48,Normal,nff_issues,,Wait for data timeout,275,,TRUE,FALSE,off,154,43.03,22.9,14,CtrlGainStateWait=starting,44007,,,,FALSE,FALSE,,ext-bb-data-missing,40,,,,,,0,-850,,,,,,,20,105,29855,,ns=stopped,56,,,,,,FALSE,1973,Normal
1359,Radio 2271 B1,E55P870893,12/17/2024 22:48,Normal,nff_issues,,Wait for data timeout,348.5,,TRUE,FALSE,off,112.5,43.03,23.4,9.5,CtrlGainStateWait=starting,43939,,,,FALSE,FALSE,,ext-bb-data-missing,40,,,,,,0,-850,,,,,,,20,77,29902,,ns=stopped,56,,,,,,FALSE,1973,Normal
1360,Radio 2271 B1,E55P870893,12/17/2024 22:48,Normal,nff_issues,,Wait for data timeout,348.5,,TRUE,FALSE,off,112.5,43.03,23.4,9.5,CtrlGainStateWait=starting,43939,,,,FALSE,FALSE,,ext-bb-data-missing,40,,,,,,0,-850,,,,,,,20,77,29902,,ns=stopped,56,,,,,,FALSE,1976,Normal
1361,Radio 2271 B1,E55P870893,12/17/2024 22:49,Normal,nff_issues,,Wait for data timeout,362,,TRUE,FALSE,off,113,43.03,23.6,7,CtrlGainStateWait=starting,43999.5,,,,FALSE,FALSE,,ext-bb-data-missing,40,,,,,,0,-850,,,,,,,20,78,29886,,ns=stopped,56,,,,,,FALSE,1973,Normal
1362,Radio 2271 B1,E55P870893,12/18/2024 19:50,Normal,nff_issues,,Wait for data timeout,293,,TRUE,FALSE,off,153,43.03,29.7,14,CtrlGainStateWait=starting,44042,,,,FALSE,FALSE,,ext-bb-data-missing,40,,,,,,0,-850,,,,,,,20,105,29945,,ns=stopped,56,,,,,,FALSE,1973,Normal
1363,Radio 2271 B1,E55P870893,12/18/2024 19:50,Normal,nff_issues,,Wait for data timeout,347.5,,TRUE,FALSE,off,113,43.03,30.1,8.5,CtrlGainStateWait=starting,43939,,,,FALSE,FALSE,,ext-bb-data-missing,40,,,,,,0,-850,,,,,,,20,77,29892,,ns=stopped,56,,,,,,FALSE,1976,Normal
1364,Radio 2271 B1,E55P870893,12/19/2024 9:43,Normal,nff_issues,,Wait for data timeout,326,,TRUE,FALSE,off,153,43.03,33.7,14,CtrlGainStateWait=starting,43867,,,,FALSE,FALSE,,ext-bb-data-missing,40,,,,,,0,-850,,,,,,,20,105,29898,,ns=stopped,56,,,,,,FALSE,1973,Normal
1365,Radio 2271 B1,E55P870893,12/19/2024 9:43,Normal,nff_issues,,Wait for data timeout,354,,TRUE,FALSE,off,113.5,43.03,34.1,8.5,CtrlGainStateWait=starting,43989.5,,,,FALSE,FALSE,,ext-bb-data-missing,40,,,,,,0,-850,,,,,,,20,77.5,29941,,ns=stopped,56,,,,,,FALSE,1976,Normal
1366,Radio 2271 B1,E55P870893,12/19/2024 22:08,Normal,nff_issues,,Wait for data timeout,651.5,,TRUE,FALSE,off,148,47.24,34.6,5.5,CtrlGainStateWait=starting,47981.5,,,,FALSE,FALSE,,ext-bb-data-missing,40,,,,,,0,-850,,,,,,,40,102,29905.5,,ns=stopped,56,,,,,,FALSE,1973,Normal
1367,Radio 2271 B1,E55P870893,12/19/2024 22:08,Normal,nff_issues,,Wait for data timeout,658.5,,TRUE,FALSE,off,147.5,47.24,34.5,8,CtrlGainStateWait=starting,47868.5,,,,FALSE,FALSE,,ext-bb-data-missing,40,,,,,,0,-850,,,,,,,40,101,29917,,ns=stopped,56,,,,,,FALSE,1976,Normal
1368,Radio 2271 B1,E55P870893,12/19/2024 22:08,Normal,nff_issues,,Wait for data timeout,658.5,,TRUE,FALSE,off,147.5,47.24,34.5,8,CtrlGainStateWait=starting,47851,,,,FALSE,FALSE,,ext-bb-data-missing,40,,,,,,0,-850,,,,,,,40,101,29917,,ns=stopped,56,,,,,,FALSE,1973,Normal
1369,Radio 2271 B1,E55P870893,12/23/2024 5:09,Normal,nff_issues,,Wait for data timeout,641,,TRUE,FALSE,off,150,43.03,41.5,11,CtrlGainStateWait=starting,43937,,,,FALSE,FALSE,,ext-bb-data-missing,40,,,,,,0,-850,,,,,,,20,101,29886,,ns=stopped,56,,,,,,FALSE,1973,Normal
1370,Radio 2271 B1,E55P870893,12/23/2024 5:09,Normal,nff_issues,,Wait for data timeout,458.5,,TRUE,FALSE,off,111.5,43.03,41.6,8,CtrlGainStateWait=starting,44060,,,,FALSE,FALSE,,ext-bb-data-missing,40,,,,,,0,-850,,,,,,,20,75.5,29892,,ns=stopped,56,,,,,,FALSE,1973,Normal
1371,Radio 2271 B1,E55P870893,12/23/2024 5:09,Normal,nff_issues,,Wait for data timeout,458.5,,TRUE,FALSE,off,111.5,43.03,41.6,8,CtrlGainStateWait=starting,44060,,,,FALSE,FALSE,,ext-bb-data-missing,40,,,,,,0,-850,,,,,,,20,75.5,29892,,ns=stopped,56,,,,,,FALSE,1976,Normal
1372,Radio 2271 B1,E55P870893,12/24/2024 19:54,Normal,nff_issues,,Wait for data timeout,636,,TRUE,FALSE,off,151,43.03,47.6,11,CtrlGainStateWait=starting,43867,,,,FALSE,FALSE,,ext-bb-data-missing,40,,,,,,0,-850,,,,,,,20,102,29898,,ns=stopped,56,,,,,,FALSE,1973,Normal
1373,Radio 2271 B1,E55P870893,12/24/2024 19:55,Normal,nff_issues,,Wait for data timeout,448,,TRUE,FALSE,off,112.5,43.03,47.7,8,CtrlGainStateWait=starting,43954.5,,,,FALSE,FALSE,,ext-bb-data-missing,40,,,,,,0,-850,,,,,,,20,76,29896,,ns=stopped,56,,,,,,FALSE,1976,Normal
1374,Radio 2271 B1,E55P870893,12/10/2024 17:45,Normal,nff_issues,,Wait for data timeout,642,,TRUE,FALSE,off,150,43.03,40.7,12,CtrlGainStateWait=starting,44007,,,,FALSE,FALSE,,ext-bb-data-missing,40,,,,,,0,-850,,,,,,,20,101,29976,,ns=stopped,56,,,,,,FALSE,1973,Normal
1375,Radio 2271 B1,E55P870893,12/10/2024 17:46,Normal,nff_issues,,Wait for data timeout,463,,TRUE,FALSE,off,111.5,43.03,40.8,9.5,CtrlGainStateWait=starting,43989.5,,,,FALSE,FALSE,,ext-bb-data-missing,40,,,,,,0,-850,,,,,,,20,76,29911.5,,ns=stopped,56,,,,,,FALSE,1973,Normal
1376,Radio 2271 B1,E55P870893,12/10/2024 17:46,Normal,nff_issues,,Wait for data timeout,463,,TRUE,FALSE,off,111.5,43.03,40.8,9.5,CtrlGainStateWait=starting,43989.5,,,,FALSE,FALSE,,ext-bb-data-missing,40,,,,,,0,-850,,,,,,,20,76,29911.5,,ns=stopped,56,,,,,,FALSE,1976,Normal
1377,Radio 2271 B1,E55P870893,12/11/2024 12:21,Normal,nff_issues,,Wait for data timeout,594,,TRUE,FALSE,off,151,43.03,52.2,13,CtrlGainStateWait=starting,44007,,,,FALSE,FALSE,,ext-bb-data-missing,40,,,,,,0,-850,,,,,,,20,103,29945,,ns=stopped,56,,,,,,FALSE,1973,Normal
1378,Radio 2271 B1,E55P870893,12/11/2024 12:22,Normal,nff_issues,,Wait for data timeout,415,,TRUE,FALSE,off,112,43.03,52.3,10.5,CtrlGainStateWait=starting,43980,,,,FALSE,FALSE,,ext-bb-data-missing,40,,,,,,0,-850,,,,,,,20,76.5,29917,,ns=stopped,56,,,,,,FALSE,1976,Normal
1379,Radio 2271 B1,E55P870893,12/11/2024 12:22,Normal,nff_issues,,Wait for data timeout,641,,TRUE,FALSE,off,150,43.03,52,20,CtrlGainStateWait=starting,44042,,,,FALSE,FALSE,,ext-bb-data-missing,40,,,,,,0,-850,,,,,,,20,102,29898,,ns=stopped,56,,,,,,FALSE,1973,Normal
1380,Radio 2271 B1,E55P870893,12/11/2024 12:22,Normal,nff_issues,,Wait for data timeout,469,,TRUE,FALSE,off,150,43.03,51.7,4,CtrlGainStateWait=starting,44078,,,,FALSE,FALSE,,ext-bb-data-missing,40,,,,,,0,-850,,,,,,,20,103,29957,,ns=stopped,56,,,,,,FALSE,1976,Normal
1381,Radio 2271 B1,E55P870893,12/11/2024 12:23,Normal,nff_issues,,Wait for data timeout,553,,TRUE,FALSE,off,149,43.03,51.4,5,CtrlGainStateWait=starting,43902,,,,FALSE,FALSE,,ext-bb-data-missing,40,,,,,,0,-850,,,,,,,20,102,29898,,ns=stopped,56,,,,,,FALSE,1976,Normal
1382,Radio 2271 B1,E55P870893,12/13/2024 23:33,Normal,nff_issues,,Wait for data timeout,623,,TRUE,FALSE,off,151,43.03,36.7,14,CtrlGainStateWait=starting,44007,,,,FALSE,FALSE,,ext-bb-data-missing,40,,,,,,0,-850,,,,,,,20,103,29917,,ns=stopped,56,,,,,,FALSE,1973,Normal
1383,Radio 2271 B1,E55P870893,12/13/2024 23:33,Normal,nff_issues,,Wait for data timeout,448,,TRUE,FALSE,off,113,43.03,36.8,9,CtrlGainStateWait=starting,43997.5,,,,FALSE,FALSE,,ext-bb-data-missing,40,,,,,,0,-850,,,,,,,20,76.5,29951,,ns=stopped,56,,,,,,FALSE,1976,Normal
1384,Radio 2271 B1,E55P870893,12/17/2024 4:54,Normal,nff_issues,,Wait for data timeout,666,,TRUE,FALSE,off,150,43.03,37.2,10,CtrlGainStateWait=starting,43921,,,,FALSE,FALSE,,ext-bb-data-missing,40,,,,,,0,-850,,,,,,,20,101,29906,,ns=stopped,56,,,,,,FALSE,1973,Normal
1385,Radio 2271 B1,E55P870893,12/17/2024 4:55,Normal,nff_issues,,Wait for data timeout,486.5,,TRUE,FALSE,off,111,43.03,37.2,8,CtrlGainStateWait=starting,43945,,,,FALSE,FALSE,,ext-bb-data-missing,40,,,,,,0,-850,,,,,,,20,75,29950.5,,ns=stopped,56,,,,,,FALSE,1976,Normal
1386,Radio 2271 B1,E55P870893,12/17/2024 6:12,Normal,nff_issues,,Wait for data timeout,672,,TRUE,FALSE,off,149,43.03,38.3,11,CtrlGainStateWait=starting,44007,,,,FALSE,FALSE,,ext-bb-data-missing,40,,,,,,0,-850,,,,,,,20,100,29906,,ns=stopped,56,,,,,,FALSE,1973,Normal
1387,Radio 2271 B1,E55P870893,12/17/2024 6:12,Normal,nff_issues,,Wait for data timeout,487,,TRUE,FALSE,off,111.5,43.03,38.4,8,CtrlGainStateWait=starting,43929,,,,FALSE,FALSE,,ext-bb-data-missing,40,,,,,,0,-850,,,,,,,20,75.5,29896,,ns=stopped,56,,,,,,FALSE,1976,Normal
1388,Radio 2271 B1,E55P870893,12/17/2024 6:13,Normal,nff_issues,,Wait for data timeout,701,,TRUE,FALSE,off,149,43.03,38,15,CtrlGainStateWait=starting,44058,,,,FALSE,FALSE,,ext-bb-data-missing,40,,,,,,0,-850,,,,,,,20,99,29945,,ns=stopped,56,,,,,,FALSE,1973,Normal
1389,Radio 2271 B1,E55P870893,12/17/2024 6:13,Normal,nff_issues,,Wait for data timeout,576,,TRUE,FALSE,off,148,43.03,37.6,4,CtrlGainStateWait=starting,43921,,,,FALSE,FALSE,,ext-bb-data-missing,40,,,,,,0,-850,,,,,,,20,102,29917,,ns=stopped,56,,,,,,FALSE,1976,Normal
1390,Radio 2271 B1,E55P870893,12/17/2024 6:13,Normal,nff_issues,,Wait for data timeout,606,,TRUE,FALSE,off,148,43.03,37.5,5,CtrlGainStateWait=starting,43988,,,,FALSE,FALSE,,ext-bb-data-missing,40,,,,,,0,-850,,,,,,,20,100,29855,,ns=stopped,56,,,,,,FALSE,1976,Normal
1391,Radio 2271 B1,E55P870893,12/17/2024 22:48,Normal,nff_issues,,Wait for data timeout,275,,TRUE,FALSE,off,154,43.03,22.9,14,CtrlGainStateWait=starting,44007,,,,FALSE,FALSE,,ext-bb-data-missing,40,,,,,,0,-850,,,,,,,20,105,29855,,ns=stopped,56,,,,,,FALSE,1973,Normal
1392,Radio 2271 B1,E55P870893,12/17/2024 22:48,Normal,nff_issues,,Wait for data timeout,348.5,,TRUE,FALSE,off,112.5,43.03,23.4,9.5,CtrlGainStateWait=starting,43939,,,,FALSE,FALSE,,ext-bb-data-missing,40,,,,,,0,-850,,,,,,,20,77,29902,,ns=stopped,56,,,,,,FALSE,1973,Normal
1393,Radio 2271 B1,E55P870893,12/17/2024 22:48,Normal,nff_issues,,Wait for data timeout,348.5,,TRUE,FALSE,off,112.5,43.03,23.4,9.5,CtrlGainStateWait=starting,43939,,,,FALSE,FALSE,,ext-bb-data-missing,40,,,,,,0,-850,,,,,,,20,77,29902,,ns=stopped,56,,,,,,FALSE,1976,Normal
1394,Radio 2271 B1,E55P870893,12/17/2024 22:49,Normal,nff_issues,,Wait for data timeout,362,,TRUE,FALSE,off,113,43.03,23.6,7,CtrlGainStateWait=starting,43999.5,,,,FALSE,FALSE,,ext-bb-data-missing,40,,,,,,0,-850,,,,,,,20,78,29886,,ns=stopped,56,,,,,,FALSE,1973,Normal
1395,Radio 2271 B1,E55P870893,12/18/2024 19:50,Normal,nff_issues,,Wait for data timeout,293,,TRUE,FALSE,off,153,43.03,29.7,14,CtrlGainStateWait=starting,44042,,,,FALSE,FALSE,,ext-bb-data-missing,40,,,,,,0,-850,,,,,,,20,105,29945,,ns=stopped,56,,,,,,FALSE,1973,Normal
1396,Radio 2271 B1,E55P870893,12/18/2024 19:50,Normal,nff_issues,,Wait for data timeout,347.5,,TRUE,FALSE,off,113,43.03,30.1,8.5,CtrlGainStateWait=starting,43939,,,,FALSE,FALSE,,ext-bb-data-missing,40,,,,,,0,-850,,,,,,,20,77,29892,,ns=stopped,56,,,,,,FALSE,1976,Normal
1397,Radio 2271 B1,E55P870893,12/19/2024 9:43,Normal,nff_issues,,Wait for data timeout,326,,TRUE,FALSE,off,153,43.03,33.7,14,CtrlGainStateWait=starting,43867,,,,FALSE,FALSE,,ext-bb-data-missing,40,,,,,,0,-850,,,,,,,20,105,29898,,ns=stopped,56,,,,,,FALSE,1973,Normal
1398,Radio 2271 B1,E55P870893,12/19/2024 9:43,Normal,nff_issues,,Wait for data timeout,354,,TRUE,FALSE,off,113.5,43.03,34.1,8.5,CtrlGainStateWait=starting,43989.5,,,,FALSE,FALSE,,ext-bb-data-missing,40,,,,,,0,-850,,,,,,,20,77.5,29941,,ns=stopped,56,,,,,,FALSE,1976,Normal
1399,Radio 2271 B1,E55P870893,12/19/2024 22:08,Normal,nff_issues,,Wait for data timeout,651.5,,TRUE,FALSE,off,148,47.24,34.6,5.5,CtrlGainStateWait=starting,47981.5,,,,FALSE,FALSE,,ext-bb-data-missing,40,,,,,,0,-850,,,,,,,40,102,29905.5,,ns=stopped,56,,,,,,FALSE,1973,Normal
1400,Radio 2271 B1,E55P870893,12/19/2024 22:08,Normal,nff_issues,,Wait for data timeout,658.5,,TRUE,FALSE,off,147.5,47.24,34.5,8,CtrlGainStateWait=starting,47868.5,,,,FALSE,FALSE,,ext-bb-data-missing,40,,,,,,0,-850,,,,,,,40,101,29917,,ns=stopped,56,,,,,,FALSE,1976,Normal
1401,Radio 2271 B1,E55P870893,12/19/2024 22:08,Normal,nff_issues,,Wait for data timeout,658.5,,TRUE,FALSE,off,147.5,47.24,34.5,8,CtrlGainStateWait=starting,47851,,,,FALSE,FALSE,,ext-bb-data-missing,40,,,,,,0,-850,,,,,,,40,101,29917,,ns=stopped,56,,,,,,FALSE,1973,Normal
1402,Radio 2271 B1,E55P870893,12/23/2024 5:09,Normal,nff_issues,,Wait for data timeout,641,,TRUE,FALSE,off,150,43.03,41.5,11,CtrlGainStateWait=starting,43937,,,,FALSE,FALSE,,ext-bb-data-missing,40,,,,,,0,-850,,,,,,,20,101,29886,,ns=stopped,56,,,,,,FALSE,1973,Normal
1403,Radio 2271 B1,E55P870893,12/23/2024 5:09,Normal,nff_issues,,Wait for data timeout,458.5,,TRUE,FALSE,off,111.5,43.03,41.6,8,CtrlGainStateWait=starting,44060,,,,FALSE,FALSE,,ext-bb-data-missing,40,,,,,,0,-850,,,,,,,20,75.5,29892,,ns=stopped,56,,,,,,FALSE,1973,Normal
1404,Radio 2271 B1,E55P870893,12/23/2024 5:09,Normal,nff_issues,,Wait for data timeout,458.5,,TRUE,FALSE,off,111.5,43.03,41.6,8,CtrlGainStateWait=starting,44060,,,,FALSE,FALSE,,ext-bb-data-missing,40,,,,,,0,-850,,,,,,,20,75.5,29892,,ns=stopped,56,,,,,,FALSE,1976,Normal
1405,Radio 2271 B1,E55P870893,12/24/2024 19:54,Normal,nff_issues,,Wait for data timeout,636,,TRUE,FALSE,off,151,43.03,47.6,11,CtrlGainStateWait=starting,43867,,,,FALSE,FALSE,,ext-bb-data-missing,40,,,,,,0,-850,,,,,,,20,102,29898,,ns=stopped,56,,,,,,FALSE,1973,Normal
1406,Radio 2271 B1,E55P870893,12/24/2024 19:55,Normal,nff_issues,,Wait for data timeout,448,,TRUE,FALSE,off,112.5,43.03,47.7,8,CtrlGainStateWait=starting,43954.5,,,,FALSE,FALSE,,ext-bb-data-missing,40,,,,,,0,-850,,,,,,,20,76,29896,,ns=stopped,56,,,,,,FALSE,1976,Normal
1407,Radio 2271 B1,E55P870893,12/10/2024 17:45,Normal,nff_issues,,Wait for data timeout,642,,TRUE,FALSE,off,150,43.03,40.7,12,CtrlGainStateWait=starting,44007,,,,FALSE,FALSE,,ext-bb-data-missing,40,,,,,,0,-850,,,,,,,20,101,29976,,ns=stopped,56,,,,,,FALSE,1973,Normal
1408,Radio 2271 B1,E55P870893,12/10/2024 17:46,Normal,nff_issues,,Wait for data timeout,463,,TRUE,FALSE,off,111.5,43.03,40.8,9.5,CtrlGainStateWait=starting,43989.5,,,,FALSE,FALSE,,ext-bb-data-missing,40,,,,,,0,-850,,,,,,,20,76,29911.5,,ns=stopped,56,,,,,,FALSE,1973,Normal
1409,Radio 2271 B1,E55P870893,12/10/2024 17:46,Normal,nff_issues,,Wait for data timeout,463,,TRUE,FALSE,off,111.5,43.03,40.8,9.5,CtrlGainStateWait=starting,43989.5,,,,FALSE,FALSE,,ext-bb-data-missing,40,,,,,,0,-850,,,,,,,20,76,29911.5,,ns=stopped,56,,,,,,FALSE,1976,Normal
1410,Radio 2271 B1,E55P870893,12/11/2024 12:21,Normal,nff_issues,,Wait for data timeout,594,,TRUE,FALSE,off,151,43.03,52.2,13,CtrlGainStateWait=starting,44007,,,,FALSE,FALSE,,ext-bb-data-missing,40,,,,,,0,-850,,,,,,,20,103,29945,,ns=stopped,56,,,,,,FALSE,1973,Normal
1411,Radio 2271 B1,E55P870893,12/11/2024 12:22,Normal,nff_issues,,Wait for data timeout,415,,TRUE,FALSE,off,112,43.03,52.3,10.5,CtrlGainStateWait=starting,43980,,,,FALSE,FALSE,,ext-bb-data-missing,40,,,,,,0,-850,,,,,,,20,76.5,29917,,ns=stopped,56,,,,,,FALSE,1976,Normal
1412,Radio 2271 B1,E55P870893,12/11/2024 12:22,Normal,nff_issues,,Wait for data timeout,641,,TRUE,FALSE,off,150,43.03,52,20,CtrlGainStateWait=starting,44042,,,,FALSE,FALSE,,ext-bb-data-missing,40,,,,,,0,-850,,,,,,,20,102,29898,,ns=stopped,56,,,,,,FALSE,1973,Normal
1413,Radio 2271 B1,E55P870893,12/11/2024 12:22,Normal,nff_issues,,Wait for data timeout,469,,TRUE,FALSE,off,150,43.03,51.7,4,CtrlGainStateWait=starting,44078,,,,FALSE,FALSE,,ext-bb-data-missing,40,,,,,,0,-850,,,,,,,20,103,29957,,ns=stopped,56,,,,,,FALSE,1976,Normal
1414,Radio 2271 B1,E55P870893,12/11/2024 12:23,Normal,nff_issues,,Wait for data timeout,553,,TRUE,FALSE,off,149,43.03,51.4,5,CtrlGainStateWait=starting,43902,,,,FALSE,FALSE,,ext-bb-data-missing,40,,,,,,0,-850,,,,,,,20,102,29898,,ns=stopped,56,,,,,,FALSE,1976,Normal
1415,Radio 2271 B1,E55P870893,12/13/2024 23:33,Normal,nff_issues,,Wait for data timeout,623,,TRUE,FALSE,off,151,43.03,36.7,14,CtrlGainStateWait=starting,44007,,,,FALSE,FALSE,,ext-bb-data-missing,40,,,,,,0,-850,,,,,,,20,103,29917,,ns=stopped,56,,,,,,FALSE,1973,Normal
1416,Radio 2271 B1,E55P870893,12/13/2024 23:33,Normal,nff_issues,,Wait for data timeout,448,,TRUE,FALSE,off,113,43.03,36.8,9,CtrlGainStateWait=starting,43997.5,,,,FALSE,FALSE,,ext-bb-data-missing,40,,,,,,0,-850,,,,,,,20,76.5,29951,,ns=stopped,56,,,,,,FALSE,1976,Normal
1417,Radio 2271 B1,E55P870893,12/17/2024 4:54,Normal,nff_issues,,Wait for data timeout,666,,TRUE,FALSE,off,150,43.03,37.2,10,CtrlGainStateWait=starting,43921,,,,FALSE,FALSE,,ext-bb-data-missing,40,,,,,,0,-850,,,,,,,20,101,29906,,ns=stopped,56,,,,,,FALSE,1973,Normal
1418,Radio 2271 B1,E55P870893,12/17/2024 4:55,Normal,nff_issues,,Wait for data timeout,486.5,,TRUE,FALSE,off,111,43.03,37.2,8,CtrlGainStateWait=starting,43945,,,,FALSE,FALSE,,ext-bb-data-missing,40,,,,,,0,-850,,,,,,,20,75,29950.5,,ns=stopped,56,,,,,,FALSE,1976,Normal
1419,Radio 2271 B1,E55P870893,12/17/2024 6:12,Normal,nff_issues,,Wait for data timeout,672,,TRUE,FALSE,off,149,43.03,38.3,11,CtrlGainStateWait=starting,44007,,,,FALSE,FALSE,,ext-bb-data-missing,40,,,,,,0,-850,,,,,,,20,100,29906,,ns=stopped,56,,,,,,FALSE,1973,Normal
1420,Radio 2271 B1,E55P870893,12/17/2024 6:12,Normal,nff_issues,,Wait for data timeout,487,,TRUE,FALSE,off,111.5,43.03,38.4,8,CtrlGainStateWait=starting,43929,,,,FALSE,FALSE,,ext-bb-data-missing,40,,,,,,0,-850,,,,,,,20,75.5,29896,,ns=stopped,56,,,,,,FALSE,1976,Normal
1421,Radio 2271 B1,E55P870893,12/17/2024 6:13,Normal,nff_issues,,Wait for data timeout,701,,TRUE,FALSE,off,149,43.03,38,15,CtrlGainStateWait=starting,44058,,,,FALSE,FALSE,,ext-bb-data-missing,40,,,,,,0,-850,,,,,,,20,99,29945,,ns=stopped,56,,,,,,FALSE,1973,Normal
1422,Radio 2271 B1,E55P870893,12/17/2024 6:13,Normal,nff_issues,,Wait for data timeout,576,,TRUE,FALSE,off,148,43.03,37.6,4,CtrlGainStateWait=starting,43921,,,,FALSE,FALSE,,ext-bb-data-missing,40,,,,,,0,-850,,,,,,,20,102,29917,,ns=stopped,56,,,,,,FALSE,1976,Normal
1423,Radio 2271 B1,E55P870893,12/17/2024 6:13,Normal,nff_issues,,Wait for data timeout,606,,TRUE,FALSE,off,148,43.03,37.5,5,CtrlGainStateWait=starting,43988,,,,FALSE,FALSE,,ext-bb-data-missing,40,,,,,,0,-850,,,,,,,20,100,29855,,ns=stopped,56,,,,,,FALSE,1976,Normal
1424,Radio 2271 B1,E55P870893,12/17/2024 22:48,Normal,nff_issues,,Wait for data timeout,275,,TRUE,FALSE,off,154,43.03,22.9,14,CtrlGainStateWait=starting,44007,,,,FALSE,FALSE,,ext-bb-data-missing,40,,,,,,0,-850,,,,,,,20,105,29855,,ns=stopped,56,,,,,,FALSE,1973,Normal
1425,Radio 2271 B1,E55P870893,12/17/2024 22:48,Normal,nff_issues,,Wait for data timeout,348.5,,TRUE,FALSE,off,112.5,43.03,23.4,9.5,CtrlGainStateWait=starting,43939,,,,FALSE,FALSE,,ext-bb-data-missing,40,,,,,,0,-850,,,,,,,20,77,29902,,ns=stopped,56,,,,,,FALSE,1973,Normal
1426,Radio 2271 B1,E55P870893,12/17/2024 22:48,Normal,nff_issues,,Wait for data timeout,348.5,,TRUE,FALSE,off,112.5,43.03,23.4,9.5,CtrlGainStateWait=starting,43939,,,,FALSE,FALSE,,ext-bb-data-missing,40,,,,,,0,-850,,,,,,,20,77,29902,,ns=stopped,56,,,,,,FALSE,1976,Normal
1427,Radio 2271 B1,E55P870893,12/17/2024 22:49,Normal,nff_issues,,Wait for data timeout,362,,TRUE,FALSE,off,113,43.03,23.6,7,CtrlGainStateWait=starting,43999.5,,,,FALSE,FALSE,,ext-bb-data-missing,40,,,,,,0,-850,,,,,,,20,78,29886,,ns=stopped,56,,,,,,FALSE,1973,Normal
1428,Radio 2271 B1,E55P870893,12/18/2024 19:50,Normal,nff_issues,,Wait for data timeout,293,,TRUE,FALSE,off,153,43.03,29.7,14,CtrlGainStateWait=starting,44042,,,,FALSE,FALSE,,ext-bb-data-missing,40,,,,,,0,-850,,,,,,,20,105,29945,,ns=stopped,56,,,,,,FALSE,1973,Normal
1429,Radio 2271 B1,E55P870893,12/18/2024 19:50,Normal,nff_issues,,Wait for data timeout,347.5,,TRUE,FALSE,off,113,43.03,30.1,8.5,CtrlGainStateWait=starting,43939,,,,FALSE,FALSE,,ext-bb-data-missing,40,,,,,,0,-850,,,,,,,20,77,29892,,ns=stopped,56,,,,,,FALSE,1976,Normal
1430,Radio 2271 B1,E55P870893,12/19/2024 9:43,Normal,nff_issues,,Wait for data timeout,326,,TRUE,FALSE,off,153,43.03,33.7,14,CtrlGainStateWait=starting,43867,,,,FALSE,FALSE,,ext-bb-data-missing,40,,,,,,0,-850,,,,,,,20,105,29898,,ns=stopped,56,,,,,,FALSE,1973,Normal
1431,Radio 2271 B1,E55P870893,12/19/2024 9:43,Normal,nff_issues,,Wait for data timeout,354,,TRUE,FALSE,off,113.5,43.03,34.1,8.5,CtrlGainStateWait=starting,43989.5,,,,FALSE,FALSE,,ext-bb-data-missing,40,,,,,,0,-850,,,,,,,20,77.5,29941,,ns=stopped,56,,,,,,FALSE,1976,Normal
1432,Radio 2271 B1,E55P870893,12/19/2024 22:08,Normal,nff_issues,,Wait for data timeout,651.5,,TRUE,FALSE,off,148,47.24,34.6,5.5,CtrlGainStateWait=starting,47981.5,,,,FALSE,FALSE,,ext-bb-data-missing,40,,,,,,0,-850,,,,,,,40,102,29905.5,,ns=stopped,56,,,,,,FALSE,1973,Normal
1433,Radio 2271 B1,E55P870893,12/19/2024 22:08,Normal,nff_issues,,Wait for data timeout,658.5,,TRUE,FALSE,off,147.5,47.24,34.5,8,CtrlGainStateWait=starting,47868.5,,,,FALSE,FALSE,,ext-bb-data-missing,40,,,,,,0,-850,,,,,,,40,101,29917,,ns=stopped,56,,,,,,FALSE,1976,Normal
1434,Radio 2271 B1,E55P870893,12/19/2024 22:08,Normal,nff_issues,,Wait for data timeout,658.5,,TRUE,FALSE,off,147.5,47.24,34.5,8,CtrlGainStateWait=starting,47851,,,,FALSE,FALSE,,ext-bb-data-missing,40,,,,,,0,-850,,,,,,,40,101,29917,,ns=stopped,56,,,,,,FALSE,1973,Normal
1435,Radio 2271 B1,E55P870893,12/23/2024 5:09,Normal,nff_issues,,Wait for data timeout,641,,TRUE,FALSE,off,150,43.03,41.5,11,CtrlGainStateWait=starting,43937,,,,FALSE,FALSE,,ext-bb-data-missing,40,,,,,,0,-850,,,,,,,20,101,29886,,ns=stopped,56,,,,,,FALSE,1973,Normal
1436,Radio 2271 B1,E55P870893,12/23/2024 5:09,Normal,nff_issues,,Wait for data timeout,458.5,,TRUE,FALSE,off,111.5,43.03,41.6,8,CtrlGainStateWait=starting,44060,,,,FALSE,FALSE,,ext-bb-data-missing,40,,,,,,0,-850,,,,,,,20,75.5,29892,,ns=stopped,56,,,,,,FALSE,1973,Normal
1437,Radio 2271 B1,E55P870893,12/23/2024 5:09,Normal,nff_issues,,Wait for data timeout,458.5,,TRUE,FALSE,off,111.5,43.03,41.6,8,CtrlGainStateWait=starting,44060,,,,FALSE,FALSE,,ext-bb-data-missing,40,,,,,,0,-850,,,,,,,20,75.5,29892,,ns=stopped,56,,,,,,FALSE,1976,Normal
1438,Radio 2271 B1,E55P870893,12/24/2024 19:54,Normal,nff_issues,,Wait for data timeout,636,,TRUE,FALSE,off,151,43.03,47.6,11,CtrlGainStateWait=starting,43867,,,,FALSE,FALSE,,ext-bb-data-missing,40,,,,,,0,-850,,,,,,,20,102,29898,,ns=stopped,56,,,,,,FALSE,1973,Normal
1439,Radio 2271 B1,E55P870893,12/24/2024 19:55,Normal,nff_issues,,Wait for data timeout,448,,TRUE,FALSE,off,112.5,43.03,47.7,8,CtrlGainStateWait=starting,43954.5,,,,FALSE,FALSE,,ext-bb-data-missing,40,,,,,,0,-850,,,,,,,20,76,29896,,ns=stopped,56,,,,,,FALSE,1976,Normal
1440,Radio 2271 B1,E55P870893,1/6/2025 12:51,Normal,nff_issues,,Wait for data timeout,663,,TRUE,FALSE,off,151,43.03,38.1,10,CtrlGainStateWait=starting,43972,,,,FALSE,FALSE,,ext-bb-data-missing,40,,,,,,0,-850,,,,,,,20,101,29835,,ns=stopped,56,,,,,,FALSE,1973,Normal
1441,Radio 2271 B1,E55P870893,1/6/2025 12:51,Normal,nff_issues,,Wait for data timeout,596,,TRUE,FALSE,off,150,43.03,38.1,9,CtrlGainStateWait=starting,44085.5,,,,FALSE,FALSE,,ext-bb-data-missing,40,,,,,,0,-850,,,,,,,20,101.5,29882,,ns=stopped,56,,,,,,FALSE,1976,Normal
1442,Radio 2271 B1,E55P870893,1/9/2025 2:38,Normal,nff_issues,,Wait for data timeout,416,,TRUE,FALSE,off,155,43.03,22.9,14,CtrlGainStateWait=starting,44078,,,,FALSE,FALSE,,ext-bb-data-missing,40,,,,,,0,-850,,,,,,,20,105,29945,,ns=stopped,56,,,,,,FALSE,1973,Normal
1443,Radio 2271 B1,E55P870893,1/9/2025 2:38,Normal,nff_issues,,Wait for data timeout,374.5,,TRUE,FALSE,off,113,43.03,23.3,9,CtrlGainStateWait=starting,43937,,,,FALSE,FALSE,,ext-bb-data-missing,40,,,,,,0,-850,,,,,,,20,77,29896,,ns=stopped,56,,,,,,FALSE,1973,Normal
1444,Radio 2271 B1,E55P870893,1/9/2025 2:38,Normal,nff_issues,,Wait for data timeout,374.5,,TRUE,FALSE,off,113,43.03,23.3,9,CtrlGainStateWait=starting,43937,,,,FALSE,FALSE,,ext-bb-data-missing,40,,,,,,0,-850,,,,,,,20,77,29896,,ns=stopped,56,,,,,,FALSE,1976,Normal
1445,Radio 2271 B1,E55P870893,1/9/2025 20:28,Normal,nff_issues,,Wait for data timeout,676,,TRUE,FALSE,off,152,43.03,36.2,10,CtrlGainStateWait=starting,44058,,,,FALSE,FALSE,,ext-bb-data-missing,40,,,,,,0,-850,,,,,,,20,101,29855,,ns=stopped,56,,,,,,FALSE,1973,Normal
1446,Radio 2271 B1,E55P870893,1/9/2025 20:28,Normal,nff_issues,,Wait for data timeout,488.5,,TRUE,FALSE,off,113,43.03,36.3,7,CtrlGainStateWait=starting,44042,,,,FALSE,FALSE,,ext-bb-data-missing,40,,,,,,0,-850,,,,,,,20,75.5,29931,,ns=stopped,56,,,,,,FALSE,1976,Normal
1447,Radio 2271 B1,E55P870893,1/9/2025 20:28,Normal,nff_issues,,Wait for data timeout,720,,TRUE,FALSE,off,151,43.03,35.9,14,CtrlGainStateWait=starting,43988,,,,FALSE,FALSE,,ext-bb-data-missing,40,,,,,,0,-850,,,,,,,20,100,29867,,ns=stopped,56,,,,,,FALSE,1973,Normal
1448,Radio 2271 B1,E55P870893,1/9/2025 20:29,Normal,nff_issues,,Wait for data timeout,507,,TRUE,FALSE,off,150,43.03,34.6,3,CtrlGainStateWait=starting,44058,,,,FALSE,FALSE,,ext-bb-data-missing,40,,,,,,0,-850,,,,,,,20,104,29917,,ns=stopped,56,,,,,,FALSE,1976,Normal
1449,Radio 2271 B1,E55P870893,1/9/2025 20:30,Normal,nff_issues,,Wait for data timeout,601,,TRUE,FALSE,off,149,43.03,34.1,5,CtrlGainStateWait=starting,44023,,,,FALSE,FALSE,,ext-bb-data-missing,40,,,,,,0,-850,,,,,,,20,102,29906,,ns=stopped,56,,,,,,FALSE,1976,Normal
1450,Radio 2271 B1,E55P870893,12/10/2024 17:45,Normal,nff_issues,,Wait for data timeout,642,,TRUE,FALSE,off,150,43.03,40.7,12,CtrlGainStateWait=starting,44007,,,,FALSE,FALSE,,ext-bb-data-missing,40,,,,,,0,-850,,,,,,,20,101,29976,,ns=stopped,56,,,,,,FALSE,1973,Normal
1451,Radio 2271 B1,E55P870893,12/10/2024 17:46,Normal,nff_issues,,Wait for data timeout,463,,TRUE,FALSE,off,111.5,43.03,40.8,9.5,CtrlGainStateWait=starting,43989.5,,,,FALSE,FALSE,,ext-bb-data-missing,40,,,,,,0,-850,,,,,,,20,76,29911.5,,ns=stopped,56,,,,,,FALSE,1973,Normal
1452,Radio 2271 B1,E55P870893,12/10/2024 17:46,Normal,nff_issues,,Wait for data timeout,463,,TRUE,FALSE,off,111.5,43.03,40.8,9.5,CtrlGainStateWait=starting,43989.5,,,,FALSE,FALSE,,ext-bb-data-missing,40,,,,,,0,-850,,,,,,,20,76,29911.5,,ns=stopped,56,,,,,,FALSE,1976,Normal
1453,Radio 2271 B1,E55P870893,12/11/2024 12:21,Normal,nff_issues,,Wait for data timeout,594,,TRUE,FALSE,off,151,43.03,52.2,13,CtrlGainStateWait=starting,44007,,,,FALSE,FALSE,,ext-bb-data-missing,40,,,,,,0,-850,,,,,,,20,103,29945,,ns=stopped,56,,,,,,FALSE,1973,Normal
1454,Radio 2271 B1,E55P870893,12/11/2024 12:22,Normal,nff_issues,,Wait for data timeout,415,,TRUE,FALSE,off,112,43.03,52.3,10.5,CtrlGainStateWait=starting,43980,,,,FALSE,FALSE,,ext-bb-data-missing,40,,,,,,0,-850,,,,,,,20,76.5,29917,,ns=stopped,56,,,,,,FALSE,1976,Normal
1455,Radio 2271 B1,E55P870893,12/11/2024 12:22,Normal,nff_issues,,Wait for data timeout,641,,TRUE,FALSE,off,150,43.03,52,20,CtrlGainStateWait=starting,44042,,,,FALSE,FALSE,,ext-bb-data-missing,40,,,,,,0,-850,,,,,,,20,102,29898,,ns=stopped,56,,,,,,FALSE,1973,Normal
1456,Radio 2271 B1,E55P870893,12/11/2024 12:22,Normal,nff_issues,,Wait for data timeout,469,,TRUE,FALSE,off,150,43.03,51.7,4,CtrlGainStateWait=starting,44078,,,,FALSE,FALSE,,ext-bb-data-missing,40,,,,,,0,-850,,,,,,,20,103,29957,,ns=stopped,56,,,,,,FALSE,1976,Normal
1457,Radio 2271 B1,E55P870893,12/11/2024 12:23,Normal,nff_issues,,Wait for data timeout,553,,TRUE,FALSE,off,149,43.03,51.4,5,CtrlGainStateWait=starting,43902,,,,FALSE,FALSE,,ext-bb-data-missing,40,,,,,,0,-850,,,,,,,20,102,29898,,ns=stopped,56,,,,,,FALSE,1976,Normal
1458,Radio 2271 B1,E55P870893,12/13/2024 23:33,Normal,nff_issues,,Wait for data timeout,623,,TRUE,FALSE,off,151,43.03,36.7,14,CtrlGainStateWait=starting,44007,,,,FALSE,FALSE,,ext-bb-data-missing,40,,,,,,0,-850,,,,,,,20,103,29917,,ns=stopped,56,,,,,,FALSE,1973,Normal
1459,Radio 2271 B1,E55P870893,12/13/2024 23:33,Normal,nff_issues,,Wait for data timeout,448,,TRUE,FALSE,off,113,43.03,36.8,9,CtrlGainStateWait=starting,43997.5,,,,FALSE,FALSE,,ext-bb-data-missing,40,,,,,,0,-850,,,,,,,20,76.5,29951,,ns=stopped,56,,,,,,FALSE,1976,Normal
1460,Radio 2271 B1,E55P870893,12/17/2024 4:54,Normal,nff_issues,,Wait for data timeout,666,,TRUE,FALSE,off,150,43.03,37.2,10,CtrlGainStateWait=starting,43921,,,,FALSE,FALSE,,ext-bb-data-missing,40,,,,,,0,-850,,,,,,,20,101,29906,,ns=stopped,56,,,,,,FALSE,1973,Normal
1461,Radio 2271 B1,E55P870893,12/17/2024 4:55,Normal,nff_issues,,Wait for data timeout,486.5,,TRUE,FALSE,off,111,43.03,37.2,8,CtrlGainStateWait=starting,43945,,,,FALSE,FALSE,,ext-bb-data-missing,40,,,,,,0,-850,,,,,,,20,75,29950.5,,ns=stopped,56,,,,,,FALSE,1976,Normal
1462,Radio 2271 B1,E55P870893,12/17/2024 6:12,Normal,nff_issues,,Wait for data timeout,672,,TRUE,FALSE,off,149,43.03,38.3,11,CtrlGainStateWait=starting,44007,,,,FALSE,FALSE,,ext-bb-data-missing,40,,,,,,0,-850,,,,,,,20,100,29906,,ns=stopped,56,,,,,,FALSE,1973,Normal
1463,Radio 2271 B1,E55P870893,12/17/2024 6:12,Normal,nff_issues,,Wait for data timeout,487,,TRUE,FALSE,off,111.5,43.03,38.4,8,CtrlGainStateWait=starting,43929,,,,FALSE,FALSE,,ext-bb-data-missing,40,,,,,,0,-850,,,,,,,20,75.5,29896,,ns=stopped,56,,,,,,FALSE,1976,Normal
1464,Radio 2271 B1,E55P870893,12/17/2024 6:13,Normal,nff_issues,,Wait for data timeout,701,,TRUE,FALSE,off,149,43.03,38,15,CtrlGainStateWait=starting,44058,,,,FALSE,FALSE,,ext-bb-data-missing,40,,,,,,0,-850,,,,,,,20,99,29945,,ns=stopped,56,,,,,,FALSE,1973,Normal
1465,Radio 2271 B1,E55P870893,12/17/2024 6:13,Normal,nff_issues,,Wait for data timeout,576,,TRUE,FALSE,off,148,43.03,37.6,4,CtrlGainStateWait=starting,43921,,,,FALSE,FALSE,,ext-bb-data-missing,40,,,,,,0,-850,,,,,,,20,102,29917,,ns=stopped,56,,,,,,FALSE,1976,Normal
1466,Radio 2271 B1,E55P870893,12/17/2024 6:13,Normal,nff_issues,,Wait for data timeout,606,,TRUE,FALSE,off,148,43.03,37.5,5,CtrlGainStateWait=starting,43988,,,,FALSE,FALSE,,ext-bb-data-missing,40,,,,,,0,-850,,,,,,,20,100,29855,,ns=stopped,56,,,,,,FALSE,1976,Normal
1467,Radio 2271 B1,E55P870893,12/17/2024 22:48,Normal,nff_issues,,Wait for data timeout,275,,TRUE,FALSE,off,154,43.03,22.9,14,CtrlGainStateWait=starting,44007,,,,FALSE,FALSE,,ext-bb-data-missing,40,,,,,,0,-850,,,,,,,20,105,29855,,ns=stopped,56,,,,,,FALSE,1973,Normal
1468,Radio 2271 B1,E55P870893,12/17/2024 22:48,Normal,nff_issues,,Wait for data timeout,348.5,,TRUE,FALSE,off,112.5,43.03,23.4,9.5,CtrlGainStateWait=starting,43939,,,,FALSE,FALSE,,ext-bb-data-missing,40,,,,,,0,-850,,,,,,,20,77,29902,,ns=stopped,56,,,,,,FALSE,1973,Normal
1469,Radio 2271 B1,E55P870893,12/17/2024 22:48,Normal,nff_issues,,Wait for data timeout,348.5,,TRUE,FALSE,off,112.5,43.03,23.4,9.5,CtrlGainStateWait=starting,43939,,,,FALSE,FALSE,,ext-bb-data-missing,40,,,,,,0,-850,,,,,,,20,77,29902,,ns=stopped,56,,,,,,FALSE,1976,Normal
1470,Radio 2271 B1,E55P870893,12/17/2024 22:49,Normal,nff_issues,,Wait for data timeout,362,,TRUE,FALSE,off,113,43.03,23.6,7,CtrlGainStateWait=starting,43999.5,,,,FALSE,FALSE,,ext-bb-data-missing,40,,,,,,0,-850,,,,,,,20,78,29886,,ns=stopped,56,,,,,,FALSE,1973,Normal
1471,Radio 2271 B1,E55P870893,12/18/2024 19:50,Normal,nff_issues,,Wait for data timeout,293,,TRUE,FALSE,off,153,43.03,29.7,14,CtrlGainStateWait=starting,44042,,,,FALSE,FALSE,,ext-bb-data-missing,40,,,,,,0,-850,,,,,,,20,105,29945,,ns=stopped,56,,,,,,FALSE,1973,Normal
1472,Radio 2271 B1,E55P870893,12/18/2024 19:50,Normal,nff_issues,,Wait for data timeout,347.5,,TRUE,FALSE,off,113,43.03,30.1,8.5,CtrlGainStateWait=starting,43939,,,,FALSE,FALSE,,ext-bb-data-missing,40,,,,,,0,-850,,,,,,,20,77,29892,,ns=stopped,56,,,,,,FALSE,1976,Normal
1473,Radio 2271 B1,E55P870893,12/19/2024 9:43,Normal,nff_issues,,Wait for data timeout,326,,TRUE,FALSE,off,153,43.03,33.7,14,CtrlGainStateWait=starting,43867,,,,FALSE,FALSE,,ext-bb-data-missing,40,,,,,,0,-850,,,,,,,20,105,29898,,ns=stopped,56,,,,,,FALSE,1973,Normal
1474,Radio 2271 B1,E55P870893,12/19/2024 9:43,Normal,nff_issues,,Wait for data timeout,354,,TRUE,FALSE,off,113.5,43.03,34.1,8.5,CtrlGainStateWait=starting,43989.5,,,,FALSE,FALSE,,ext-bb-data-missing,40,,,,,,0,-850,,,,,,,20,77.5,29941,,ns=stopped,56,,,,,,FALSE,1976,Normal
1475,Radio 2271 B1,E55P870893,12/19/2024 22:08,Normal,nff_issues,,Wait for data timeout,651.5,,TRUE,FALSE,off,148,47.24,34.6,5.5,CtrlGainStateWait=starting,47981.5,,,,FALSE,FALSE,,ext-bb-data-missing,40,,,,,,0,-850,,,,,,,40,102,29905.5,,ns=stopped,56,,,,,,FALSE,1973,Normal
1476,Radio 2271 B1,E55P870893,12/19/2024 22:08,Normal,nff_issues,,Wait for data timeout,658.5,,TRUE,FALSE,off,147.5,47.24,34.5,8,CtrlGainStateWait=starting,47868.5,,,,FALSE,FALSE,,ext-bb-data-missing,40,,,,,,0,-850,,,,,,,40,101,29917,,ns=stopped,56,,,,,,FALSE,1976,Normal
1477,Radio 2271 B1,E55P870893,12/19/2024 22:08,Normal,nff_issues,,Wait for data timeout,658.5,,TRUE,FALSE,off,147.5,47.24,34.5,8,CtrlGainStateWait=starting,47851,,,,FALSE,FALSE,,ext-bb-data-missing,40,,,,,,0,-850,,,,,,,40,101,29917,,ns=stopped,56,,,,,,FALSE,1973,Normal
1478,Radio 2271 B1,E55P870893,12/23/2024 5:09,Normal,nff_issues,,Wait for data timeout,641,,TRUE,FALSE,off,150,43.03,41.5,11,CtrlGainStateWait=starting,43937,,,,FALSE,FALSE,,ext-bb-data-missing,40,,,,,,0,-850,,,,,,,20,101,29886,,ns=stopped,56,,,,,,FALSE,1973,Normal
1479,Radio 2271 B1,E55P870893,12/23/2024 5:09,Normal,nff_issues,,Wait for data timeout,458.5,,TRUE,FALSE,off,111.5,43.03,41.6,8,CtrlGainStateWait=starting,44060,,,,FALSE,FALSE,,ext-bb-data-missing,40,,,,,,0,-850,,,,,,,20,75.5,29892,,ns=stopped,56,,,,,,FALSE,1973,Normal
1480,Radio 2271 B1,E55P870893,12/23/2024 5:09,Normal,nff_issues,,Wait for data timeout,458.5,,TRUE,FALSE,off,111.5,43.03,41.6,8,CtrlGainStateWait=starting,44060,,,,FALSE,FALSE,,ext-bb-data-missing,40,,,,,,0,-850,,,,,,,20,75.5,29892,,ns=stopped,56,,,,,,FALSE,1976,Normal
1481,Radio 2271 B1,E55P870893,12/24/2024 19:54,Normal,nff_issues,,Wait for data timeout,636,,TRUE,FALSE,off,151,43.03,47.6,11,CtrlGainStateWait=starting,43867,,,,FALSE,FALSE,,ext-bb-data-missing,40,,,,,,0,-850,,,,,,,20,102,29898,,ns=stopped,56,,,,,,FALSE,1973,Normal
1482,Radio 2271 B1,E55P870893,12/24/2024 19:55,Normal,nff_issues,,Wait for data timeout,448,,TRUE,FALSE,off,112.5,43.03,47.7,8,CtrlGainStateWait=starting,43954.5,,,,FALSE,FALSE,,ext-bb-data-missing,40,,,,,,0,-850,,,,,,,20,76,29896,,ns=stopped,56,,,,,,FALSE,1976,Normal
1483,Radio 2271 B1,E55P870893,1/6/2025 12:51,Normal,nff_issues,,Wait for data timeout,663,,TRUE,FALSE,off,151,43.03,38.1,10,CtrlGainStateWait=starting,43972,,,,FALSE,FALSE,,ext-bb-data-missing,40,,,,,,0,-850,,,,,,,20,101,29835,,ns=stopped,56,,,,,,FALSE,1973,Normal
1484,Radio 2271 B1,E55P870893,1/6/2025 12:51,Normal,nff_issues,,Wait for data timeout,596,,TRUE,FALSE,off,150,43.03,38.1,9,CtrlGainStateWait=starting,44085.5,,,,FALSE,FALSE,,ext-bb-data-missing,40,,,,,,0,-850,,,,,,,20,101.5,29882,,ns=stopped,56,,,,,,FALSE,1976,Normal
1485,Radio 2271 B1,E55P870893,1/9/2025 2:38,Normal,nff_issues,,Wait for data timeout,416,,TRUE,FALSE,off,155,43.03,22.9,14,CtrlGainStateWait=starting,44078,,,,FALSE,FALSE,,ext-bb-data-missing,40,,,,,,0,-850,,,,,,,20,105,29945,,ns=stopped,56,,,,,,FALSE,1973,Normal
1486,Radio 2271 B1,E55P870893,1/9/2025 2:38,Normal,nff_issues,,Wait for data timeout,374.5,,TRUE,FALSE,off,113,43.03,23.3,9,CtrlGainStateWait=starting,43937,,,,FALSE,FALSE,,ext-bb-data-missing,40,,,,,,0,-850,,,,,,,20,77,29896,,ns=stopped,56,,,,,,FALSE,1973,Normal
1487,Radio 2271 B1,E55P870893,1/9/2025 2:38,Normal,nff_issues,,Wait for data timeout,374.5,,TRUE,FALSE,off,113,43.03,23.3,9,CtrlGainStateWait=starting,43937,,,,FALSE,FALSE,,ext-bb-data-missing,40,,,,,,0,-850,,,,,,,20,77,29896,,ns=stopped,56,,,,,,FALSE,1976,Normal
1488,Radio 2271 B1,E55P870893,1/9/2025 20:28,Normal,nff_issues,,Wait for data timeout,676,,TRUE,FALSE,off,152,43.03,36.2,10,CtrlGainStateWait=starting,44058,,,,FALSE,FALSE,,ext-bb-data-missing,40,,,,,,0,-850,,,,,,,20,101,29855,,ns=stopped,56,,,,,,FALSE,1973,Normal
1489,Radio 2271 B1,E55P870893,1/9/2025 20:28,Normal,nff_issues,,Wait for data timeout,488.5,,TRUE,FALSE,off,113,43.03,36.3,7,CtrlGainStateWait=starting,44042,,,,FALSE,FALSE,,ext-bb-data-missing,40,,,,,,0,-850,,,,,,,20,75.5,29931,,ns=stopped,56,,,,,,FALSE,1976,Normal
1490,Radio 2271 B1,E55P870893,1/9/2025 20:28,Normal,nff_issues,,Wait for data timeout,720,,TRUE,FALSE,off,151,43.03,35.9,14,CtrlGainStateWait=starting,43988,,,,FALSE,FALSE,,ext-bb-data-missing,40,,,,,,0,-850,,,,,,,20,100,29867,,ns=stopped,56,,,,,,FALSE,1973,Normal
1491,Radio 2271 B1,E55P870893,1/9/2025 20:29,Normal,nff_issues,,Wait for data timeout,507,,TRUE,FALSE,off,150,43.03,34.6,3,CtrlGainStateWait=starting,44058,,,,FALSE,FALSE,,ext-bb-data-missing,40,,,,,,0,-850,,,,,,,20,104,29917,,ns=stopped,56,,,,,,FALSE,1976,Normal
1492,Radio 2271 B1,E55P870893,1/9/2025 20:30,Normal,nff_issues,,Wait for data timeout,601,,TRUE,FALSE,off,149,43.03,34.1,5,CtrlGainStateWait=starting,44023,,,,FALSE,FALSE,,ext-bb-data-missing,40,,,,,,0,-850,,,,,,,20,102,29906,,ns=stopped,56,,,,,,FALSE,1976,Normal
1493,Radio 2271 B1,E55P870893,1/11/2025 12:39,Normal,nff_issues,,Wait for data timeout,634,,TRUE,FALSE,off,152,43.03,36,12,CtrlGainStateWait=starting,44042,,,,FALSE,FALSE,,ext-bb-data-missing,40,,,,,,0,-850,,,,,,,20,102,29886,,ns=stopped,56,,,,,,FALSE,1973,Normal
1494,Radio 2271 B1,E55P870893,1/11/2025 12:40,Normal,nff_issues,,Wait for data timeout,446,,TRUE,FALSE,off,113.5,43.03,36.2,7.5,CtrlGainStateWait=starting,43954.5,,,,FALSE,FALSE,,ext-bb-data-missing,40,,,,,,0,-850,,,,,,,20,76.5,29892,,ns=stopped,56,,,,,,FALSE,1976,Normal
1495,Radio 2271 B1,E55P870893,1/11/2025 21:02,Normal,nff_issues,,Wait for data timeout,640,,TRUE,FALSE,off,154,43.03,33.3,12,CtrlGainStateWait=starting,43937,,,,FALSE,FALSE,,ext-bb-data-missing,40,,,,,,0,-850,,,,,,,20,103,29855,,ns=stopped,56,,,,,,FALSE,1973,Normal
1496,Radio 2271 B1,E55P870893,1/11/2025 21:03,Normal,nff_issues,,Wait for data timeout,456,,TRUE,FALSE,off,113.5,43.03,33.4,8,CtrlGainStateWait=starting,44024.5,,,,FALSE,FALSE,,ext-bb-data-missing,40,,,,,,0,-850,,,,,,,20,76.5,29886,,ns=stopped,56,,,,,,FALSE,1976,Normal
1497,Radio 2271 B1,E55P870893,1/11/2025 21:03,Normal,nff_issues,,Wait for data timeout,715,,TRUE,FALSE,off,152,43.03,33.2,15,CtrlGainStateWait=starting,43972,,,,FALSE,FALSE,,ext-bb-data-missing,40,,,,,,0,-850,,,,,,,20,101,29917,,ns=stopped,56,,,,,,FALSE,1973,Normal
1498,Radio 2271 B1,E55P870893,1/11/2025 21:04,Normal,nff_issues,,Wait for data timeout,523,,TRUE,FALSE,off,150,43.03,32.7,3,CtrlGainStateWait=starting,43867,,,,FALSE,FALSE,,ext-bb-data-missing,40,,,,,,0,-850,,,,,,,20,103,29835,,ns=stopped,56,,,,,,FALSE,1976,Normal
1499,Radio 2271 B1,E55P870893,1/11/2025 21:04,Normal,nff_issues,,Wait for data timeout,603,,TRUE,FALSE,off,149,43.03,32.5,5,CtrlGainStateWait=starting,44093,,,,FALSE,FALSE,,ext-bb-data-missing,40,,,,,,0,-850,,,,,,,20,102,29906,,ns=stopped,56,,,,,,FALSE,1976,Normal
1500,Radio 2271 B1,E55P870893,1/12/2025 19:43,Normal,nff_issues,,Wait for data timeout,667,,TRUE,FALSE,off,151,43.03,34.8,12,CtrlGainStateWait=starting,44023,,,,FALSE,FALSE,,ext-bb-data-missing,40,,,,,,0,-850,,,,,,,20,102,29878,,ns=stopped,56,,,,,,FALSE,1973,Normal
1501,Radio 2271 B1,E55P870893,1/12/2025 19:43,Normal,nff_issues,,Wait for data timeout,470.5,,TRUE,FALSE,off,150.5,43.03,34.9,8.5,CtrlGainStateWait=starting,43981.5,,,,FALSE,FALSE,,ext-bb-data-missing,40,,,,,,0,-850,,,,,,,20,75.5,29882,,ns=stopped,56,,,,,,FALSE,1976,Normal
1502,Radio 2271 B1,E55P870893,1/12/2025 19:43,Normal,nff_issues,,Wait for data timeout,464.5,,TRUE,FALSE,off,112,43.03,34.9,6,CtrlGainStateWait=starting,43954.5,,,,FALSE,FALSE,,ext-bb-data-missing,40,,,,,,0,-850,,,,,,,20,76.5,29870.5,,ns=stopped,56,,,,,,FALSE,1973,Normal
1503,Radio 2271 B1,E55P870893,1/13/2025 6:41,Normal,nff_issues,,Wait for data timeout,630,,TRUE,FALSE,off,154,43.03,40.2,11,CtrlGainStateWait=starting,43937,,,,FALSE,FALSE,,ext-bb-data-missing,40,,,,,,0,-850,,,,,,,20,103,29878,,ns=stopped,56,,,,,,FALSE,1973,Normal
1504,Radio 2271 B1,E55P870893,1/13/2025 6:42,Normal,nff_issues,,Wait for data timeout,446.5,,TRUE,FALSE,off,113,43.03,40.2,8,CtrlGainStateWait=starting,43921,,,,FALSE,FALSE,,ext-bb-data-missing,40,,,,,,0,-850,,,,,,,20,75.5,29872.5,,ns=stopped,56,,,,,,FALSE,1976,Normal
1505,Radio 2271 B1,E55P870893,1/13/2025 6:42,Normal,nff_issues,,Wait for data timeout,704,,TRUE,FALSE,off,151,43.03,39.8,15,CtrlGainStateWait=starting,44042,,,,FALSE,FALSE,,ext-bb-data-missing,40,,,,,,0,-850,,,,,,,20,100,29878,,ns=stopped,56,,,,,,FALSE,1973,Normal
1506,Radio 2271 B1,E55P870893,1/13/2025 6:43,Normal,nff_issues,,Wait for data timeout,485,,TRUE,FALSE,off,151,43.03,39.2,3,CtrlGainStateWait=starting,43937,,,,FALSE,FALSE,,ext-bb-data-missing,40,,,,,,0,-850,,,,,,,20,102,29898,,ns=stopped,56,,,,,,FALSE,1976,Normal
1507,Radio 2271 B1,E55P870893,1/13/2025 6:43,Normal,nff_issues,,Wait for data timeout,586,,TRUE,FALSE,off,150,43.03,38.8,4,CtrlGainStateWait=starting,44007,,,,FALSE,FALSE,,ext-bb-data-missing,40,,,,,,0,-850,,,,,,,20,102,29906,,ns=stopped,56,,,,,,FALSE,1976,Normal
1508,Radio 2271 B1,E55P870893,1/14/2025 14:04,Normal,nff_issues,,Wait for data timeout,523,,TRUE,FALSE,off,154,43.03,42.8,12,CtrlGainStateWait=starting,43972,,,,FALSE,FALSE,,ext-bb-data-missing,40,,,,,,0,-850,,,,,,,20,103,29937,,ns=stopped,56,,,,,,FALSE,1973,Normal
1509,Radio 2271 B1,E55P870893,1/14/2025 14:05,Normal,nff_issues,,Wait for data timeout,396,,TRUE,FALSE,off,114,43.03,43.1,8,CtrlGainStateWait=starting,43929,,,,FALSE,FALSE,,ext-bb-data-missing,40,,,,,,0,-850,,,,,,,20,76.5,29886.5,,ns=stopped,56,,,,,,FALSE,1976,Normal
1510,Radio 2271 B1,E55P870893,1/15/2025 19:53,Normal,nff_issues,,Wait for data timeout,386,,TRUE,FALSE,off,154,43.03,27.9,13,CtrlGainStateWait=starting,43902,,,,FALSE,FALSE,,ext-bb-data-missing,40,,,,,,0,-850,,,,,,,20,104,29906,,ns=stopped,56,,,,,,FALSE,1973,Normal
1511,Radio 2271 B1,E55P870893,1/15/2025 19:53,Normal,nff_issues,,Wait for data timeout,367,,TRUE,FALSE,off,114,43.03,28.4,9,CtrlGainStateWait=starting,44060,,,,FALSE,FALSE,,ext-bb-data-missing,40,,,,,,0,-850,,,,,,,20,77,29931,,ns=stopped,56,,,,,,FALSE,1976,Normal
1512,Radio 2271 B1,E55P870893,1/16/2025 18:34,Normal,nff_issues,,Wait for data timeout,629,,TRUE,FALSE,off,153,43.03,38.6,11,CtrlGainStateWait=starting,43957,,,,FALSE,FALSE,,ext-bb-data-missing,40,,,,,,0,-850,,,,,,,20,102,29886,,ns=stopped,56,,,,,,FALSE,1973,Normal
1513,Radio 2271 B1,E55P870893,1/16/2025 18:34,Normal,nff_issues,,Wait for data timeout,447.5,,TRUE,FALSE,off,112,43.03,38.7,8.5,CtrlGainStateWait=starting,43982,,,,FALSE,FALSE,,ext-bb-data-missing,40,,,,,,0,-850,,,,,,,20,75,29927,,ns=stopped,56,,,,,,FALSE,1976,Normal
1514,Radio 2271 B1,E55P870893,1/17/2025 0:35,Normal,nff_issues,,Wait for data timeout,677,,TRUE,FALSE,off,153,43.03,25.2,12,CtrlGainStateWait=starting,44078,,,,FALSE,FALSE,,ext-bb-data-missing,40,,,,,,0,-850,,,,,,,20,103,29855,,ns=stopped,56,,,,,,FALSE,1973,Normal
1515,Radio 2271 B1,E55P870893,1/17/2025 0:35,Normal,nff_issues,,Wait for data timeout,480,,TRUE,FALSE,off,113,43.03,25.4,8,CtrlGainStateWait=starting,43980,,,,FALSE,FALSE,,ext-bb-data-missing,40,,,,,,0,-850,,,,,,,20,76.5,29896,,ns=stopped,56,,,,,,FALSE,1976,Normal
1516,Radio 2271 B1,E55P870893,1/17/2025 0:36,Normal,nff_issues,,Wait for data timeout,736,,TRUE,FALSE,off,151,43.03,25.2,16,CtrlGainStateWait=starting,43988,,,,FALSE,FALSE,,ext-bb-data-missing,40,,,,,,0,-850,,,,,,,20,102,29855,,ns=stopped,56,,,,,,FALSE,1973,Normal
1517,Radio 2271 B1,E55P870893,1/17/2025 0:36,Normal,nff_issues,,Wait for data timeout,578,,TRUE,FALSE,off,149,43.03,24.8,4,CtrlGainStateWait=starting,43921,,,,FALSE,FALSE,,ext-bb-data-missing,40,,,,,,0,-850,,,,,,,20,102,29847,,ns=stopped,56,,,,,,FALSE,1976,Normal
1518,Radio 2271 B1,E55P870893,1/17/2025 0:37,Normal,nff_issues,,Wait for data timeout,621,,TRUE,FALSE,off,149,43.03,24.6,6,CtrlGainStateWait=starting,43867,,,,FALSE,FALSE,,ext-bb-data-missing,40,,,,,,0,-850,,,,,,,20,103,29906,,ns=stopped,56,,,,,,FALSE,1976,Normal
1519,Radio 2271 B1,E55P870893,1/19/2025 8:30,Normal,nff_issues,,Wait for data timeout,625,,TRUE,FALSE,off,152,43.03,44.8,11,CtrlGainStateWait=starting,44023,,,,FALSE,FALSE,,ext-bb-data-missing,40,,,,,,0,-850,,,,,,,20,102,29937,,ns=stopped,56,,,,,,FALSE,1973,Normal
1520,Radio 2271 B1,E55P870893,1/19/2025 8:31,Normal,nff_issues,,Wait for data timeout,437,,TRUE,FALSE,off,113,43.03,44.9,8.5,CtrlGainStateWait=starting,44007,,,,FALSE,FALSE,,ext-bb-data-missing,40,,,,,,0,-850,,,,,,,20,76,29896,,ns=stopped,56,,,,,,FALSE,1976,Normal
1521,Radio 2271 B1,E55P870893,1/19/2025 20:26,Normal,nff_issues,,Wait for data timeout,640,,TRUE,FALSE,off,152,43.03,35.4,12,CtrlGainStateWait=starting,43972,,,,FALSE,FALSE,,ext-bb-data-missing,40,,,,,,0,-850,,,,,,,20,102,29886,,ns=stopped,56,,,,,,FALSE,1973,Normal
1522,Radio 2271 B1,E55P870893,1/19/2025 20:26,Normal,nff_issues,,Wait for data timeout,451.5,,TRUE,FALSE,off,113.5,43.03,35.5,8.5,CtrlGainStateWait=starting,43954.5,,,,FALSE,FALSE,,ext-bb-data-missing,40,,,,,,0,-850,,,,,,,20,76,29878,,ns=stopped,56,,,,,,FALSE,1976,Normal
1523,Radio 2271 B1,E55P870893,1/20/2025 20:11,Normal,nff_issues,,Wait for data timeout,656,,TRUE,FALSE,off,153,43.03,31,12,CtrlGainStateWait=starting,44042,,,,FALSE,FALSE,,ext-bb-data-missing,40,,,,,,0,-850,,,,,,,20,103,29925,,ns=stopped,56,,,,,,FALSE,1973,Normal
1524,Radio 2271 B1,E55P870893,1/20/2025 20:11,Normal,nff_issues,,Wait for data timeout,467.5,,TRUE,FALSE,off,113,43.03,31.2,8,CtrlGainStateWait=starting,44068,,,,FALSE,FALSE,,ext-bb-data-missing,40,,,,,,0,-850,,,,,,,20,76,29888,,ns=stopped,56,,,,,,FALSE,1976,Normal
1525,Radio 2271 B1,E55P870893,1/20/2025 20:11,Normal,nff_issues,,Wait for data timeout,730,,TRUE,FALSE,off,151,43.03,30.9,16,CtrlGainStateWait=starting,43972,,,,FALSE,FALSE,,ext-bb-data-missing,40,,,,,,0,-850,,,,,,,20,101,29898,,ns=stopped,56,,,,,,FALSE,1973,Normal
1526,Radio 2271 B1,E55P870893,1/20/2025 20:12,Normal,nff_issues,,Wait for data timeout,557,,TRUE,FALSE,off,150,43.03,30.7,4,CtrlGainStateWait=starting,43957,,,,FALSE,FALSE,,ext-bb-data-missing,40,,,,,,0,-850,,,,,,,20,103,29886,,ns=stopped,56,,,,,,FALSE,1976,Normal
1527,Radio 2271 B1,E55P870893,1/20/2025 20:12,Normal,nff_issues,,Wait for data timeout,601,,TRUE,FALSE,off,150,43.03,30.6,5,CtrlGainStateWait=starting,44058,,,,FALSE,FALSE,,ext-bb-data-missing,40,,,,,,0,-850,,,,,,,20,102,29867,,ns=stopped,56,,,,,,FALSE,1976,Normal
1528,Radio 2271 B1,E55P870893,1/22/2025 3:43,Normal,nff_issues,,Wait for data timeout,652,,TRUE,FALSE,off,153,43.03,33.7,11,CtrlGainStateWait=starting,44058,,,,FALSE,FALSE,,ext-bb-data-missing,40,,,,,,0,-850,,,,,,,20,103,29835,,ns=stopped,56,,,,,,FALSE,1973,Normal
1529,Radio 2271 B1,E55P870893,1/22/2025 3:43,Normal,nff_issues,,Wait for data timeout,459,,TRUE,FALSE,off,114,43.03,33.9,7.5,CtrlGainStateWait=starting,44050,,,,FALSE,FALSE,,ext-bb-data-missing,40,,,,,,0,-850,,,,,,,20,77,29837.5,,ns=stopped,56,,,,,,FALSE,1976,Normal
1530,Radio 2271 B1,E55P870893,1/22/2025 20:16,Normal,nff_issues,,Wait for data timeout,641,,TRUE,FALSE,off,154,43.03,32.4,11,CtrlGainStateWait=starting,43972,,,,FALSE,FALSE,,ext-bb-data-missing,40,,,,,,0,-850,,,,,,,20,103,29925,,ns=stopped,56,,,,,,FALSE,1973,Normal
1531,Radio 2271 B1,E55P870893,1/22/2025 20:16,Normal,nff_issues,,Wait for data timeout,454,,TRUE,FALSE,off,113,43.03,32.6,7.5,CtrlGainStateWait=starting,43997.5,,,,FALSE,FALSE,,ext-bb-data-missing,40,,,,,,0,-850,,,,,,,20,76,29857,,ns=stopped,56,,,,,,FALSE,1976,Normal
1532,Radio 2271 B1,E55P870893,1/22/2025 20:17,Normal,nff_issues,,Wait for data timeout,718,,TRUE,FALSE,off,152,43.03,32.4,15,CtrlGainStateWait=starting,44078,,,,FALSE,FALSE,,ext-bb-data-missing,40,,,,,,0,-850,,,,,,,20,101,29906,,ns=stopped,56,,,,,,FALSE,1973,Normal
1533,Radio 2271 B1,E55P870893,1/22/2025 20:17,Normal,nff_issues,,Wait for data timeout,540,,TRUE,FALSE,off,150,43.03,32.2,4,CtrlGainStateWait=starting,43921,,,,FALSE,FALSE,,ext-bb-data-missing,40,,,,,,0,-850,,,,,,,20,103,29906,,ns=stopped,56,,,,,,FALSE,1976,Normal
1534,Radio 2271 B1,E55P870893,1/22/2025 20:17,Normal,nff_issues,,Wait for data timeout,589,,TRUE,FALSE,off,150,43.03,32.1,4,CtrlGainStateWait=starting,44078,,,,FALSE,FALSE,,ext-bb-data-missing,40,,,,,,0,-850,,,,,,,20,103,29906,,ns=stopped,56,,,,,,FALSE,1976,Normal
1535,Radio 2271 B1,E55P870893,1/23/2025 18:35,Normal,nff_issues,,Wait for data timeout,637,,TRUE,FALSE,off,153,43.03,38.7,11,CtrlGainStateWait=starting,44042,,,,FALSE,FALSE,,ext-bb-data-missing,40,,,,,,0,-850,,,,,,,20,103,29867,,ns=stopped,56,,,,,,FALSE,1973,Normal
1536,Radio 2271 B1,E55P870893,1/23/2025 18:36,Normal,nff_issues,,Wait for data timeout,452,,TRUE,FALSE,off,113,43.03,38.8,8,CtrlGainStateWait=starting,43894,,,,FALSE,FALSE,,ext-bb-data-missing,40,,,,,,0,-850,,,,,,,20,75.5,29845,,ns=stopped,56,,,,,,FALSE,1973,Normal
1537,Radio 2271 B1,E55P870893,1/23/2025 18:36,Normal,nff_issues,,Wait for data timeout,452,,TRUE,FALSE,off,113,43.03,38.7,8,CtrlGainStateWait=starting,43894,,,,FALSE,FALSE,,ext-bb-data-missing,40,,,,,,0,-850,,,,,,,20,75.5,29845,,ns=stopped,56,,,,,,FALSE,1976,Normal
1538,Radio 2271 B1,E55P870893,1/24/2025 8:07,Normal,nff_issues,,Wait for data timeout,618,,TRUE,FALSE,off,154,43.03,40.4,11,CtrlGainStateWait=starting,44113,,,,FALSE,FALSE,,ext-bb-data-missing,40,,,,,,0,-850,,,,,,,20,103,29917,,ns=stopped,56,,,,,,FALSE,1973,Normal
1539,Radio 2271 B1,E55P870893,1/24/2025 8:07,Normal,nff_issues,,Wait for data timeout,436.5,,TRUE,FALSE,off,113,43.03,40.6,8,CtrlGainStateWait=starting,43964,,,,FALSE,FALSE,,ext-bb-data-missing,40,,,,,,0,-850,,,,,,,20,75.5,29866.5,,ns=stopped,56,,,,,,FALSE,1976,Normal
1540,Radio 2271 B1,E55P870893,1/24/2025 8:07,Normal,nff_issues,,Wait for data timeout,699,,TRUE,FALSE,off,151,43.03,40.4,15,CtrlGainStateWait=starting,43867,,,,FALSE,FALSE,,ext-bb-data-missing,40,,,,,,0,-850,,,,,,,20,101,29878,,ns=stopped,56,,,,,,FALSE,1973,Normal
1541,Radio 2271 B1,E55P870893,1/24/2025 8:08,Normal,nff_issues,,Wait for data timeout,495,,TRUE,FALSE,off,150,43.03,40.4,4,CtrlGainStateWait=starting,44128,,,,FALSE,FALSE,,ext-bb-data-missing,40,,,,,,0,-850,,,,,,,20,102,29886,,ns=stopped,56,,,,,,FALSE,1976,Normal
1542,Radio 2271 B1,E55P870893,1/24/2025 8:08,Normal,nff_issues,,Wait for data timeout,573,,TRUE,FALSE,off,150,43.03,40.3,5,CtrlGainStateWait=starting,44042,,,,FALSE,FALSE,,ext-bb-data-missing,40,,,,,,0,-850,,,,,,,20,101,29917,,ns=stopped,56,,,,,,FALSE,1976,Normal
1543,Radio 2271 B1,E55P870893,1/25/2025 6:53,Normal,nff_issues,,Wait for data timeout,640,,TRUE,FALSE,off,153,43.03,38.8,11,CtrlGainStateWait=starting,44023,,,,FALSE,FALSE,,ext-bb-data-missing,40,,,,,,0,-850,,,,,,,20,102,29886,,ns=stopped,56,,,,,,FALSE,1973,Normal
1544,Radio 2271 B1,E55P870893,1/25/2025 6:53,Normal,nff_issues,,Wait for data timeout,454.5,,TRUE,FALSE,off,113,43.03,38.8,8,CtrlGainStateWait=starting,43982,,,,FALSE,FALSE,,ext-bb-data-missing,40,,,,,,0,-850,,,,,,,20,75,29901.5,,ns=stopped,56,,,,,,FALSE,1976,Normal
1545,Radio 2271 B1,E55P870893,1/25/2025 20:14,Normal,nff_issues,,Wait for data timeout,638,,TRUE,FALSE,off,153,43.03,37.5,12,CtrlGainStateWait=starting,43957,,,,FALSE,FALSE,,ext-bb-data-missing,40,,,,,,0,-850,,,,,,,20,102,29878,,ns=stopped,56,,,,,,FALSE,1973,Normal
1546,Radio 2271 B1,E55P870893,1/25/2025 20:15,Normal,nff_issues,,Wait for data timeout,447.5,,TRUE,FALSE,off,114,43.03,37.6,8,CtrlGainStateWait=starting,43989.5,,,,FALSE,FALSE,,ext-bb-data-missing,40,,,,,,0,-850,,,,,,,20,77,29882,,ns=stopped,56,,,,,,FALSE,1976,Normal
1547,Radio 2271 B1,E55P870893,1/25/2025 20:15,Normal,nff_issues,,Wait for data timeout,714,,TRUE,FALSE,off,152,43.03,37.4,15,CtrlGainStateWait=starting,44058,,,,FALSE,FALSE,,ext-bb-data-missing,40,,,,,,0,-850,,,,,,,20,100,29867,,ns=stopped,56,,,,,,FALSE,1973,Normal
1548,Radio 2271 B1,E55P870893,1/25/2025 20:15,Normal,nff_issues,,Wait for data timeout,530,,TRUE,FALSE,off,150,43.03,37.2,4,CtrlGainStateWait=starting,44078,,,,FALSE,FALSE,,ext-bb-data-missing,40,,,,,,0,-850,,,,,,,20,102,29898,,ns=stopped,56,,,,,,FALSE,1976,Normal
1549,Radio 2271 B1,E55P870893,1/25/2025 20:16,Normal,nff_issues,,Wait for data timeout,585,,TRUE,FALSE,off,150,43.03,37.1,5,CtrlGainStateWait=starting,44058,,,,FALSE,FALSE,,ext-bb-data-missing,40,,,,,,0,-850,,,,,,,20,102,29898,,ns=stopped,56,,,,,,FALSE,1976,Normal
1550,Radio 2271 B1,E55P870893,12/10/2024 17:45,Normal,nff_issues,,Wait for data timeout,642,,TRUE,FALSE,off,150,43.03,40.7,12,CtrlGainStateWait=starting,44007,,,,FALSE,FALSE,,ext-bb-data-missing,40,,,,,,0,-850,,,,,,,20,101,29976,,ns=stopped,56,,,,,,FALSE,1973,Normal
1551,Radio 2271 B1,E55P870893,12/10/2024 17:46,Normal,nff_issues,,Wait for data timeout,463,,TRUE,FALSE,off,111.5,43.03,40.8,9.5,CtrlGainStateWait=starting,43989.5,,,,FALSE,FALSE,,ext-bb-data-missing,40,,,,,,0,-850,,,,,,,20,76,29911.5,,ns=stopped,56,,,,,,FALSE,1973,Normal
1552,Radio 2271 B1,E55P870893,12/10/2024 17:46,Normal,nff_issues,,Wait for data timeout,463,,TRUE,FALSE,off,111.5,43.03,40.8,9.5,CtrlGainStateWait=starting,43989.5,,,,FALSE,FALSE,,ext-bb-data-missing,40,,,,,,0,-850,,,,,,,20,76,29911.5,,ns=stopped,56,,,,,,FALSE,1976,Normal
1553,Radio 2271 B1,E55P870893,12/11/2024 12:21,Normal,nff_issues,,Wait for data timeout,594,,TRUE,FALSE,off,151,43.03,52.2,13,CtrlGainStateWait=starting,44007,,,,FALSE,FALSE,,ext-bb-data-missing,40,,,,,,0,-850,,,,,,,20,103,29945,,ns=stopped,56,,,,,,FALSE,1973,Normal
1554,Radio 2271 B1,E55P870893,12/11/2024 12:22,Normal,nff_issues,,Wait for data timeout,415,,TRUE,FALSE,off,112,43.03,52.3,10.5,CtrlGainStateWait=starting,43980,,,,FALSE,FALSE,,ext-bb-data-missing,40,,,,,,0,-850,,,,,,,20,76.5,29917,,ns=stopped,56,,,,,,FALSE,1976,Normal
1555,Radio 2271 B1,E55P870893,12/11/2024 12:22,Normal,nff_issues,,Wait for data timeout,641,,TRUE,FALSE,off,150,43.03,52,20,CtrlGainStateWait=starting,44042,,,,FALSE,FALSE,,ext-bb-data-missing,40,,,,,,0,-850,,,,,,,20,102,29898,,ns=stopped,56,,,,,,FALSE,1973,Normal
1556,Radio 2271 B1,E55P870893,12/11/2024 12:22,Normal,nff_issues,,Wait for data timeout,469,,TRUE,FALSE,off,150,43.03,51.7,4,CtrlGainStateWait=starting,44078,,,,FALSE,FALSE,,ext-bb-data-missing,40,,,,,,0,-850,,,,,,,20,103,29957,,ns=stopped,56,,,,,,FALSE,1976,Normal
1557,Radio 2271 B1,E55P870893,12/11/2024 12:23,Normal,nff_issues,,Wait for data timeout,553,,TRUE,FALSE,off,149,43.03,51.4,5,CtrlGainStateWait=starting,43902,,,,FALSE,FALSE,,ext-bb-data-missing,40,,,,,,0,-850,,,,,,,20,102,29898,,ns=stopped,56,,,,,,FALSE,1976,Normal
1558,Radio 2271 B1,E55P870893,12/13/2024 23:33,Normal,nff_issues,,Wait for data timeout,623,,TRUE,FALSE,off,151,43.03,36.7,14,CtrlGainStateWait=starting,44007,,,,FALSE,FALSE,,ext-bb-data-missing,40,,,,,,0,-850,,,,,,,20,103,29917,,ns=stopped,56,,,,,,FALSE,1973,Normal
1559,Radio 2271 B1,E55P870893,12/13/2024 23:33,Normal,nff_issues,,Wait for data timeout,448,,TRUE,FALSE,off,113,43.03,36.8,9,CtrlGainStateWait=starting,43997.5,,,,FALSE,FALSE,,ext-bb-data-missing,40,,,,,,0,-850,,,,,,,20,76.5,29951,,ns=stopped,56,,,,,,FALSE,1976,Normal
1560,Radio 2271 B1,E55P870893,12/17/2024 4:54,Normal,nff_issues,,Wait for data timeout,666,,TRUE,FALSE,off,150,43.03,37.2,10,CtrlGainStateWait=starting,43921,,,,FALSE,FALSE,,ext-bb-data-missing,40,,,,,,0,-850,,,,,,,20,101,29906,,ns=stopped,56,,,,,,FALSE,1973,Normal
1561,Radio 2271 B1,E55P870893,12/17/2024 4:55,Normal,nff_issues,,Wait for data timeout,486.5,,TRUE,FALSE,off,111,43.03,37.2,8,CtrlGainStateWait=starting,43945,,,,FALSE,FALSE,,ext-bb-data-missing,40,,,,,,0,-850,,,,,,,20,75,29950.5,,ns=stopped,56,,,,,,FALSE,1976,Normal
1562,Radio 2271 B1,E55P870893,12/17/2024 6:12,Normal,nff_issues,,Wait for data timeout,672,,TRUE,FALSE,off,149,43.03,38.3,11,CtrlGainStateWait=starting,44007,,,,FALSE,FALSE,,ext-bb-data-missing,40,,,,,,0,-850,,,,,,,20,100,29906,,ns=stopped,56,,,,,,FALSE,1973,Normal
1563,Radio 2271 B1,E55P870893,12/17/2024 6:12,Normal,nff_issues,,Wait for data timeout,487,,TRUE,FALSE,off,111.5,43.03,38.4,8,CtrlGainStateWait=starting,43929,,,,FALSE,FALSE,,ext-bb-data-missing,40,,,,,,0,-850,,,,,,,20,75.5,29896,,ns=stopped,56,,,,,,FALSE,1976,Normal
1564,Radio 2271 B1,E55P870893,12/17/2024 6:13,Normal,nff_issues,,Wait for data timeout,701,,TRUE,FALSE,off,149,43.03,38,15,CtrlGainStateWait=starting,44058,,,,FALSE,FALSE,,ext-bb-data-missing,40,,,,,,0,-850,,,,,,,20,99,29945,,ns=stopped,56,,,,,,FALSE,1973,Normal
1565,Radio 2271 B1,E55P870893,12/17/2024 6:13,Normal,nff_issues,,Wait for data timeout,576,,TRUE,FALSE,off,148,43.03,37.6,4,CtrlGainStateWait=starting,43921,,,,FALSE,FALSE,,ext-bb-data-missing,40,,,,,,0,-850,,,,,,,20,102,29917,,ns=stopped,56,,,,,,FALSE,1976,Normal
1566,Radio 2271 B1,E55P870893,12/17/2024 6:13,Normal,nff_issues,,Wait for data timeout,606,,TRUE,FALSE,off,148,43.03,37.5,5,CtrlGainStateWait=starting,43988,,,,FALSE,FALSE,,ext-bb-data-missing,40,,,,,,0,-850,,,,,,,20,100,29855,,ns=stopped,56,,,,,,FALSE,1976,Normal
1567,Radio 2271 B1,E55P870893,12/17/2024 22:48,Normal,nff_issues,,Wait for data timeout,275,,TRUE,FALSE,off,154,43.03,22.9,14,CtrlGainStateWait=starting,44007,,,,FALSE,FALSE,,ext-bb-data-missing,40,,,,,,0,-850,,,,,,,20,105,29855,,ns=stopped,56,,,,,,FALSE,1973,Normal
1568,Radio 2271 B1,E55P870893,12/17/2024 22:48,Normal,nff_issues,,Wait for data timeout,348.5,,TRUE,FALSE,off,112.5,43.03,23.4,9.5,CtrlGainStateWait=starting,43939,,,,FALSE,FALSE,,ext-bb-data-missing,40,,,,,,0,-850,,,,,,,20,77,29902,,ns=stopped,56,,,,,,FALSE,1973,Normal
1569,Radio 2271 B1,E55P870893,12/17/2024 22:48,Normal,nff_issues,,Wait for data timeout,348.5,,TRUE,FALSE,off,112.5,43.03,23.4,9.5,CtrlGainStateWait=starting,43939,,,,FALSE,FALSE,,ext-bb-data-missing,40,,,,,,0,-850,,,,,,,20,77,29902,,ns=stopped,56,,,,,,FALSE,1976,Normal
1570,Radio 2271 B1,E55P870893,12/17/2024 22:49,Normal,nff_issues,,Wait for data timeout,362,,TRUE,FALSE,off,113,43.03,23.6,7,CtrlGainStateWait=starting,43999.5,,,,FALSE,FALSE,,ext-bb-data-missing,40,,,,,,0,-850,,,,,,,20,78,29886,,ns=stopped,56,,,,,,FALSE,1973,Normal
1571,Radio 2271 B1,E55P870893,12/18/2024 19:50,Normal,nff_issues,,Wait for data timeout,293,,TRUE,FALSE,off,153,43.03,29.7,14,CtrlGainStateWait=starting,44042,,,,FALSE,FALSE,,ext-bb-data-missing,40,,,,,,0,-850,,,,,,,20,105,29945,,ns=stopped,56,,,,,,FALSE,1973,Normal
1572,Radio 2271 B1,E55P870893,12/18/2024 19:50,Normal,nff_issues,,Wait for data timeout,347.5,,TRUE,FALSE,off,113,43.03,30.1,8.5,CtrlGainStateWait=starting,43939,,,,FALSE,FALSE,,ext-bb-data-missing,40,,,,,,0,-850,,,,,,,20,77,29892,,ns=stopped,56,,,,,,FALSE,1976,Normal
1573,Radio 2271 B1,E55P870893,12/19/2024 9:43,Normal,nff_issues,,Wait for data timeout,326,,TRUE,FALSE,off,153,43.03,33.7,14,CtrlGainStateWait=starting,43867,,,,FALSE,FALSE,,ext-bb-data-missing,40,,,,,,0,-850,,,,,,,20,105,29898,,ns=stopped,56,,,,,,FALSE,1973,Normal
1574,Radio 2271 B1,E55P870893,12/19/2024 9:43,Normal,nff_issues,,Wait for data timeout,354,,TRUE,FALSE,off,113.5,43.03,34.1,8.5,CtrlGainStateWait=starting,43989.5,,,,FALSE,FALSE,,ext-bb-data-missing,40,,,,,,0,-850,,,,,,,20,77.5,29941,,ns=stopped,56,,,,,,FALSE,1976,Normal
1575,Radio 2271 B1,E55P870893,12/19/2024 22:08,Normal,nff_issues,,Wait for data timeout,651.5,,TRUE,FALSE,off,148,47.24,34.6,5.5,CtrlGainStateWait=starting,47981.5,,,,FALSE,FALSE,,ext-bb-data-missing,40,,,,,,0,-850,,,,,,,40,102,29905.5,,ns=stopped,56,,,,,,FALSE,1973,Normal
1576,Radio 2271 B1,E55P870893,12/19/2024 22:08,Normal,nff_issues,,Wait for data timeout,658.5,,TRUE,FALSE,off,147.5,47.24,34.5,8,CtrlGainStateWait=starting,47868.5,,,,FALSE,FALSE,,ext-bb-data-missing,40,,,,,,0,-850,,,,,,,40,101,29917,,ns=stopped,56,,,,,,FALSE,1976,Normal
1577,Radio 2271 B1,E55P870893,12/19/2024 22:08,Normal,nff_issues,,Wait for data timeout,658.5,,TRUE,FALSE,off,147.5,47.24,34.5,8,CtrlGainStateWait=starting,47851,,,,FALSE,FALSE,,ext-bb-data-missing,40,,,,,,0,-850,,,,,,,40,101,29917,,ns=stopped,56,,,,,,FALSE,1973,Normal
1578,Radio 2271 B1,E55P870893,12/23/2024 5:09,Normal,nff_issues,,Wait for data timeout,641,,TRUE,FALSE,off,150,43.03,41.5,11,CtrlGainStateWait=starting,43937,,,,FALSE,FALSE,,ext-bb-data-missing,40,,,,,,0,-850,,,,,,,20,101,29886,,ns=stopped,56,,,,,,FALSE,1973,Normal
1579,Radio 2271 B1,E55P870893,12/23/2024 5:09,Normal,nff_issues,,Wait for data timeout,458.5,,TRUE,FALSE,off,111.5,43.03,41.6,8,CtrlGainStateWait=starting,44060,,,,FALSE,FALSE,,ext-bb-data-missing,40,,,,,,0,-850,,,,,,,20,75.5,29892,,ns=stopped,56,,,,,,FALSE,1973,Normal
1580,Radio 2271 B1,E55P870893,12/23/2024 5:09,Normal,nff_issues,,Wait for data timeout,458.5,,TRUE,FALSE,off,111.5,43.03,41.6,8,CtrlGainStateWait=starting,44060,,,,FALSE,FALSE,,ext-bb-data-missing,40,,,,,,0,-850,,,,,,,20,75.5,29892,,ns=stopped,56,,,,,,FALSE,1976,Normal
1581,Radio 2271 B1,E55P870893,12/24/2024 19:54,Normal,nff_issues,,Wait for data timeout,636,,TRUE,FALSE,off,151,43.03,47.6,11,CtrlGainStateWait=starting,43867,,,,FALSE,FALSE,,ext-bb-data-missing,40,,,,,,0,-850,,,,,,,20,102,29898,,ns=stopped,56,,,,,,FALSE,1973,Normal
1582,Radio 2271 B1,E55P870893,12/24/2024 19:55,Normal,nff_issues,,Wait for data timeout,448,,TRUE,FALSE,off,112.5,43.03,47.7,8,CtrlGainStateWait=starting,43954.5,,,,FALSE,FALSE,,ext-bb-data-missing,40,,,,,,0,-850,,,,,,,20,76,29896,,ns=stopped,56,,,,,,FALSE,1976,Normal
1583,Radio 2271 B1,E55P870893,1/6/2025 12:51,Normal,nff_issues,,Wait for data timeout,663,,TRUE,FALSE,off,151,43.03,38.1,10,CtrlGainStateWait=starting,43972,,,,FALSE,FALSE,,ext-bb-data-missing,40,,,,,,0,-850,,,,,,,20,101,29835,,ns=stopped,56,,,,,,FALSE,1973,Normal
1584,Radio 2271 B1,E55P870893,1/6/2025 12:51,Normal,nff_issues,,Wait for data timeout,596,,TRUE,FALSE,off,150,43.03,38.1,9,CtrlGainStateWait=starting,44085.5,,,,FALSE,FALSE,,ext-bb-data-missing,40,,,,,,0,-850,,,,,,,20,101.5,29882,,ns=stopped,56,,,,,,FALSE,1976,Normal
1585,Radio 2271 B1,E55P870893,1/9/2025 2:38,Normal,nff_issues,,Wait for data timeout,416,,TRUE,FALSE,off,155,43.03,22.9,14,CtrlGainStateWait=starting,44078,,,,FALSE,FALSE,,ext-bb-data-missing,40,,,,,,0,-850,,,,,,,20,105,29945,,ns=stopped,56,,,,,,FALSE,1973,Normal
1586,Radio 2271 B1,E55P870893,1/9/2025 2:38,Normal,nff_issues,,Wait for data timeout,374.5,,TRUE,FALSE,off,113,43.03,23.3,9,CtrlGainStateWait=starting,43937,,,,FALSE,FALSE,,ext-bb-data-missing,40,,,,,,0,-850,,,,,,,20,77,29896,,ns=stopped,56,,,,,,FALSE,1973,Normal
1587,Radio 2271 B1,E55P870893,1/9/2025 2:38,Normal,nff_issues,,Wait for data timeout,374.5,,TRUE,FALSE,off,113,43.03,23.3,9,CtrlGainStateWait=starting,43937,,,,FALSE,FALSE,,ext-bb-data-missing,40,,,,,,0,-850,,,,,,,20,77,29896,,ns=stopped,56,,,,,,FALSE,1976,Normal
1588,Radio 2271 B1,E55P870893,1/9/2025 20:28,Normal,nff_issues,,Wait for data timeout,676,,TRUE,FALSE,off,152,43.03,36.2,10,CtrlGainStateWait=starting,44058,,,,FALSE,FALSE,,ext-bb-data-missing,40,,,,,,0,-850,,,,,,,20,101,29855,,ns=stopped,56,,,,,,FALSE,1973,Normal
1589,Radio 2271 B1,E55P870893,1/9/2025 20:28,Normal,nff_issues,,Wait for data timeout,488.5,,TRUE,FALSE,off,113,43.03,36.3,7,CtrlGainStateWait=starting,44042,,,,FALSE,FALSE,,ext-bb-data-missing,40,,,,,,0,-850,,,,,,,20,75.5,29931,,ns=stopped,56,,,,,,FALSE,1976,Normal
1590,Radio 2271 B1,E55P870893,1/9/2025 20:28,Normal,nff_issues,,Wait for data timeout,720,,TRUE,FALSE,off,151,43.03,35.9,14,CtrlGainStateWait=starting,43988,,,,FALSE,FALSE,,ext-bb-data-missing,40,,,,,,0,-850,,,,,,,20,100,29867,,ns=stopped,56,,,,,,FALSE,1973,Normal
1591,Radio 2271 B1,E55P870893,1/9/2025 20:29,Normal,nff_issues,,Wait for data timeout,507,,TRUE,FALSE,off,150,43.03,34.6,3,CtrlGainStateWait=starting,44058,,,,FALSE,FALSE,,ext-bb-data-missing,40,,,,,,0,-850,,,,,,,20,104,29917,,ns=stopped,56,,,,,,FALSE,1976,Normal
1592,Radio 2271 B1,E55P870893,1/9/2025 20:30,Normal,nff_issues,,Wait for data timeout,601,,TRUE,FALSE,off,149,43.03,34.1,5,CtrlGainStateWait=starting,44023,,,,FALSE,FALSE,,ext-bb-data-missing,40,,,,,,0,-850,,,,,,,20,102,29906,,ns=stopped,56,,,,,,FALSE,1976,Normal
1593,Radio 2271 B1,E55P870893,1/11/2025 12:39,Normal,nff_issues,,Wait for data timeout,634,,TRUE,FALSE,off,152,43.03,36,12,CtrlGainStateWait=starting,44042,,,,FALSE,FALSE,,ext-bb-data-missing,40,,,,,,0,-850,,,,,,,20,102,29886,,ns=stopped,56,,,,,,FALSE,1973,Normal
1594,Radio 2271 B1,E55P870893,1/11/2025 12:40,Normal,nff_issues,,Wait for data timeout,446,,TRUE,FALSE,off,113.5,43.03,36.2,7.5,CtrlGainStateWait=starting,43954.5,,,,FALSE,FALSE,,ext-bb-data-missing,40,,,,,,0,-850,,,,,,,20,76.5,29892,,ns=stopped,56,,,,,,FALSE,1976,Normal
1595,Radio 2271 B1,E55P870893,1/11/2025 21:02,Normal,nff_issues,,Wait for data timeout,640,,TRUE,FALSE,off,154,43.03,33.3,12,CtrlGainStateWait=starting,43937,,,,FALSE,FALSE,,ext-bb-data-missing,40,,,,,,0,-850,,,,,,,20,103,29855,,ns=stopped,56,,,,,,FALSE,1973,Normal
1596,Radio 2271 B1,E55P870893,1/11/2025 21:03,Normal,nff_issues,,Wait for data timeout,456,,TRUE,FALSE,off,113.5,43.03,33.4,8,CtrlGainStateWait=starting,44024.5,,,,FALSE,FALSE,,ext-bb-data-missing,40,,,,,,0,-850,,,,,,,20,76.5,29886,,ns=stopped,56,,,,,,FALSE,1976,Normal
1597,Radio 2271 B1,E55P870893,1/11/2025 21:03,Normal,nff_issues,,Wait for data timeout,715,,TRUE,FALSE,off,152,43.03,33.2,15,CtrlGainStateWait=starting,43972,,,,FALSE,FALSE,,ext-bb-data-missing,40,,,,,,0,-850,,,,,,,20,101,29917,,ns=stopped,56,,,,,,FALSE,1973,Normal
1598,Radio 2271 B1,E55P870893,1/11/2025 21:04,Normal,nff_issues,,Wait for data timeout,523,,TRUE,FALSE,off,150,43.03,32.7,3,CtrlGainStateWait=starting,43867,,,,FALSE,FALSE,,ext-bb-data-missing,40,,,,,,0,-850,,,,,,,20,103,29835,,ns=stopped,56,,,,,,FALSE,1976,Normal
1599,Radio 2271 B1,E55P870893,1/11/2025 21:04,Normal,nff_issues,,Wait for data timeout,603,,TRUE,FALSE,off,149,43.03,32.5,5,CtrlGainStateWait=starting,44093,,,,FALSE,FALSE,,ext-bb-data-missing,40,,,,,,0,-850,,,,,,,20,102,29906,,ns=stopped,56,,,,,,FALSE,1976,Normal
1600,Radio 2271 B1,E55P870893,1/12/2025 19:43,Normal,nff_issues,,Wait for data timeout,667,,TRUE,FALSE,off,151,43.03,34.8,12,CtrlGainStateWait=starting,44023,,,,FALSE,FALSE,,ext-bb-data-missing,40,,,,,,0,-850,,,,,,,20,102,29878,,ns=stopped,56,,,,,,FALSE,1973,Normal
1601,Radio 2271 B1,E55P870893,1/12/2025 19:43,Normal,nff_issues,,Wait for data timeout,470.5,,TRUE,FALSE,off,150.5,43.03,34.9,8.5,CtrlGainStateWait=starting,43981.5,,,,FALSE,FALSE,,ext-bb-data-missing,40,,,,,,0,-850,,,,,,,20,75.5,29882,,ns=stopped,56,,,,,,FALSE,1976,Normal
1602,Radio 2271 B1,E55P870893,1/12/2025 19:43,Normal,nff_issues,,Wait for data timeout,464.5,,TRUE,FALSE,off,112,43.03,34.9,6,CtrlGainStateWait=starting,43954.5,,,,FALSE,FALSE,,ext-bb-data-missing,40,,,,,,0,-850,,,,,,,20,76.5,29870.5,,ns=stopped,56,,,,,,FALSE,1973,Normal
1603,Radio 2271 B1,E55P870893,1/13/2025 6:41,Normal,nff_issues,,Wait for data timeout,630,,TRUE,FALSE,off,154,43.03,40.2,11,CtrlGainStateWait=starting,43937,,,,FALSE,FALSE,,ext-bb-data-missing,40,,,,,,0,-850,,,,,,,20,103,29878,,ns=stopped,56,,,,,,FALSE,1973,Normal
1604,Radio 2271 B1,E55P870893,1/13/2025 6:42,Normal,nff_issues,,Wait for data timeout,446.5,,TRUE,FALSE,off,113,43.03,40.2,8,CtrlGainStateWait=starting,43921,,,,FALSE,FALSE,,ext-bb-data-missing,40,,,,,,0,-850,,,,,,,20,75.5,29872.5,,ns=stopped,56,,,,,,FALSE,1976,Normal
1605,Radio 2271 B1,E55P870893,1/13/2025 6:42,Normal,nff_issues,,Wait for data timeout,704,,TRUE,FALSE,off,151,43.03,39.8,15,CtrlGainStateWait=starting,44042,,,,FALSE,FALSE,,ext-bb-data-missing,40,,,,,,0,-850,,,,,,,20,100,29878,,ns=stopped,56,,,,,,FALSE,1973,Normal
1606,Radio 2271 B1,E55P870893,1/13/2025 6:43,Normal,nff_issues,,Wait for data timeout,485,,TRUE,FALSE,off,151,43.03,39.2,3,CtrlGainStateWait=starting,43937,,,,FALSE,FALSE,,ext-bb-data-missing,40,,,,,,0,-850,,,,,,,20,102,29898,,ns=stopped,56,,,,,,FALSE,1976,Normal
1607,Radio 2271 B1,E55P870893,1/13/2025 6:43,Normal,nff_issues,,Wait for data timeout,586,,TRUE,FALSE,off,150,43.03,38.8,4,CtrlGainStateWait=starting,44007,,,,FALSE,FALSE,,ext-bb-data-missing,40,,,,,,0,-850,,,,,,,20,102,29906,,ns=stopped,56,,,,,,FALSE,1976,Normal
1608,Radio 2271 B1,E55P870893,1/14/2025 14:04,Normal,nff_issues,,Wait for data timeout,523,,TRUE,FALSE,off,154,43.03,42.8,12,CtrlGainStateWait=starting,43972,,,,FALSE,FALSE,,ext-bb-data-missing,40,,,,,,0,-850,,,,,,,20,103,29937,,ns=stopped,56,,,,,,FALSE,1973,Normal
1609,Radio 2271 B1,E55P870893,1/14/2025 14:05,Normal,nff_issues,,Wait for data timeout,396,,TRUE,FALSE,off,114,43.03,43.1,8,CtrlGainStateWait=starting,43929,,,,FALSE,FALSE,,ext-bb-data-missing,40,,,,,,0,-850,,,,,,,20,76.5,29886.5,,ns=stopped,56,,,,,,FALSE,1976,Normal
1610,Radio 2271 B1,E55P870893,1/15/2025 19:53,Normal,nff_issues,,Wait for data timeout,386,,TRUE,FALSE,off,154,43.03,27.9,13,CtrlGainStateWait=starting,43902,,,,FALSE,FALSE,,ext-bb-data-missing,40,,,,,,0,-850,,,,,,,20,104,29906,,ns=stopped,56,,,,,,FALSE,1973,Normal
1611,Radio 2271 B1,E55P870893,1/15/2025 19:53,Normal,nff_issues,,Wait for data timeout,367,,TRUE,FALSE,off,114,43.03,28.4,9,CtrlGainStateWait=starting,44060,,,,FALSE,FALSE,,ext-bb-data-missing,40,,,,,,0,-850,,,,,,,20,77,29931,,ns=stopped,56,,,,,,FALSE,1976,Normal
1612,Radio 2271 B1,E55P870893,1/16/2025 18:34,Normal,nff_issues,,Wait for data timeout,629,,TRUE,FALSE,off,153,43.03,38.6,11,CtrlGainStateWait=starting,43957,,,,FALSE,FALSE,,ext-bb-data-missing,40,,,,,,0,-850,,,,,,,20,102,29886,,ns=stopped,56,,,,,,FALSE,1973,Normal
1613,Radio 2271 B1,E55P870893,1/16/2025 18:34,Normal,nff_issues,,Wait for data timeout,447.5,,TRUE,FALSE,off,112,43.03,38.7,8.5,CtrlGainStateWait=starting,43982,,,,FALSE,FALSE,,ext-bb-data-missing,40,,,,,,0,-850,,,,,,,20,75,29927,,ns=stopped,56,,,,,,FALSE,1976,Normal
1614,Radio 2271 B1,E55P870893,1/17/2025 0:35,Normal,nff_issues,,Wait for data timeout,677,,TRUE,FALSE,off,153,43.03,25.2,12,CtrlGainStateWait=starting,44078,,,,FALSE,FALSE,,ext-bb-data-missing,40,,,,,,0,-850,,,,,,,20,103,29855,,ns=stopped,56,,,,,,FALSE,1973,Normal
1615,Radio 2271 B1,E55P870893,1/17/2025 0:35,Normal,nff_issues,,Wait for data timeout,480,,TRUE,FALSE,off,113,43.03,25.4,8,CtrlGainStateWait=starting,43980,,,,FALSE,FALSE,,ext-bb-data-missing,40,,,,,,0,-850,,,,,,,20,76.5,29896,,ns=stopped,56,,,,,,FALSE,1976,Normal
1616,Radio 2271 B1,E55P870893,1/17/2025 0:36,Normal,nff_issues,,Wait for data timeout,736,,TRUE,FALSE,off,151,43.03,25.2,16,CtrlGainStateWait=starting,43988,,,,FALSE,FALSE,,ext-bb-data-missing,40,,,,,,0,-850,,,,,,,20,102,29855,,ns=stopped,56,,,,,,FALSE,1973,Normal
1617,Radio 2271 B1,E55P870893,1/17/2025 0:36,Normal,nff_issues,,Wait for data timeout,578,,TRUE,FALSE,off,149,43.03,24.8,4,CtrlGainStateWait=starting,43921,,,,FALSE,FALSE,,ext-bb-data-missing,40,,,,,,0,-850,,,,,,,20,102,29847,,ns=stopped,56,,,,,,FALSE,1976,Normal
1618,Radio 2271 B1,E55P870893,1/17/2025 0:37,Normal,nff_issues,,Wait for data timeout,621,,TRUE,FALSE,off,149,43.03,24.6,6,CtrlGainStateWait=starting,43867,,,,FALSE,FALSE,,ext-bb-data-missing,40,,,,,,0,-850,,,,,,,20,103,29906,,ns=stopped,56,,,,,,FALSE,1976,Normal
1619,Radio 2271 B1,E55P870893,1/19/2025 8:30,Normal,nff_issues,,Wait for data timeout,625,,TRUE,FALSE,off,152,43.03,44.8,11,CtrlGainStateWait=starting,44023,,,,FALSE,FALSE,,ext-bb-data-missing,40,,,,,,0,-850,,,,,,,20,102,29937,,ns=stopped,56,,,,,,FALSE,1973,Normal
1620,Radio 2271 B1,E55P870893,1/19/2025 8:31,Normal,nff_issues,,Wait for data timeout,437,,TRUE,FALSE,off,113,43.03,44.9,8.5,CtrlGainStateWait=starting,44007,,,,FALSE,FALSE,,ext-bb-data-missing,40,,,,,,0,-850,,,,,,,20,76,29896,,ns=stopped,56,,,,,,FALSE,1976,Normal
1621,Radio 2271 B1,E55P870893,1/19/2025 20:26,Normal,nff_issues,,Wait for data timeout,640,,TRUE,FALSE,off,152,43.03,35.4,12,CtrlGainStateWait=starting,43972,,,,FALSE,FALSE,,ext-bb-data-missing,40,,,,,,0,-850,,,,,,,20,102,29886,,ns=stopped,56,,,,,,FALSE,1973,Normal
1622,Radio 2271 B1,E55P870893,1/19/2025 20:26,Normal,nff_issues,,Wait for data timeout,451.5,,TRUE,FALSE,off,113.5,43.03,35.5,8.5,CtrlGainStateWait=starting,43954.5,,,,FALSE,FALSE,,ext-bb-data-missing,40,,,,,,0,-850,,,,,,,20,76,29878,,ns=stopped,56,,,,,,FALSE,1976,Normal
1623,Radio 2271 B1,E55P870893,1/20/2025 20:11,Normal,nff_issues,,Wait for data timeout,656,,TRUE,FALSE,off,153,43.03,31,12,CtrlGainStateWait=starting,44042,,,,FALSE,FALSE,,ext-bb-data-missing,40,,,,,,0,-850,,,,,,,20,103,29925,,ns=stopped,56,,,,,,FALSE,1973,Normal
1624,Radio 2271 B1,E55P870893,1/20/2025 20:11,Normal,nff_issues,,Wait for data timeout,467.5,,TRUE,FALSE,off,113,43.03,31.2,8,CtrlGainStateWait=starting,44068,,,,FALSE,FALSE,,ext-bb-data-missing,40,,,,,,0,-850,,,,,,,20,76,29888,,ns=stopped,56,,,,,,FALSE,1976,Normal
1625,Radio 2271 B1,E55P870893,1/20/2025 20:11,Normal,nff_issues,,Wait for data timeout,730,,TRUE,FALSE,off,151,43.03,30.9,16,CtrlGainStateWait=starting,43972,,,,FALSE,FALSE,,ext-bb-data-missing,40,,,,,,0,-850,,,,,,,20,101,29898,,ns=stopped,56,,,,,,FALSE,1973,Normal
1626,Radio 2271 B1,E55P870893,1/20/2025 20:12,Normal,nff_issues,,Wait for data timeout,557,,TRUE,FALSE,off,150,43.03,30.7,4,CtrlGainStateWait=starting,43957,,,,FALSE,FALSE,,ext-bb-data-missing,40,,,,,,0,-850,,,,,,,20,103,29886,,ns=stopped,56,,,,,,FALSE,1976,Normal
1627,Radio 2271 B1,E55P870893,1/20/2025 20:12,Normal,nff_issues,,Wait for data timeout,601,,TRUE,FALSE,off,150,43.03,30.6,5,CtrlGainStateWait=starting,44058,,,,FALSE,FALSE,,ext-bb-data-missing,40,,,,,,0,-850,,,,,,,20,102,29867,,ns=stopped,56,,,,,,FALSE,1976,Normal
1628,Radio 2271 B1,E55P870893,1/22/2025 3:43,Normal,nff_issues,,Wait for data timeout,652,,TRUE,FALSE,off,153,43.03,33.7,11,CtrlGainStateWait=starting,44058,,,,FALSE,FALSE,,ext-bb-data-missing,40,,,,,,0,-850,,,,,,,20,103,29835,,ns=stopped,56,,,,,,FALSE,1973,Normal
1629,Radio 2271 B1,E55P870893,1/22/2025 3:43,Normal,nff_issues,,Wait for data timeout,459,,TRUE,FALSE,off,114,43.03,33.9,7.5,CtrlGainStateWait=starting,44050,,,,FALSE,FALSE,,ext-bb-data-missing,40,,,,,,0,-850,,,,,,,20,77,29837.5,,ns=stopped,56,,,,,,FALSE,1976,Normal
1630,Radio 2271 B1,E55P870893,1/22/2025 20:16,Normal,nff_issues,,Wait for data timeout,641,,TRUE,FALSE,off,154,43.03,32.4,11,CtrlGainStateWait=starting,43972,,,,FALSE,FALSE,,ext-bb-data-missing,40,,,,,,0,-850,,,,,,,20,103,29925,,ns=stopped,56,,,,,,FALSE,1973,Normal
1631,Radio 2271 B1,E55P870893,1/22/2025 20:16,Normal,nff_issues,,Wait for data timeout,454,,TRUE,FALSE,off,113,43.03,32.6,7.5,CtrlGainStateWait=starting,43997.5,,,,FALSE,FALSE,,ext-bb-data-missing,40,,,,,,0,-850,,,,,,,20,76,29857,,ns=stopped,56,,,,,,FALSE,1976,Normal
1632,Radio 2271 B1,E55P870893,1/22/2025 20:17,Normal,nff_issues,,Wait for data timeout,718,,TRUE,FALSE,off,152,43.03,32.4,15,CtrlGainStateWait=starting,44078,,,,FALSE,FALSE,,ext-bb-data-missing,40,,,,,,0,-850,,,,,,,20,101,29906,,ns=stopped,56,,,,,,FALSE,1973,Normal
1633,Radio 2271 B1,E55P870893,1/22/2025 20:17,Normal,nff_issues,,Wait for data timeout,540,,TRUE,FALSE,off,150,43.03,32.2,4,CtrlGainStateWait=starting,43921,,,,FALSE,FALSE,,ext-bb-data-missing,40,,,,,,0,-850,,,,,,,20,103,29906,,ns=stopped,56,,,,,,FALSE,1976,Normal
1634,Radio 2271 B1,E55P870893,1/22/2025 20:17,Normal,nff_issues,,Wait for data timeout,589,,TRUE,FALSE,off,150,43.03,32.1,4,CtrlGainStateWait=starting,44078,,,,FALSE,FALSE,,ext-bb-data-missing,40,,,,,,0,-850,,,,,,,20,103,29906,,ns=stopped,56,,,,,,FALSE,1976,Normal
1635,Radio 2271 B1,E55P870893,1/23/2025 18:35,Normal,nff_issues,,Wait for data timeout,637,,TRUE,FALSE,off,153,43.03,38.7,11,CtrlGainStateWait=starting,44042,,,,FALSE,FALSE,,ext-bb-data-missing,40,,,,,,0,-850,,,,,,,20,103,29867,,ns=stopped,56,,,,,,FALSE,1973,Normal
1636,Radio 2271 B1,E55P870893,1/23/2025 18:36,Normal,nff_issues,,Wait for data timeout,452,,TRUE,FALSE,off,113,43.03,38.8,8,CtrlGainStateWait=starting,43894,,,,FALSE,FALSE,,ext-bb-data-missing,40,,,,,,0,-850,,,,,,,20,75.5,29845,,ns=stopped,56,,,,,,FALSE,1973,Normal
1637,Radio 2271 B1,E55P870893,1/23/2025 18:36,Normal,nff_issues,,Wait for data timeout,452,,TRUE,FALSE,off,113,43.03,38.7,8,CtrlGainStateWait=starting,43894,,,,FALSE,FALSE,,ext-bb-data-missing,40,,,,,,0,-850,,,,,,,20,75.5,29845,,ns=stopped,56,,,,,,FALSE,1976,Normal
1638,Radio 2271 B1,E55P870893,1/24/2025 8:07,Normal,nff_issues,,Wait for data timeout,618,,TRUE,FALSE,off,154,43.03,40.4,11,CtrlGainStateWait=starting,44113,,,,FALSE,FALSE,,ext-bb-data-missing,40,,,,,,0,-850,,,,,,,20,103,29917,,ns=stopped,56,,,,,,FALSE,1973,Normal
1639,Radio 2271 B1,E55P870893,1/24/2025 8:07,Normal,nff_issues,,Wait for data timeout,436.5,,TRUE,FALSE,off,113,43.03,40.6,8,CtrlGainStateWait=starting,43964,,,,FALSE,FALSE,,ext-bb-data-missing,40,,,,,,0,-850,,,,,,,20,75.5,29866.5,,ns=stopped,56,,,,,,FALSE,1976,Normal
1640,Radio 2271 B1,E55P870893,1/24/2025 8:07,Normal,nff_issues,,Wait for data timeout,699,,TRUE,FALSE,off,151,43.03,40.4,15,CtrlGainStateWait=starting,43867,,,,FALSE,FALSE,,ext-bb-data-missing,40,,,,,,0,-850,,,,,,,20,101,29878,,ns=stopped,56,,,,,,FALSE,1973,Normal
1641,Radio 2271 B1,E55P870893,1/24/2025 8:08,Normal,nff_issues,,Wait for data timeout,495,,TRUE,FALSE,off,150,43.03,40.4,4,CtrlGainStateWait=starting,44128,,,,FALSE,FALSE,,ext-bb-data-missing,40,,,,,,0,-850,,,,,,,20,102,29886,,ns=stopped,56,,,,,,FALSE,1976,Normal
1642,Radio 2271 B1,E55P870893,1/24/2025 8:08,Normal,nff_issues,,Wait for data timeout,573,,TRUE,FALSE,off,150,43.03,40.3,5,CtrlGainStateWait=starting,44042,,,,FALSE,FALSE,,ext-bb-data-missing,40,,,,,,0,-850,,,,,,,20,101,29917,,ns=stopped,56,,,,,,FALSE,1976,Normal
1643,Radio 2271 B1,E55P870893,1/25/2025 6:53,Normal,nff_issues,,Wait for data timeout,640,,TRUE,FALSE,off,153,43.03,38.8,11,CtrlGainStateWait=starting,44023,,,,FALSE,FALSE,,ext-bb-data-missing,40,,,,,,0,-850,,,,,,,20,102,29886,,ns=stopped,56,,,,,,FALSE,1973,Normal
1644,Radio 2271 B1,E55P870893,1/25/2025 6:53,Normal,nff_issues,,Wait for data timeout,454.5,,TRUE,FALSE,off,113,43.03,38.8,8,CtrlGainStateWait=starting,43982,,,,FALSE,FALSE,,ext-bb-data-missing,40,,,,,,0,-850,,,,,,,20,75,29901.5,,ns=stopped,56,,,,,,FALSE,1976,Normal
1645,Radio 2271 B1,E55P870893,1/25/2025 20:14,Normal,nff_issues,,Wait for data timeout,638,,TRUE,FALSE,off,153,43.03,37.5,12,CtrlGainStateWait=starting,43957,,,,FALSE,FALSE,,ext-bb-data-missing,40,,,,,,0,-850,,,,,,,20,102,29878,,ns=stopped,56,,,,,,FALSE,1973,Normal
1646,Radio 2271 B1,E55P870893,1/25/2025 20:15,Normal,nff_issues,,Wait for data timeout,447.5,,TRUE,FALSE,off,114,43.03,37.6,8,CtrlGainStateWait=starting,43989.5,,,,FALSE,FALSE,,ext-bb-data-missing,40,,,,,,0,-850,,,,,,,20,77,29882,,ns=stopped,56,,,,,,FALSE,1976,Normal
1647,Radio 2271 B1,E55P870893,1/25/2025 20:15,Normal,nff_issues,,Wait for data timeout,714,,TRUE,FALSE,off,152,43.03,37.4,15,CtrlGainStateWait=starting,44058,,,,FALSE,FALSE,,ext-bb-data-missing,40,,,,,,0,-850,,,,,,,20,100,29867,,ns=stopped,56,,,,,,FALSE,1973,Normal
1648,Radio 2271 B1,E55P870893,1/25/2025 20:15,Normal,nff_issues,,Wait for data timeout,530,,TRUE,FALSE,off,150,43.03,37.2,4,CtrlGainStateWait=starting,44078,,,,FALSE,FALSE,,ext-bb-data-missing,40,,,,,,0,-850,,,,,,,20,102,29898,,ns=stopped,56,,,,,,FALSE,1976,Normal
1649,Radio 2271 B1,E55P870893,1/25/2025 20:16,Normal,nff_issues,,Wait for data timeout,585,,TRUE,FALSE,off,150,43.03,37.1,5,CtrlGainStateWait=starting,44058,,,,FALSE,FALSE,,ext-bb-data-missing,40,,,,,,0,-850,,,,,,,20,102,29898,,ns=stopped,56,,,,,,FALSE,1976,Normal
1650,Radio 2271 B1,E55P870893,1/26/2025 6:39,Normal,nff_issues,,Wait for data timeout,639,,TRUE,FALSE,off,154,43.03,35.1,11,CtrlGainStateWait=starting,43921,,,,FALSE,FALSE,,ext-bb-data-missing,40,,,,,,0,-850,,,,,,,20,104,29906,,ns=stopped,56,,,,,,FALSE,1973,Normal
1651,Radio 2271 B1,E55P870893,1/26/2025 6:40,Normal,nff_issues,,Wait for data timeout,452,,TRUE,FALSE,off,113.5,43.03,35.3,7.5,CtrlGainStateWait=starting,44017,,,,FALSE,FALSE,,ext-bb-data-missing,40,,,,,,0,-850,,,,,,,20,77,29862.5,,ns=stopped,56,,,,,,FALSE,1976,Normal
1652,Radio 2271 B1,E55P870893,1/28/2025 3:01,Normal,nff_issues,,Wait for data timeout,651,,TRUE,FALSE,off,154,43.03,34.8,12,CtrlGainStateWait=starting,44093,,,,FALSE,FALSE,,ext-bb-data-missing,40,,,,,,0,-850,,,,,,,20,102,29855,,ns=stopped,56,,,,,,FALSE,1973,Normal
1653,Radio 2271 B1,E55P870893,1/28/2025 3:01,Normal,nff_issues,,Wait for data timeout,457,,TRUE,FALSE,off,113,43.03,35.1,8,CtrlGainStateWait=starting,44007.5,,,,FALSE,FALSE,,ext-bb-data-missing,40,,,,,,0,-850,,,,,,,20,75.5,29861,,ns=stopped,56,,,,,,FALSE,1976,Normal
1654,Radio 2271 B1,E55P870893,1/29/2025 16:37,Normal,nff_issues,,Wait for data timeout,652,,TRUE,FALSE,off,153,43.03,32.9,12,CtrlGainStateWait=starting,44148,,,,FALSE,FALSE,,ext-bb-data-missing,40,,,,,,0,-850,,,,,,,20,103,29847,,ns=stopped,56,,,,,,FALSE,1973,Normal
1655,Radio 2271 B1,E55P870893,1/29/2025 16:37,Normal,nff_issues,,Wait for data timeout,460,,TRUE,FALSE,off,113.5,43.03,33.1,7.5,CtrlGainStateWait=starting,43964,,,,FALSE,FALSE,,ext-bb-data-missing,40,,,,,,0,-850,,,,,,,20,75.5,29886,,ns=stopped,56,,,,,,FALSE,1976,Normal
1656,Radio 2271 B1,E55P870893,1/30/2025 20:25,Normal,nff_issues,,Wait for data timeout,653,,TRUE,FALSE,off,154,43.03,30.5,12,CtrlGainStateWait=starting,43921,,,,FALSE,FALSE,,ext-bb-data-missing,40,,,,,,0,-850,,,,,,,20,103,29878,,ns=stopped,56,,,,,,FALSE,1973,Normal
1657,Radio 2271 B1,E55P870893,1/30/2025 20:25,Normal,nff_issues,,Wait for data timeout,462.5,,TRUE,FALSE,off,113.5,43.03,30.6,8.5,CtrlGainStateWait=starting,43964,,,,FALSE,FALSE,,ext-bb-data-missing,40,,,,,,0,-850,,,,,,,20,76.5,29870.5,,ns=stopped,56,,,,,,FALSE,1976,Normal
1658,Radio 2271 B1,E55P870893,1/31/2025 20:46,Normal,nff_issues,,Wait for data timeout,638,,TRUE,FALSE,off,154,43.03,37.6,11,CtrlGainStateWait=starting,44093,,,,FALSE,FALSE,,ext-bb-data-missing,40,,,,,,0,-850,,,,,,,20,102,29878,,ns=stopped,56,,,,,,FALSE,1973,Normal
1659,Radio 2271 B1,E55P870893,1/31/2025 20:46,Normal,nff_issues,,Wait for data timeout,450.5,,TRUE,FALSE,off,113.5,43.03,37.7,8,CtrlGainStateWait=starting,44035,,,,FALSE,FALSE,,ext-bb-data-missing,40,,,,,,0,-850,,,,,,,20,76.5,29855,,ns=stopped,56,,,,,,FALSE,1976,Normal
1660,Radio 2271 B1,E55P870893,2/1/2025 19:29,Normal,nff_issues,,Wait for data timeout,650,,TRUE,FALSE,off,154,43.03,32.6,12,CtrlGainStateWait=starting,44042,,,,FALSE,FALSE,,ext-bb-data-missing,40,,,,,,0,-850,,,,,,,20,104,29917,,ns=stopped,56,,,,,,FALSE,1973,Normal
1661,Radio 2271 B1,E55P870893,2/1/2025 19:29,Normal,nff_issues,,Wait for data timeout,458.5,,TRUE,FALSE,off,114,43.03,32.7,8,CtrlGainStateWait=starting,43989.5,,,,FALSE,FALSE,,ext-bb-data-missing,40,,,,,,0,-850,,,,,,,20,77,29907.5,,ns=stopped,56,,,,,,FALSE,1976,Normal
1662,Radio 2271 B1,E55P870893,2/1/2025 19:29,Normal,nff_issues,,Wait for data timeout,724,,TRUE,FALSE,off,153,43.03,32.5,14,CtrlGainStateWait=starting,43902,,,,FALSE,FALSE,,ext-bb-data-missing,40,,,,,,0,-850,,,,,,,20,102,29878,,ns=stopped,56,,,,,,FALSE,1973,Normal
1663,Radio 2271 B1,E55P870893,2/1/2025 19:30,Normal,nff_issues,,Wait for data timeout,522,,TRUE,FALSE,off,150,43.03,32.1,3,CtrlGainStateWait=starting,43972,,,,FALSE,FALSE,,ext-bb-data-missing,40,,,,,,0,-850,,,,,,,20,103,29898,,ns=stopped,56,,,,,,FALSE,1976,Normal
1664,Radio 2271 B1,E55P870893,2/1/2025 19:30,Normal,nff_issues,,Wait for data timeout,604,,TRUE,FALSE,off,150,43.03,31.9,4,CtrlGainStateWait=starting,44007,,,,FALSE,FALSE,,ext-bb-data-missing,40,,,,,,0,-850,,,,,,,20,102,29878,,ns=stopped,56,,,,,,FALSE,1976,Normal
2261,Radio 2271 B1,E55P992060,5/29/2025 5:17,Normal,nff_issues,,supervision,6,BF,TRUE,FALSE,on,149,49.03,47.3,3,CtrlGainStateTuned=started,50042,-16.36,FALSE,0,,,NA,lin-sv-medium-freq-fault,40,FALSE,TRUE,,-16.34,TRUE,181,-850,TRUE,DPD_STATUS_OK,,-1000,TRUE,TRUE,80,99,29957,,CtrlLinStateStarted=started,2,0,NORMAL,-1000,TRUE,FALSE,,803,Normal
2262,Radio 2271 B1,E55P992060,5/29/2025 5:23,Normal,nff_issues,,supervision,6,BF,TRUE,FALSE,on,149,49.03,46.3,3,CtrlGainStateTuned=started,49906,-13.74,FALSE,-20,,,NA,lin-sv-high-freq-fault,40,FALSE,TRUE,,-13.76,TRUE,23,-850,TRUE,DPD_STATUS_OK,,-17.99,TRUE,TRUE,80,100,29945,,CtrlLinStateStarted=started,2,43.5737,NORMAL,-14.27,TRUE,FALSE,,857,Normal
2263,Radio 2271 B1,E55P992060,5/29/2025 5:23,Normal,nff_issues,,supervision,6,BF,TRUE,FALSE,on,150,49.03,46,3,CtrlGainStateTuned=started,49906,-13.65,FALSE,-40,,,NA,lin-sv-high-freq-fault,40,FALSE,TRUE,,-13.63,TRUE,5,-850,TRUE,DPD_STATUS_OK,,-17.68,TRUE,TRUE,80,100,29937,,CtrlLinStateStarted=started,2,43.4993,NORMAL,-13.66,TRUE,FALSE,,866,Normal
2264,Radio 2271 B1,E55P992060,5/29/2025 5:24,Normal,nff_issues,,supervision,6,BF,TRUE,FALSE,on,150,49.03,45.7,4,CtrlGainStateTuned=started,49871,-11.6,TRUE,-60,,,NA,lin-sv-high-freq-fault,40,FALSE,TRUE,,-11.6,TRUE,5,-850,TRUE,DPD_STATUS_OK,,-15.69,TRUE,TRUE,80,100,29968,,CtrlLinStateStarted=started,2,45.3255,NORMAL,-12.07,TRUE,FALSE,,905,Normal
2265,Radio 2271 B1,E55P992060,5/29/2025 5:25,Normal,nff_issues,,supervision,8,BF,TRUE,FALSE,on,150,49.03,45.5,3,CtrlGainStateTuned=started,49957,-12.81,TRUE,-80,,,NA,lin-sv-high-freq-fault,40,FALSE,TRUE,,-12.79,TRUE,5,-850,TRUE,DPD_STATUS_OK,,-17.41,TRUE,TRUE,80,101,29906,,CtrlLinStateStarted=started,2,43.9355,NORMAL,-13.56,TRUE,FALSE,,953,Normal
2266,Radio 2271 B1,E55P992060,5/29/2025 5:26,Normal,nff_issues,,supervision,10,BF,TRUE,FALSE,on,150,49.03,45.3,3,CtrlGainStateTuned=started,49851,-12.97,TRUE,-100,,,NA,lin-sv-high-freq-fault,40,FALSE,TRUE,,-12.96,TRUE,5,-850,TRUE,DPD_STATUS_OK,,-16.1,TRUE,TRUE,80,100,29898,,CtrlLinStateStarted=started,2,43.5709,NORMAL,-12.6,TRUE,FALSE,,1010,Normal
2267,Radio 2271 B1,E55P992060,6/23/2025 2:42,Normal,nff_issues,,supervision,5,BF,TRUE,FALSE,on,156,49.03,58.7,2,CtrlGainStateTuned=started,49835,-12.78,FALSE,0,,,NA,lin-sv-high-freq-fault,40,FALSE,TRUE,,-12.78,TRUE,119,-850,TRUE,DPD_STATUS_OK,,-16.2,TRUE,TRUE,80,104,29945,,CtrlLinStateStarted=started,2,44.75,NORMAL,-12.44,TRUE,FALSE,,740,Normal
2268,Radio 2271 B1,E55P992060,6/23/2025 2:43,Normal,nff_issues,,supervision,5,BF,TRUE,FALSE,on,155,49.03,58.5,3,CtrlGainStateTuned=started,50027,-12.33,FALSE,-20,,,NA,lin-sv-high-freq-fault,40,FALSE,TRUE,,-12.34,TRUE,5,-850,TRUE,DPD_STATUS_OK,,-16,TRUE,TRUE,80,103,29878,,CtrlLinStateStarted=started,2,44.9916,NORMAL,-12.35,TRUE,FALSE,,779,Normal
2269,Radio 2271 B1,E55P992060,6/23/2025 2:44,Normal,nff_issues,,supervision,4,BF,TRUE,FALSE,on,156,49.03,58.3,2,CtrlGainStateTuned=started,49835,-11.53,FALSE,-40,,,TOR_ADC_ERR,lin-sv-high-freq-fault,40,FALSE,TRUE,,-9.64,TRUE,5,-850,TRUE,DPD_STATUS_OK,,-15.5,FALSE,TRUE,80,103,29957,,CtrlLinStateStartLate=started,2,47.4854,NORMAL,-11.55,TRUE,FALSE,,572,Normal
2270,Radio 2271 B1,E55P992060,6/23/2025 2:45,Normal,nff_issues,,supervision,4,BF,TRUE,FALSE,on,156,49.03,58.3,2,CtrlGainStateTuned=started,49992,-11.01,FALSE,-60,,,TOR_ADC_ERR,lin-sv-high-freq-fault,40,FALSE,TRUE,,-9.19,TRUE,5,-850,TRUE,DPD_STATUS_OK,,-14.86,FALSE,TRUE,80,103,29925,,CtrlLinStateStartLate=started,2,47.7425,NORMAL,-10.89,TRUE,FALSE,,629,Normal
2271,Radio 2271 B1,E55P992060,6/23/2025 2:45,Normal,nff_issues,,supervision,5,BF,TRUE,FALSE,on,156,49.03,58.1,3,CtrlGainStateTuned=started,49921,-10.61,TRUE,-80,,,NA,lin-sv-high-freq-fault,40,FALSE,TRUE,,-10.63,TRUE,5,-850,TRUE,DPD_STATUS_OK,,-14.36,TRUE,TRUE,80,103,29878,,CtrlLinStateStarted=started,2,46.0971,NORMAL,-10.53,TRUE,FALSE,,854,Normal
2272,Radio 2271 B1,E55P992060,6/23/2025 2:46,Normal,nff_issues,,supervision,6,BF,TRUE,FALSE,on,155,49.03,58.1,3,CtrlGainStateTuned=started,49851,-10.95,TRUE,-100,,,TOR_ADC_ERR,lin-sv-high-freq-fault,40,FALSE,TRUE,,-9.16,TRUE,5,-850,TRUE,DPD_STATUS_OK,,-14.95,FALSE,TRUE,80,103,29906,,CtrlLinStateStartLate=started,2,47.3696,NORMAL,-10.87,TRUE,FALSE,,695,Normal
2273,Radio 2271 B1,E55P992060,6/23/2025 2:47,Normal,nff_issues,,supervision,5,BF,TRUE,FALSE,on,155,49.03,57.8,2,CtrlGainStateTuned=started,49781,-11.27,TRUE,-120,,,TOR_ADC_ERR,lin-sv-high-freq-fault,40,FALSE,TRUE,,-9.6,TRUE,5,-850,TRUE,DPD_STATUS_OK,,-15.19,FALSE,TRUE,80,103,29925,,CtrlLinStateStartLate=started,2,46.7284,NORMAL,-11.24,TRUE,FALSE,,743,Normal
2274,Radio 2271 B1,E55P992060,6/23/2025 11:52,Normal,nff_issues,,supervision,6,BF,TRUE,FALSE,on,156,49.03,52.3,2,CtrlGainStateTuned=started,49906,-11.24,FALSE,0,,,NA,lin-sv-high-freq-fault,40,FALSE,TRUE,,-11.24,TRUE,11,-850,TRUE,DPD_STATUS_OK,,-14.68,TRUE,TRUE,80,103,29945,,CtrlLinStateStarted=started,2,46.2872,NORMAL,-10.92,TRUE,FALSE,,824,Normal
2275,Radio 2271 B1,E55P992060,6/23/2025 11:52,Normal,nff_issues,,supervision,6,BF,TRUE,FALSE,on,155,49.03,52.6,2,CtrlGainStateTuned=started,49906,-11.25,FALSE,-20,,,NA,lin-sv-high-freq-fault,40,FALSE,TRUE,,-11.24,TRUE,5,-850,TRUE,DPD_STATUS_OK,,-15.14,TRUE,TRUE,80,102,29957,,CtrlLinStateStarted=started,2,46.0898,NORMAL,-11.44,TRUE,FALSE,,848,Normal
2276,Radio 2271 B1,E55P992060,6/23/2025 11:53,Normal,nff_issues,,supervision,6,BF,TRUE,FALSE,on,156,49.03,52.9,2,CtrlGainStateTuned=started,49992,-14.04,TRUE,-40,,,NA,lin-sv-high-freq-fault,40,FALSE,TRUE,,-14.05,TRUE,5,-850,TRUE,DPD_STATUS_OK,,-17.93,TRUE,TRUE,80,103,29906,,CtrlLinStateStarted=started,2,43.0842,NORMAL,-14.09,TRUE,FALSE,,866,Normal
2277,Radio 2271 B1,E55P992060,6/23/2025 11:54,Normal,nff_issues,,supervision,6,BF,TRUE,FALSE,on,155,49.03,53.2,2,CtrlGainStateTuned=started,49906,-14.3,TRUE,-60,,,NA,lin-sv-high-freq-fault,40,FALSE,TRUE,,-14.3,TRUE,5,-850,TRUE,DPD_STATUS_OK,,-17.82,TRUE,TRUE,80,102,29945,,CtrlLinStateStarted=started,2,42.6311,NORMAL,-14.07,TRUE,FALSE,,890,Normal
2278,Radio 2271 B1,E55P992060,6/23/2025 11:54,Normal,nff_issues,,supervision,7,BF,TRUE,FALSE,on,155,49.03,53.4,3,CtrlGainStateTuned=started,49937,-13.98,TRUE,-80,,,NA,lin-sv-high-freq-fault,40,FALSE,TRUE,,-13.97,TRUE,5,-850,TRUE,DPD_STATUS_OK,,-18.03,TRUE,TRUE,80,102,29937,,CtrlLinStateStarted=started,2,42.755,NORMAL,-14.31,TRUE,FALSE,,923,Normal
2279,Radio 2271 B1,E55P992060,6/23/2025 11:55,Normal,nff_issues,,supervision,10,BF,TRUE,FALSE,on,155,49.03,53.7,3,CtrlGainStateTuned=started,49835,-11.69,TRUE,-100,,,NA,lin-sv-high-freq-fault,40,FALSE,TRUE,,-11.69,TRUE,5,-850,TRUE,DPD_STATUS_OK,,-15.83,TRUE,TRUE,80,103,29917,,CtrlLinStateStarted=started,2,44.8423,NORMAL,-12.2,TRUE,FALSE,,947,Normal
2280,Radio 2271 B1,E55P992060,6/23/2025 11:56,Normal,nff_issues,,supervision,10,BF,TRUE,FALSE,on,156,49.03,53.8,3,CtrlGainStateTuned=started,49937,-13.18,TRUE,-120,,,TOR_ADC_ERR,lin-sv-high-freq-fault,40,FALSE,TRUE,,-11.53,TRUE,5,-850,TRUE,DPD_STATUS_OK,,-16.81,FALSE,TRUE,80,103,29917,,CtrlLinStateStartLate=started,2,44.8045,NORMAL,-12.89,TRUE,FALSE,,809,Normal
2281,Radio 2271 B1,EA8C074028,11/3/2024 9:26,Normal,nff_issues,,Wait for data timeout,524,,TRUE,FALSE,off,151,43,33.5,5,CtrlGainStateWait=starting,43972,,,,FALSE,FALSE,,ext-bb-data-missing,40,,,,,,0,-850,,,,,,,20,103,29886,,ns=stopped,7,,,,,,FALSE,1981,Normal
2282,Radio 2271 B1,EA8C074028,11/3/2024 9:26,Normal,nff_issues,,Wait for data timeout,599,,TRUE,FALSE,off,149,43,33.5,7,CtrlGainStateWait=starting,44042,,,,FALSE,FALSE,,ext-bb-data-missing,40,,,,,,0,-850,,,,,,,20,101,29937,,ns=stopped,7,,,,,,FALSE,1981,Normal
2283,Radio 2271 B1,EA8C074028,11/3/2024 9:26,Normal,nff_issues,,Wait for data timeout,616,,TRUE,FALSE,off,150,43,33.6,8,CtrlGainStateWait=starting,43972,,,,FALSE,FALSE,,ext-bb-data-missing,40,,,,,,0,-850,,,,,,,20,102,29945,,ns=stopped,7,,,,,,FALSE,1981,Normal
2284,Radio 2271 B1,EA8C074028,11/3/2024 9:27,Normal,nff_issues,,Wait for data timeout,629,,TRUE,FALSE,off,149,43,33.8,7,CtrlGainStateWait=starting,43988,,,,FALSE,FALSE,,ext-bb-data-missing,40,,,,,,0,-850,,,,,,,20,100,29906,,ns=stopped,7,,,,,,FALSE,1981,Normal
2285,Radio 2271 B1,EA8C074028,11/3/2024 9:27,Normal,nff_issues,,Wait for data timeout,617,,TRUE,FALSE,off,149,43,34.2,7,CtrlGainStateWait=starting,43957,,,,FALSE,FALSE,,ext-bb-data-missing,40,,,,,,0,-850,,,,,,,20,102,29898,,ns=stopped,7,,,,,,FALSE,2003,Normal
2286,Radio 2271 B1,EA8C074028,11/3/2024 9:28,Normal,nff_issues,,Wait for data timeout,642,,TRUE,FALSE,off,148,43,34.1,7,CtrlGainStateWait=starting,43988,,,,FALSE,FALSE,,ext-bb-data-missing,40,,,,,,0,-850,,,,,,,20,101,29917,,ns=stopped,7,,,,,,FALSE,2003,Normal
2287,Radio 2271 B1,EA8C074028,11/3/2024 9:28,Normal,nff_issues,,Wait for data timeout,655,,TRUE,FALSE,off,148,43,33.9,8,CtrlGainStateWait=starting,43902,,,,FALSE,FALSE,,ext-bb-data-missing,40,,,,,,0,-850,,,,,,,20,101,29945,,ns=stopped,7,,,,,,FALSE,2003,Normal
2288,Radio 2271 B1,EA8C074028,11/3/2024 9:28,Normal,nff_issues,,Wait for data timeout,658,,TRUE,FALSE,off,149,43,33.6,8,CtrlGainStateWait=starting,43921,,,,FALSE,FALSE,,ext-bb-data-missing,40,,,,,,0,-850,,,,,,,20,101,29878,,ns=stopped,7,,,,,,FALSE,2003,Normal
2289,Radio 2271 B1,EA8C074028,2/27/2025 16:07,Normal,nff_issues,,Wait for data timeout,627,,TRUE,FALSE,off,152,43,30.9,4,CtrlGainStateWait=starting,44023,,,,FALSE,FALSE,,ext-bb-data-missing,40,,,,,,0,-850,,,,,,,20,101,29906,,ns=stopped,7,,,,,,FALSE,1981,Normal
2290,Radio 2271 B1,EA8C074028,2/27/2025 16:07,Normal,nff_issues,,Wait for data timeout,648,,TRUE,FALSE,off,152,43,30.4,6,CtrlGainStateWait=starting,44007,,,,FALSE,FALSE,,ext-bb-data-missing,40,,,,,,0,-850,,,,,,,20,101,29828,,ns=stopped,7,,,,,,FALSE,1981,Normal
2291,Radio 2271 B1,EA8C074028,2/27/2025 16:08,Normal,nff_issues,,Wait for data timeout,660,,TRUE,FALSE,off,152,43,30,6,CtrlGainStateWait=starting,43988,,,,FALSE,FALSE,,ext-bb-data-missing,40,,,,,,0,-850,,,,,,,20,100,29867,,ns=stopped,7,,,,,,FALSE,1981,Normal
2292,Radio 2271 B1,EA8C074028,2/27/2025 16:08,Normal,nff_issues,,Wait for data timeout,666,,TRUE,FALSE,off,152,43,29.7,5,CtrlGainStateWait=starting,43886,,,,FALSE,FALSE,,ext-bb-data-missing,40,,,,,,0,-850,,,,,,,20,102,29906,,ns=stopped,7,,,,,,FALSE,1981,Normal
2293,Radio 2271 B1,EA8C074028,2/27/2025 16:09,Normal,nff_issues,,Wait for data timeout,623,,TRUE,FALSE,off,152,43,29.6,5,CtrlGainStateWait=starting,43937,,,,FALSE,FALSE,,ext-bb-data-missing,40,,,,,,0,-850,,,,,,,20,102,29906,,ns=stopped,7,,,,,,FALSE,2003,Normal
2294,Radio 2271 B1,EA8C074028,2/27/2025 16:10,Normal,nff_issues,,Wait for data timeout,652,,TRUE,FALSE,off,151,43,29.3,5,CtrlGainStateWait=starting,43957,,,,FALSE,FALSE,,ext-bb-data-missing,40,,,,,,0,-850,,,,,,,20,101,29855,,ns=stopped,7,,,,,,FALSE,2003,Normal
2295,Radio 2271 B1,EA8C074028,2/27/2025 16:10,Normal,nff_issues,,Wait for data timeout,659,,TRUE,FALSE,off,152,43,28.9,6,CtrlGainStateWait=starting,43988,,,,FALSE,FALSE,,ext-bb-data-missing,40,,,,,,0,-850,,,,,,,20,102,29867,,ns=stopped,7,,,,,,FALSE,2003,Normal
2296,Radio 2271 B1,EA8C419110,7/2/2025 20:34,Normal,nff_issues,,supervision,17,BF,TRUE,FALSE,on,155,49.03,58.1,4,CtrlGainStateTuned=started,50062,-14.72,TRUE,0,,,NA,lin-sv-high-freq-fault,40,FALSE,TRUE,,-14.72,TRUE,71,-850,TRUE,DPD_STATUS_OK,,-18.47,TRUE,TRUE,80,101,29976,,CtrlLinStateStarted=started,3,42.8122,NORMAL,-14.7,TRUE,FALSE,,791,Normal
2297,Radio 2271 B1,EA8C419110,7/3/2025 9:31,Normal,nff_issues,,supervision,6,BF,TRUE,FALSE,on,153,49.03,59.8,2,CtrlGainStateTuned=started,50097,-13.91,TRUE,0,,,NA,lin-sv-high-freq-fault,40,FALSE,TRUE,,-13.91,TRUE,59,-850,TRUE,DPD_STATUS_OK,,-17.98,TRUE,TRUE,80,101,29976,,CtrlLinStateStarted=started,3,43.6164,NORMAL,-14.26,TRUE,FALSE,,750,Normal
2298,Radio 2271 B1,EA8C419110,7/3/2025 9:37,Normal,nff_issues,,supervision,9,BF,TRUE,FALSE,on,153,49.03,59.7,2,CtrlGainStateTuned=started,50027,-1000,TRUE,-20,,,NA,lin-sv-high-freq-fault,40,FALSE,TRUE,,-59.72,TRUE,20,-850,TRUE,DPD_STATUS_OK,,-1000,TRUE,TRUE,80,100,30015,,CtrlLinStateStarted=started,3,0,NORMAL,-1000,TRUE,FALSE,,783,Normal
2299,Radio 2271 B1,EA8C419110,7/3/2025 9:44,Normal,nff_issues,,supervision,11,BF,TRUE,FALSE,on,153,49.03,59.9,2,CtrlGainStateTuned=started,49937,-14.24,TRUE,-40,,,NA,lin-sv-high-freq-fault,40,FALSE,TRUE,,-14.25,TRUE,24,-850,TRUE,DPD_STATUS_OK,,-17.79,TRUE,TRUE,80,100,29976,,CtrlLinStateStarted=started,3,42.8837,NORMAL,-13.83,TRUE,FALSE,,813,Normal
2300,Radio 2271 B1,EA8C419110,7/3/2025 9:47,Normal,nff_issues,,supervision,33,BF,TRUE,FALSE,on,154,49.03,59.6,2,CtrlGainStateTuned=started,49937,-12.8,TRUE,-60,,,NA,lin-sv-high-freq-fault,40,FALSE,TRUE,,-12.8,TRUE,11,-850,TRUE,DPD_STATUS_OK,,-16.77,TRUE,TRUE,80,101,29937,,CtrlLinStateStarted=started,3,44.1268,NORMAL,-12.89,TRUE,FALSE,,837,Normal
2301,Radio 2271 B1,EA8C419110,7/3/2025 9:48,Normal,nff_issues,,supervision,21,BF,TRUE,FALSE,on,153,49.03,59.4,2,CtrlGainStateTuned=started,50027,-10.93,TRUE,-80,,,NA,lin-sv-high-freq-fault,40,FALSE,TRUE,,-10.94,TRUE,5,-850,TRUE,DPD_STATUS_OK,,-15.07,TRUE,TRUE,80,100,29968,,CtrlLinStateStarted=started,3,45.7911,NORMAL,-11.12,TRUE,FALSE,,867,Normal
2302,Radio 2271 B1,EA8C419110,7/3/2025 9:55,Normal,nff_issues,,supervision,45,BF,TRUE,FALSE,on,153,49.03,58.9,2,CtrlGainStateTuned=started,49992,-14,TRUE,-100,,,NA,lin-sv-high-freq-fault,40,FALSE,TRUE,,-13.99,TRUE,34,-850,TRUE,DPD_STATUS_OK,,-17.75,TRUE,TRUE,80,101,29957,,CtrlLinStateStarted=started,3,42.5432,NORMAL,-13.81,TRUE,FALSE,,915,Normal
2303,Radio 2271 B1,EA8C419110,7/3/2025 10:42,Normal,nff_issues,,supervision,88,BF,TRUE,FALSE,on,153,49.03,55.8,3,CtrlGainStateTuned=started,50027,-13.29,TRUE,-120,,,NA,lin-sv-high-freq-fault,40,FALSE,TRUE,,-13.29,TRUE,11,-850,TRUE,DPD_STATUS_OK,,-16.85,TRUE,TRUE,80,101,29976,,CtrlLinStateStarted=started,3,43.045,NORMAL,-13.22,TRUE,FALSE,,1002,Normal
2304,Radio 2271 B1,EA8C419110,7/26/2025 2:01,Normal,nff_issues,,supervision,11,BF,TRUE,FALSE,on,155,49.03,59.9,2.5,CtrlGainStateTuned=started,49974,-11.86,TRUE,0,,,NA,lin-sv-high-freq-fault,40,FALSE,TRUE,,-11.85,TRUE,5,-850,TRUE,DPD_STATUS_OK,,-15.57,TRUE,TRUE,80,101,29995.5,,CtrlLinStateStarted=started,3,45.6818,NORMAL,-11.54,TRUE,FALSE,,777,Normal
2305,Radio 2271 B1,EA8C419110,7/26/2025 2:01,Normal,nff_issues,,supervision,14,BF,TRUE,FALSE,on,156,49.03,59.9,3,CtrlGainStateTuned=started,49921,-12.53,TRUE,0,,,NA,lin-sv-high-freq-fault,40,FALSE,TRUE,,-12.53,TRUE,5,-850,TRUE,DPD_STATUS_OK,,-16.59,TRUE,TRUE,80,102,30015,,CtrlLinStateStarted=started,3,45.0016,NORMAL,-12.76,TRUE,FALSE,,785,Normal
2306,Radio 2271 B1,EA8C419110,7/26/2025 2:02,Normal,nff_issues,,supervision,12,BF,TRUE,FALSE,on,154,49.03,60.3,2,CtrlGainStateTuned=started,50007,-13.21,TRUE,-20,,,NA,lin-sv-high-freq-fault,40,FALSE,TRUE,,-13.2,TRUE,5,-850,TRUE,DPD_STATUS_OK,,-17.11,TRUE,TRUE,80,100,29988,,CtrlLinStateStarted=started,3,44.1279,NORMAL,-13.31,TRUE,FALSE,,795,Normal
2307,Radio 2271 B1,EA8C419110,7/26/2025 2:02,Normal,nff_issues,,supervision,21,BF,TRUE,FALSE,on,157,49.03,60.3,5,CtrlGainStateTuned=started,50097,-14.49,TRUE,-20,,,NA,lin-sv-high-freq-fault,40,FALSE,TRUE,,-14.48,TRUE,5,-850,TRUE,DPD_STATUS_OK,,-18.27,TRUE,TRUE,80,103,29988,,CtrlLinStateStarted=started,3,42.8527,NORMAL,-14.38,TRUE,FALSE,,818,Normal
2308,Radio 2271 B1,EA8C419110,7/26/2025 2:03,Normal,nff_issues,,supervision,10,BF,TRUE,FALSE,on,153,49.03,60.6,3,CtrlGainStateTuned=started,50078,-11.27,TRUE,-40,,,NA,lin-sv-high-freq-fault,40,FALSE,TRUE,,-11.26,TRUE,5,-850,TRUE,DPD_STATUS_OK,,-15.2,TRUE,TRUE,80,100,29968,,CtrlLinStateStarted=started,3,45.8654,NORMAL,-11.29,TRUE,FALSE,,816,Normal
2309,Radio 2271 B1,EA8C419110,7/26/2025 2:03,Normal,nff_issues,,supervision,21,BF,TRUE,FALSE,on,156,49.03,60.7,4,CtrlGainStateTuned=started,49992,-11.47,TRUE,-40,,,NA,lin-sv-high-freq-fault,40,FALSE,TRUE,,-11.48,TRUE,5,-850,TRUE,DPD_STATUS_OK,,-15.27,TRUE,TRUE,80,102,29996,,CtrlLinStateStarted=started,3,45.6515,NORMAL,-11.42,TRUE,FALSE,,836,Normal
2310,Radio 2271 B1,EA8C419110,7/26/2025 2:04,Normal,nff_issues,,supervision,15,BF,TRUE,FALSE,on,154,49.03,60.9,1,CtrlGainStateTuned=started,50027,-11.53,TRUE,-60,,,NA,lin-sv-high-freq-fault,40,FALSE,TRUE,,-11.53,TRUE,5,-850,TRUE,DPD_STATUS_OK,,-16.11,TRUE,TRUE,80,100,29925,,CtrlLinStateStarted=started,3,45.4001,NORMAL,-12.43,TRUE,FALSE,,843,Normal
2311,Radio 2271 B1,EA8C419110,7/26/2025 2:04,Normal,nff_issues,,supervision,31,BF,TRUE,FALSE,on,156,49.03,61,4,CtrlGainStateTuned=started,50042,-13.78,TRUE,-60,,,NA,lin-sv-high-freq-fault,40,FALSE,TRUE,,-13.77,TRUE,5,-850,TRUE,DPD_STATUS_OK,,-18.16,TRUE,TRUE,80,102,29976,,CtrlLinStateStarted=started,3,43.1595,NORMAL,-14.53,TRUE,FALSE,,878,Normal
2312,Radio 2271 B1,EA8C419110,7/26/2025 2:05,Normal,nff_issues,,supervision,21,BF,TRUE,FALSE,on,154,49.03,61.2,2,CtrlGainStateTuned=started,49957,-13.6,TRUE,-80,,,NA,lin-sv-high-freq-fault,40,FALSE,TRUE,,-13.59,TRUE,5,-850,TRUE,DPD_STATUS_OK,,-17.73,TRUE,TRUE,80,101,29988,,CtrlLinStateStarted=started,3,43.1409,NORMAL,-13.88,TRUE,FALSE,,873,Normal
2313,Radio 2271 B1,EA8C419110,7/26/2025 2:05,Normal,nff_issues,,supervision,36,BF,TRUE,FALSE,on,157,49.03,61.2,4,CtrlGainStateTuned=started,49871,-13.63,TRUE,-80,,,NA,lin-sv-high-freq-fault,40,FALSE,TRUE,,-13.61,TRUE,5,-850,TRUE,DPD_STATUS_OK,,-17.22,TRUE,TRUE,80,103,29976,,CtrlLinStateStarted=started,3,43.1155,NORMAL,-13.43,TRUE,FALSE,,887,Normal
2314,Radio 2271 B1,EA8C419110,7/30/2025 20:18,Normal,nff_issues,,supervision,6,BF,TRUE,FALSE,on,155,49.03,59.1,2,CtrlGainStateTuned=started,50027,-14.22,TRUE,0,,,NA,lin-sv-high-freq-fault,40,FALSE,TRUE,,-14.22,TRUE,23,-850,TRUE,DPD_STATUS_OK,,-17.78,TRUE,TRUE,80,100,29988,,CtrlLinStateStarted=started,3,43.3052,NORMAL,-14.05,TRUE,FALSE,,780,Normal
2315,Radio 2271 B1,EA8C419110,7/30/2025 20:50,Normal,nff_issues,,supervision,16,BF,TRUE,FALSE,on,154,49.03,56.8,2,CtrlGainStateTuned=started,50078,-13.99,TRUE,-20,,,NA,lin-sv-high-freq-fault,40,FALSE,TRUE,,-13.99,TRUE,155,-850,TRUE,DPD_STATUS_OK,,-17.79,TRUE,TRUE,80,100,29996,,CtrlLinStateStarted=started,3,43.3352,NORMAL,-13.91,TRUE,FALSE,,852,Normal
2316,Radio 2271 B1,EA8C419110,7/30/2025 21:36,Normal,nff_issues,,supervision,20,BF,TRUE,FALSE,on,156,49.03,57.7,4,CtrlGainStateTuned=started,50027,-10.51,TRUE,0,,,NA,lin-sv-medium-freq-fault,40,FALSE,TRUE,,-10.51,TRUE,181,-850,TRUE,DPD_STATUS_OK,,-14.88,TRUE,TRUE,80,101,29988,,CtrlLinStateStarted=started,3,47.0186,NORMAL,-11.07,TRUE,FALSE,,821,Normal
2317,Radio 2271 B1,EA8C419110,7/31/2025 1:41,Normal,nff_issues,,supervision,10,BF,TRUE,FALSE,on,157,49.03,60.7,3,CtrlGainStateTuned=started,50042,-11.18,TRUE,0,,,NA,lin-sv-medium-freq-fault,40,FALSE,TRUE,,-11.18,TRUE,266,-850,TRUE,DPD_STATUS_OK,,-15.26,TRUE,TRUE,80,102,29996,,CtrlLinStateStarted=started,3,46.3548,NORMAL,-11.35,TRUE,FALSE,,767,Normal
2318,Radio 2271 B1,EA8C419110,7/31/2025 2:34,Normal,nff_issues,,supervision,16,BF,TRUE,FALSE,on,156,49.03,60.7,4,CtrlGainStateTuned=started,49937,-11.27,TRUE,-20,,,NA,lin-sv-medium-freq-fault,40,FALSE,TRUE,,-11.28,TRUE,181,-850,TRUE,DPD_STATUS_OK,,-14.91,TRUE,TRUE,80,102,29976,,CtrlLinStateStarted=started,3,46.0517,NORMAL,-11.05,TRUE,FALSE,,806,Normal
2319,Radio 2271 B1,EA8C419110,7/31/2025 12:18,Normal,nff_issues,,supervision,8,BF,TRUE,FALSE,on,110,49.03,58.8,4,CtrlGainStateTuned=started,49871,-1000,TRUE,-20,,,EXT_TDD_TX_OFF,lin-sv-low-freq-fault,40,FALSE,TRUE,,-60.03,TRUE,721,-850,TRUE,DPD_STATUS_OK,,-1000,TRUE,TRUE,80,70,29976,,CtrlLinStateStarted=started,3,0,NORMAL,-1000,TRUE,FALSE,,842,Normal
2320,Radio 2271 B1,EA8C419110,7/31/2025 13:08,Normal,nff_issues,,supervision,44,BF,TRUE,FALSE,on,157,49.03,59.3,4,CtrlGainStateTuned=started,50042,-10.68,TRUE,-40,,,NA,lin-sv-medium-freq-fault,40,FALSE,TRUE,,-10.66,TRUE,181,-850,TRUE,DPD_STATUS_OK,,-15.02,TRUE,TRUE,80,102,29957,,CtrlLinStateStarted=started,3,46.4686,NORMAL,-11.35,TRUE,FALSE,,872,Normal
2321,Radio 2271 B1,EA8C419110,7/31/2025 14:03,Normal,nff_issues,,supervision,39,BF,TRUE,FALSE,on,156,49.03,60,4,CtrlGainStateTuned=started,49992,-13.89,TRUE,-60,,,NA,lin-sv-medium-freq-fault,40,FALSE,TRUE,,-13.86,TRUE,181,-850,TRUE,DPD_STATUS_OK,,-26.18,TRUE,TRUE,80,102,29945,,CtrlLinStateStarted=started,3,43.0651,NORMAL,-23.01,TRUE,FALSE,,890,Normal
2322,Radio 2271 B1,EA8C419110,7/31/2025 14:58,Normal,nff_issues,,supervision,50,BF,TRUE,FALSE,on,157,49.03,59.8,4,CtrlGainStateTuned=started,50078,-82.53,TRUE,-80,,,NA,lin-sv-medium-freq-fault,40,FALSE,TRUE,,-59.35,TRUE,181,-850,TRUE,DPD_STATUS_OK,,-1000,TRUE,TRUE,80,102,29976,,CtrlLinStateStarted=started,3,0,NORMAL,-1000,TRUE,FALSE,,911,Normal
2323,Radio 2271 B1,EA8C419110,7/31/2025 15:55,Normal,nff_issues,,supervision,110,BF,TRUE,FALSE,on,156,49.03,58,5,CtrlGainStateTuned=started,50078,-11.17,TRUE,-100,,,NA,lin-sv-medium-freq-fault,40,FALSE,TRUE,,-11.16,TRUE,181,-850,TRUE,DPD_STATUS_OK,,-15.38,TRUE,TRUE,80,101,29976,,CtrlLinStateStarted=started,3,45.3701,NORMAL,-11.81,TRUE,FALSE,,992,Normal
2324,Radio 2271 B1,EA8C419110,8/4/2025 13:01,Normal,nff_issues,,supervision,21,BF,TRUE,FALSE,on,156.5,49.03,54.8,3,CtrlGainStateTuned=started,50024.5,-14.35,TRUE,0,,,NA,lin-sv-high-freq-fault,40,FALSE,TRUE,,-14.35,TRUE,5,-850,TRUE,DPD_STATUS_OK,,-17.69,TRUE,TRUE,80,101.5,29976,,CtrlLinStateStarted=started,3,43.1784,NORMAL,-13.73,TRUE,FALSE,,843,Normal
2325,Radio 2271 B1,EA8C419110,8/4/2025 13:01,Normal,nff_issues,,supervision,30,BF,TRUE,FALSE,on,157,49.03,54.8,4,CtrlGainStateTuned=started,50007,-13.13,TRUE,0,,,NA,lin-sv-high-freq-fault,40,FALSE,TRUE,,-13.11,TRUE,5,-850,TRUE,DPD_STATUS_OK,,-17.17,TRUE,TRUE,80,102,29976,,CtrlLinStateStarted=started,3,44.4172,NORMAL,-13.47,TRUE,FALSE,,878,Normal
2326,Radio 2271 B1,EA8C419110,8/4/2025 13:02,Normal,nff_issues,,supervision,17,BF,TRUE,FALSE,on,155,49.03,55.6,2,CtrlGainStateTuned=started,49999.5,-12.65,TRUE,-20,,,NA,lin-sv-high-freq-fault,40,FALSE,TRUE,,-12.65,TRUE,5,-850,TRUE,DPD_STATUS_OK,,-16.52,TRUE,TRUE,80,101,29972.5,,CtrlLinStateStarted=started,3,44.6754,NORMAL,-12.58,TRUE,FALSE,,864,Normal
2327,Radio 2271 B1,EA8C419110,8/4/2025 13:02,Normal,nff_issues,,supervision,,BF,TRUE,FALSE,on,,49.03,55.6,,CtrlGainStateTuned=started,49972,-14.63,TRUE,-20,,,NA,lin-sv-high-freq-fault,40,FALSE,TRUE,,-14.64,TRUE,5,-850,TRUE,DPD_STATUS_OK,,-18.08,TRUE,TRUE,80,,29988,,CtrlLinStateStarted=started,3,42.693,NORMAL,-14.5,TRUE,FALSE,,917,Normal
2328,Radio 2271 B1,EA8C419110,8/4/2025 13:03,Normal,nff_issues,,supervision,35,BF,TRUE,FALSE,on,156,49.03,55.9,3,CtrlGainStateTuned=started,50027,-13.17,TRUE,-40,,,NA,lin-sv-high-freq-fault,40,FALSE,TRUE,,-13.17,TRUE,5,-850,TRUE,DPD_STATUS_OK,,-17.71,TRUE,TRUE,80,101,29976.5,,CtrlLinStateStarted=started,3,43.9588,NORMAL,-14.13,TRUE,FALSE,,900,Normal
2329,Radio 2271 B1,EA8C419110,8/4/2025 13:03,Normal,nff_issues,,supervision,46,BF,TRUE,FALSE,on,157,49.03,56,4,CtrlGainStateTuned=started,50027,-13.99,TRUE,-40,,,NA,lin-sv-high-freq-fault,40,FALSE,TRUE,,-13.97,TRUE,5,-850,TRUE,DPD_STATUS_OK,,-17.54,TRUE,TRUE,80,102,29996,,CtrlLinStateStarted=started,3,43.156,NORMAL,-13.75,TRUE,FALSE,,920,Normal
2330,Radio 2271 B1,EA8C419110,8/4/2025 13:04,Normal,nff_issues,,supervision,42.5,BF,TRUE,FALSE,on,156,49.03,56.4,3.5,CtrlGainStateTuned=started,50035,-13.93,TRUE,-60,,,NA,lin-sv-high-freq-fault,40,FALSE,TRUE,,-13.92,TRUE,5,-850,TRUE,DPD_STATUS_OK,,-17.98,TRUE,TRUE,80,101.5,29976,,CtrlLinStateStarted=started,3,43.0125,NORMAL,-14.2,TRUE,FALSE,,912,Normal
2331,Radio 2271 B1,EA8C419110,8/4/2025 13:04,Normal,nff_issues,,supervision,57,BF,TRUE,FALSE,on,157,49.03,56.4,5,CtrlGainStateTuned=started,49992,-13.18,TRUE,-60,,,NA,lin-sv-high-freq-fault,40,FALSE,TRUE,,-13.18,TRUE,5,-850,TRUE,DPD_STATUS_OK,,-16.91,TRUE,TRUE,80,102,29976,,CtrlLinStateStarted=started,3,43.752,NORMAL,-13.21,TRUE,FALSE,,944,Normal
2332,Radio 2271 B1,EA8C419110,8/4/2025 13:05,Normal,nff_issues,,supervision,56.5,BF,TRUE,FALSE,on,156,49.03,56.7,4,CtrlGainStateTuned=started,50069.5,-13.56,TRUE,-80,,,NA,lin-sv-high-freq-fault,40,FALSE,TRUE,,-13.55,TRUE,5,-850,TRUE,DPD_STATUS_OK,,-17.8,TRUE,TRUE,80,101,29962.5,,CtrlLinStateStarted=started,3,43.1765,NORMAL,-14.22,TRUE,FALSE,,942,Normal
2333,Radio 2271 B1,EA8C419110,8/4/2025 13:05,Normal,nff_issues,,supervision,67,BF,TRUE,FALSE,on,157,49.03,56.7,5,CtrlGainStateTuned=started,50042,-17.23,TRUE,-80,,,NA,lin-sv-high-freq-fault,40,FALSE,TRUE,,-17.22,TRUE,5,-850,TRUE,DPD_STATUS_OK,,-21.16,TRUE,TRUE,80,102,29957,,CtrlLinStateStarted=started,3,39.5058,NORMAL,-17.27,TRUE,FALSE,,965,Normal
2334,Radio 2271 B1,EA8C419110,8/26/2025 2:26,Normal,nff_issues,,supervision,35,BF,TRUE,FALSE,on,157,49.03,48,2,CtrlGainStateTuned=started,50097,-10.89,TRUE,0,,,NA,lin-sv-high-freq-fault,40,FALSE,TRUE,,-10.89,TRUE,16,-850,TRUE,DPD_STATUS_OK,,-14.74,TRUE,TRUE,80,99,29988,,CtrlLinStateStarted=started,3,46.6377,NORMAL,-10.96,TRUE,FALSE,,945,Normal
2335,Radio 2271 B1,EA8C419110,8/26/2025 3:07,Normal,nff_issues,,supervision,10,BF,TRUE,FALSE,on,155,49.03,59,2,CtrlGainStateTuned=started,49972,-11.32,TRUE,-20,,,NA,lin-sv-medium-freq-fault,40,FALSE,TRUE,,-11.29,TRUE,181,-850,TRUE,DPD_STATUS_OK,,-14.79,TRUE,TRUE,80,100,29968,,CtrlLinStateStarted=started,3,46.0405,NORMAL,-11.01,TRUE,FALSE,,819,Normal
2336,Radio 2271 B1,EA8C419110,8/26/2025 3:08,Normal,nff_issues,,supervision,9,BF,TRUE,FALSE,on,156,49.03,59.1,2,CtrlGainStateTuned=started,49992,-13.92,TRUE,-40,,,NA,lin-sv-high-freq-fault,40,FALSE,TRUE,,-13.89,TRUE,5,-850,TRUE,DPD_STATUS_OK,,-17.8,TRUE,TRUE,80,101,29957,,CtrlLinStateStarted=started,3,43.2417,NORMAL,-14.1,TRUE,FALSE,,843,Normal
2337,Radio 2271 B1,EA8C419110,8/26/2025 3:09,Normal,nff_issues,,supervision,12,BF,TRUE,FALSE,on,156,49.03,59.1,2,CtrlGainStateTuned=started,49937,-13.58,TRUE,-60,,,NA,lin-sv-high-freq-fault,40,FALSE,TRUE,,-13.56,TRUE,5,-850,TRUE,DPD_STATUS_OK,,-17.67,TRUE,TRUE,80,100,29976,,CtrlLinStateStarted=started,3,43.3654,NORMAL,-13.83,TRUE,FALSE,,873,Normal
2338,Radio 2271 B1,EA8C419110,8/26/2025 3:11,Normal,nff_issues,,supervision,33,BF,TRUE,FALSE,on,156,49.03,59.2,2,CtrlGainStateTuned=started,50042,-13.66,TRUE,-80,,,NA,lin-sv-high-freq-fault,40,FALSE,TRUE,,-13.66,TRUE,5,-850,TRUE,DPD_STATUS_OK,,-17.68,TRUE,TRUE,80,100,29968,,CtrlLinStateStarted=started,3,43.0726,NORMAL,-13.66,TRUE,FALSE,,894,Normal
2339,Radio 2271 B1,EA8C419110,8/26/2025 4:59,Normal,nff_issues,,supervision,25,BF,TRUE,FALSE,on,156,49.03,60.4,1,CtrlGainStateTuned=started,49921,-11.46,TRUE,-100,,,NA,lin-sv-high-freq-fault,40,FALSE,TRUE,,-11.47,TRUE,260,-850,TRUE,DPD_STATUS_OK,,-15.13,TRUE,TRUE,80,101,29945,,CtrlLinStateStarted=started,3,45.061,NORMAL,-11.27,TRUE,FALSE,,909,Normal
2340,Radio 2271 B1,EA8C419110,8/26/2025 15:02,Normal,nff_issues,,supervision,14,BF,TRUE,FALSE,on,156,49.03,54.5,2,CtrlGainStateTuned=started,49906,-13.77,TRUE,0,,,NA,lin-sv-high-freq-fault,40,FALSE,TRUE,,-13.76,TRUE,11,-850,TRUE,DPD_STATUS_OK,,-17.78,TRUE,TRUE,80,100,29968,,CtrlLinStateStarted=started,3,43.7738,NORMAL,-13.99,TRUE,FALSE,,843,Normal
2341,Radio 2271 B1,EA8C419110,8/26/2025 15:09,Normal,nff_issues,,supervision,13,BF,TRUE,FALSE,on,156,49.03,56.6,2,CtrlGainStateTuned=started,49937,-14.21,TRUE,-20,,,NA,lin-sv-high-freq-fault,40,FALSE,TRUE,,-14.21,TRUE,35,-850,TRUE,DPD_STATUS_OK,,-17.82,TRUE,TRUE,80,101,29976,,CtrlLinStateStarted=started,3,43.1183,NORMAL,-14.1,TRUE,FALSE,,846,Normal
2342,Radio 2271 B1,EA8C419110,8/26/2025 15:10,Normal,nff_issues,,supervision,17,BF,TRUE,FALSE,on,156,49.03,56.7,2,CtrlGainStateTuned=started,50027,-13.36,TRUE,-40,,,NA,lin-sv-high-freq-fault,40,FALSE,TRUE,,-13.34,TRUE,5,-850,TRUE,DPD_STATUS_OK,,-16.69,TRUE,TRUE,80,101,29968,,CtrlLinStateStarted=started,3,43.7878,NORMAL,-12.85,TRUE,FALSE,,858,Normal
2343,Radio 2271 B1,EA8C419110,8/26/2025 15:11,Normal,nff_issues,,supervision,17,BF,TRUE,FALSE,on,156,49.03,56.9,1,CtrlGainStateTuned=started,49992,-11.53,TRUE,-60,,,NA,lin-sv-high-freq-fault,40,FALSE,TRUE,,-11.52,TRUE,5,-850,TRUE,DPD_STATUS_OK,,-15.34,TRUE,TRUE,80,101,29976,,CtrlLinStateStarted=started,3,45.4064,NORMAL,-11.56,TRUE,FALSE,,885,Normal
2344,Radio 2271 B1,EA8C419110,8/26/2025 15:13,Normal,nff_issues,,supervision,28,BF,TRUE,FALSE,on,156,49.03,57,2,CtrlGainStateTuned=started,50062,-13.86,TRUE,-80,,,NA,lin-sv-high-freq-fault,40,FALSE,TRUE,,-13.88,TRUE,5,-850,TRUE,DPD_STATUS_OK,,-17.88,TRUE,TRUE,80,101,29976,,CtrlLinStateStarted=started,3,42.8548,NORMAL,-14,TRUE,FALSE,,915,Normal
2345,Radio 2271 B1,EA8C419110,8/26/2025 15:14,Normal,nff_issues,,supervision,47,BF,TRUE,FALSE,on,156,49.03,57.1,2,CtrlGainStateTuned=started,49957,-14.41,TRUE,-100,,,NA,lin-sv-high-freq-fault,40,FALSE,TRUE,,-14.4,TRUE,5,-850,TRUE,DPD_STATUS_OK,,-18.09,TRUE,TRUE,80,101,29976,,CtrlLinStateStarted=started,3,42.128,NORMAL,-14.2,TRUE,FALSE,,948,Normal
2346,Radio 2271 B1,EA8C419110,8/26/2025 15:16,Normal,nff_issues,,supervision,69,BF,TRUE,FALSE,on,156,49.03,57.3,2,CtrlGainStateTuned=started,50042,-13.38,TRUE,-120,,,NA,lin-sv-high-freq-fault,40,FALSE,TRUE,,-13.38,TRUE,11,-850,TRUE,DPD_STATUS_OK,,-17.72,TRUE,TRUE,80,101,29937,,CtrlLinStateStarted=started,3,42.9503,NORMAL,-13.95,TRUE,FALSE,,981,Normal
2347,Radio 2271 B1,EA8C419110,8/27/2025 5:29,Normal,nff_issues,,supervision,5,BF,TRUE,FALSE,on,111,49.03,59.3,4,CtrlGainStateTuned=started,49871,-15.66,TRUE,0,,,EXT_TDD_TX_OFF,lin-sv-medium-freq-fault,40,FALSE,TRUE,,-15.73,TRUE,181,-850,TRUE,DPD_STATUS_OK,,-1000,TRUE,TRUE,80,70,30007,,CtrlLinStateStarted=started,3,0,NORMAL,-1000,TRUE,FALSE,,797,Normal
2348,Radio 2271 B1,EA8C419110,8/27/2025 6:22,Normal,nff_issues,,supervision,18,BF,TRUE,FALSE,on,159,49.03,59.8,4,CtrlGainStateTuned=started,49906,-10.57,TRUE,-20,,,NA,lin-sv-medium-freq-fault,40,FALSE,TRUE,,-10.58,TRUE,181,-850,TRUE,DPD_STATUS_OK,,-14.27,TRUE,TRUE,80,102,29945,,CtrlLinStateStarted=started,3,46.7496,NORMAL,-10.34,TRUE,FALSE,,827,Normal
2349,Radio 2271 B1,EA8C419110,8/27/2025 7:05,Normal,nff_issues,,supervision,22,BF,TRUE,FALSE,on,158,49.03,58.4,5,CtrlGainStateTuned=started,49937,-10.48,TRUE,-40,,,NA,lin-sv-medium-freq-fault,40,FALSE,TRUE,,-10.48,TRUE,181,-850,TRUE,DPD_STATUS_OK,,-13.77,TRUE,TRUE,80,101,29957,,CtrlLinStateStarted=started,3,46.6481,NORMAL,-9.98,TRUE,FALSE,,887,Normal
2350,Radio 2271 B1,EA8C419110,8/27/2025 7:49,Normal,nff_issues,,supervision,124,BF,TRUE,FALSE,on,158,49.03,56.2,5,CtrlGainStateTuned=started,50097,-12.01,TRUE,-60,,,NA,lin-sv-medium-freq-fault,40,FALSE,TRUE,,-12,TRUE,181,-850,TRUE,DPD_STATUS_OK,,-16.29,TRUE,TRUE,80,101,29917,,CtrlLinStateStarted=started,3,44.928,NORMAL,-12.46,TRUE,FALSE,,947,Normal
2351,Radio 2271 B1,EA8C419110,8/27/2025 9:43,Normal,nff_issues,,supervision,116,BF,TRUE,FALSE,on,158,49.03,54.5,6,CtrlGainStateTuned=started,49957,-11.04,TRUE,-80,,,NA,lin-sv-medium-freq-fault,40,FALSE,TRUE,,-11.04,TRUE,350,-850,TRUE,DPD_STATUS_OK,,-14.1,TRUE,TRUE,80,102,29976,,CtrlLinStateStarted=started,3,45.6944,NORMAL,-10.37,TRUE,FALSE,,1016,Normal
2352,Radio 2271 B1,EA8C419110,8/27/2025 11:34,Normal,nff_issues,,supervision,98,BF,TRUE,FALSE,on,158,49.03,56.3,6,CtrlGainStateTuned=started,50078,-11.38,TRUE,-100,,,NA,lin-sv-medium-freq-fault,40,FALSE,TRUE,,-11.39,TRUE,361,-850,TRUE,DPD_STATUS_OK,,-15.33,TRUE,TRUE,80,102,30007,,CtrlLinStateStarted=started,3,45.1412,NORMAL,-11.47,TRUE,FALSE,,989,Normal
2353,Radio 2271 B1,EA8C419110,9/8/2025 15:23,Normal,nff_issues,,supervision,87,BF,TRUE,FALSE,on,158,49.03,57.8,5,CtrlGainStateTuned=started,49972,-10.49,TRUE,-100,,,NA,lin-sv-medium-freq-fault,40,FALSE,TRUE,,-10.47,TRUE,516,-850,TRUE,DPD_STATUS_OK,,-14.57,TRUE,TRUE,80,103,29988,,CtrlLinStateStarted=started,3,46.0589,NORMAL,-10.75,TRUE,FALSE,,980,Normal
2354,Radio 2271 B1,EA8C419110,9/9/2025 13:22,Normal,nff_issues,,supervision,65,BF,TRUE,FALSE,on,158,49.03,60.4,6,CtrlGainStateTuned=started,49886,-10.81,TRUE,-100,,,NA,lin-sv-low-freq-fault,40,FALSE,TRUE,,-10.8,TRUE,721,-850,TRUE,DPD_STATUS_OK,,-14,TRUE,TRUE,80,103,29976,,CtrlLinStateStarted=started,3,45.7268,NORMAL,-10.1,TRUE,FALSE,,938,Normal
2355,Radio 2271 B1,EA8C419110,9/15/2025 20:07,Normal,nff_issues,,supervision,13.5,BF,TRUE,FALSE,on,156.5,49.03,56.3,3,CtrlGainStateTuned=started,49964.5,-13.25,TRUE,0,,,NA,lin-sv-high-freq-fault,40,FALSE,TRUE,,-13.24,TRUE,5,-850,TRUE,DPD_STATUS_OK,,-17.96,TRUE,TRUE,80,101.5,29972,,CtrlLinStateStarted=started,3,44.2881,NORMAL,-14.14,TRUE,FALSE,,825,Normal
2356,Radio 2271 B1,EA8C419110,9/15/2025 20:07,Normal,nff_issues,,supervision,18,BF,TRUE,FALSE,on,158,49.03,56.3,4,CtrlGainStateTuned=started,49937,-14.2,TRUE,0,,,NA,lin-sv-high-freq-fault,40,FALSE,TRUE,,-14.18,TRUE,5,-850,TRUE,DPD_STATUS_OK,,-17.94,TRUE,TRUE,80,102,29976,,CtrlLinStateStarted=started,3,43.3451,NORMAL,-14.09,TRUE,FALSE,,848,Normal
2357,Radio 2271 B1,EA8C419110,9/15/2025 20:08,Normal,nff_issues,,supervision,23,BF,TRUE,FALSE,on,156.5,49.03,56.8,2.5,CtrlGainStateTuned=started,49982,-13.63,TRUE,-20,,,NA,lin-sv-high-freq-fault,40,FALSE,TRUE,,-13.63,TRUE,5,-850,TRUE,DPD_STATUS_OK,,-18,TRUE,TRUE,80,101.5,29995.5,,CtrlLinStateStarted=started,3,43.7049,NORMAL,-14.27,TRUE,FALSE,,846,Normal
2358,Radio 2271 B1,EA8C419110,9/15/2025 20:08,Normal,nff_issues,,supervision,32,BF,TRUE,FALSE,on,158,49.03,56.8,3,CtrlGainStateTuned=started,49957,-13.56,TRUE,-20,,,NA,lin-sv-high-freq-fault,40,FALSE,TRUE,,-13.56,TRUE,5,-850,TRUE,DPD_STATUS_OK,,-18.03,TRUE,TRUE,80,102,30015,,CtrlLinStateStarted=started,3,43.7703,NORMAL,-14.17,TRUE,FALSE,,884,Normal
2359,Radio 2271 B1,EA8C419110,9/15/2025 20:09,Normal,nff_issues,,supervision,23,BF,TRUE,FALSE,on,156.5,49.03,57.1,3,CtrlGainStateTuned=started,49954.5,-10.7,TRUE,-40,,,NA,lin-sv-high-freq-fault,40,FALSE,TRUE,,-10.71,TRUE,5,-850,TRUE,DPD_STATUS_OK,,-14.31,TRUE,TRUE,80,102,29960.5,,CtrlLinStateStarted=started,3,46.4226,NORMAL,-10.36,TRUE,FALSE,,864,Normal
2360,Radio 2271 B1,EA8C419110,9/15/2025 20:09,Normal,nff_issues,,supervision,30,BF,TRUE,FALSE,on,158,49.03,57.2,4,CtrlGainStateTuned=started,49937,-13.63,TRUE,-40,,,NA,lin-sv-high-freq-fault,40,FALSE,TRUE,,-13.62,TRUE,5,-850,TRUE,DPD_STATUS_OK,,-17.54,TRUE,TRUE,80,103,29945,,CtrlLinStateStarted=started,3,43.5074,NORMAL,-13.84,TRUE,FALSE,,908,Normal
2361,Radio 2271 B1,EA8C419110,9/15/2025 20:10,Normal,nff_issues,,supervision,28.5,BF,TRUE,FALSE,on,157,49.03,57.4,3,CtrlGainStateTuned=started,50017,-13.86,TRUE,-60,,,NA,lin-sv-high-freq-fault,40,FALSE,TRUE,,-13.85,TRUE,5,-850,TRUE,DPD_STATUS_OK,,-17.42,TRUE,TRUE,80,101.5,29950.5,,CtrlLinStateStarted=started,3,43.0786,NORMAL,-13.67,TRUE,FALSE,,897,Normal
2362,Radio 2271 B1,EA8C419110,9/15/2025 20:10,Normal,nff_issues,,supervision,28.5,BF,TRUE,FALSE,on,157,49.03,57.4,3,CtrlGainStateTuned=started,49992,-11.42,TRUE,-60,,,NA,lin-sv-high-freq-fault,40,FALSE,TRUE,,-11.42,TRUE,5,-850,TRUE,DPD_STATUS_OK,,-15.5,TRUE,TRUE,80,101.5,29925,,CtrlLinStateStarted=started,3,45.5129,NORMAL,-11.56,TRUE,FALSE,,914,Normal
2363,Radio 2271 B1,EA8C419110,9/15/2025 20:12,Normal,nff_issues,,supervision,41,BF,TRUE,FALSE,on,156.5,49.03,57.6,3,CtrlGainStateTuned=started,50052,-11.44,TRUE,-80,,,NA,lin-sv-high-freq-fault,40,FALSE,TRUE,,-11.43,TRUE,5,-850,TRUE,DPD_STATUS_OK,,-15.21,TRUE,TRUE,80,101,29956.5,,CtrlLinStateStarted=started,3,45.3037,NORMAL,-11.36,TRUE,FALSE,,921,Normal
2364,Radio 2271 B1,EA8C419110,9/15/2025 20:12,Normal,nff_issues,,supervision,41,BF,TRUE,FALSE,on,156.5,49.03,57.6,3,CtrlGainStateTuned=started,50007,-11.24,TRUE,-80,,,NA,lin-sv-high-freq-fault,40,FALSE,TRUE,,-11.24,TRUE,5,-850,TRUE,DPD_STATUS_OK,,-14.76,TRUE,TRUE,80,101,29937,,CtrlLinStateStarted=started,3,45.495,NORMAL,-11.04,TRUE,FALSE,,959,Normal
2365,Radio 2271 B1,EA8C419110,9/19/2025 5:30,Normal,nff_issues,,supervision,8,BF,TRUE,FALSE,on,155,49.03,53.7,3,CtrlGainStateTuned=started,50007,-14.71,TRUE,0,,,NA,lin-sv-medium-freq-fault,40,FALSE,TRUE,,-14.69,TRUE,181,-850,TRUE,DPD_STATUS_OK,,-51.07,TRUE,TRUE,80,100,29976,,CtrlLinStateStarted=started,3,42.8412,NORMAL,-59.88,TRUE,FALSE,,837,Normal
2366,Radio 2271 B1,EA8C419110,9/19/2025 7:30,Normal,nff_issues,,supervision,14,BF,TRUE,FALSE,on,155,49.03,54.8,2,CtrlGainStateTuned=started,49972,-11.76,TRUE,-20,,,NA,lin-sv-medium-freq-fault,40,FALSE,TRUE,,-11.8,TRUE,307,-850,TRUE,DPD_STATUS_OK,,-14.64,TRUE,TRUE,80,100,30007,,CtrlLinStateStarted=started,3,45.533,NORMAL,-10.78,TRUE,FALSE,,855,Normal
2367,Radio 2271 B1,EA8C419110,9/19/2025 8:11,Normal,nff_issues,,supervision,16,BF,TRUE,FALSE,on,155,49.03,54.4,2,CtrlGainStateTuned=started,50042,-14.59,TRUE,-40,,,NA,lin-sv-high-freq-fault,40,FALSE,TRUE,,-14.58,TRUE,142,-850,TRUE,DPD_STATUS_OK,,-18.43,TRUE,TRUE,80,100,29996,,CtrlLinStateStarted=started,3,42.5509,NORMAL,-14.58,TRUE,FALSE,,885,Normal
2368,Radio 2271 B1,EA8C419110,9/19/2025 8:15,Normal,nff_issues,,supervision,24,BF,TRUE,FALSE,on,155,49.03,54.1,2,CtrlGainStateTuned=started,49921,-10.87,TRUE,-60,,,NA,lin-sv-high-freq-fault,40,FALSE,TRUE,,-10.88,TRUE,16,-850,TRUE,DPD_STATUS_OK,,-14.6,TRUE,TRUE,80,100,29968,,CtrlLinStateStarted=started,3,46.0517,NORMAL,-10.86,TRUE,FALSE,,927,Normal
2369,Radio 2271 B1,EA8C419110,9/19/2025 9:22,Normal,nff_issues,,supervision,46,BF,TRUE,FALSE,on,155,49.03,53.9,2,CtrlGainStateTuned=started,50027,-14.69,TRUE,-80,,,NA,lin-sv-high-freq-fault,40,FALSE,TRUE,,-14.7,TRUE,156,-850,TRUE,DPD_STATUS_OK,,-18.02,TRUE,TRUE,80,100,29968,,CtrlLinStateStarted=started,3,42.0347,NORMAL,-14.34,TRUE,FALSE,,981,Normal
2370,Radio 2271 B1,EA8C419110,9/19/2025 10:56,Normal,nff_issues,,supervision,70,BF,TRUE,FALSE,on,156,49.03,53.2,2,CtrlGainStateTuned=started,49937,-14.12,TRUE,-100,,,NA,lin-sv-high-freq-fault,40,FALSE,TRUE,,-14.1,TRUE,118,-850,TRUE,DPD_STATUS_OK,,-18.19,TRUE,TRUE,80,100,29988,,CtrlLinStateStarted=started,3,42.4253,NORMAL,-14.38,TRUE,FALSE,,1014,Normal
2371,Radio 2271 B1,EA8C419110,9/19/2025 13:23,Normal,nff_issues,,supervision,140,BF,TRUE,FALSE,on,155,49.03,52.9,3,CtrlGainStateTuned=started,49871,-14.06,TRUE,-120,,,NA,lin-sv-high-freq-fault,40,FALSE,TRUE,,-14.05,TRUE,263,-850,TRUE,DPD_STATUS_OK,,-17.78,TRUE,TRUE,80,100,30007,,CtrlLinStateStarted=started,3,42.2831,NORMAL,-14.2,TRUE,FALSE,,1059,Normal
2372,Radio 2271 B1,EA8C419110,9/22/2025 4:16,Normal,nff_issues,,supervision,21,BF,TRUE,FALSE,on,159,49.03,55.1,4,CtrlGainStateTuned=started,50027,-12.75,TRUE,0,,,NA,lin-sv-high-freq-fault,40,FALSE,TRUE,,-12.75,TRUE,58,-850,TRUE,DPD_STATUS_OK,,-16.46,TRUE,TRUE,80,101,29976,,CtrlLinStateStarted=started,3,44.7831,NORMAL,-12.54,TRUE,FALSE,,857,Normal
2373,Radio 2271 B1,EA8C419110,9/22/2025 4:31,Normal,nff_issues,,supervision,8,BF,TRUE,FALSE,on,156,49.03,54.8,2,CtrlGainStateTuned=started,49906,-13.41,TRUE,0,,,NA,lin-sv-high-freq-fault,40,FALSE,TRUE,,-13.41,TRUE,104,-850,TRUE,DPD_STATUS_OK,,-17.76,TRUE,TRUE,80,101,29976,,CtrlLinStateStarted=started,3,44.1212,NORMAL,-13.88,TRUE,FALSE,,831,Normal
2374,Radio 2271 B1,EA8C419110,9/22/2025 4:33,Normal,nff_issues,,supervision,13,BF,TRUE,FALSE,on,155,49.03,54.3,2,CtrlGainStateTuned=started,50078,-14.35,TRUE,-20,,,NA,lin-sv-high-freq-fault,40,FALSE,TRUE,,-14.34,TRUE,5,-850,TRUE,DPD_STATUS_OK,,-17.92,TRUE,TRUE,80,101,29976,,CtrlLinStateStarted=started,3,42.9865,NORMAL,-14,TRUE,FALSE,,855,Normal
2375,Radio 2271 B1,EA8C419110,9/22/2025 4:35,Normal,nff_issues,,supervision,39,BF,TRUE,FALSE,on,159,49.03,54.4,5,CtrlGainStateTuned=started,49957,-15.13,TRUE,-20,,,NA,lin-sv-high-freq-fault,40,FALSE,TRUE,,-15.11,TRUE,74,-850,TRUE,DPD_STATUS_OK,,-18.69,TRUE,TRUE,80,101,29996,,CtrlLinStateStarted=started,3,42.2161,NORMAL,-14.94,TRUE,FALSE,,914,Normal
2376,Radio 2271 B1,EA8C419110,9/22/2025 4:35,Normal,nff_issues,,supervision,16,BF,TRUE,FALSE,on,155,49.03,54.3,3,CtrlGainStateTuned=started,50042,-13.8,TRUE,-40,,,NA,lin-sv-high-freq-fault,40,FALSE,TRUE,,-13.81,TRUE,11,-850,TRUE,DPD_STATUS_OK,,-18.03,TRUE,TRUE,80,99,29945,,CtrlLinStateStarted=started,3,43.3218,NORMAL,-14.1,TRUE,FALSE,,885,Normal
2377,Radio 2271 B1,EA8C419110,9/22/2025 4:36,Normal,nff_issues,,supervision,44,BF,TRUE,FALSE,on,159,49.03,54.4,6,CtrlGainStateTuned=started,49992,-12.39,TRUE,-40,,,NA,lin-sv-high-freq-fault,40,FALSE,TRUE,,-12.39,TRUE,5,-850,TRUE,DPD_STATUS_OK,,-15.73,TRUE,TRUE,80,102,29925,,CtrlLinStateStarted=started,3,44.74,NORMAL,-12.04,TRUE,FALSE,,953,Normal
2378,Radio 2271 B1,EA8C419110,9/22/2025 4:38,Normal,nff_issues,,supervision,78,BF,TRUE,FALSE,on,159,49.03,54.2,6,CtrlGainStateTuned=started,50007,-11.06,TRUE,-60,,,NA,lin-sv-high-freq-fault,40,FALSE,TRUE,,-11.05,TRUE,11,-850,TRUE,DPD_STATUS_OK,,-14.95,TRUE,TRUE,80,101,29937,,CtrlLinStateStarted=started,3,45.8793,NORMAL,-11.03,TRUE,FALSE,,974,Normal
2379,Radio 2271 B1,EA8C419110,9/22/2025 4:45,Normal,nff_issues,,supervision,92,BF,TRUE,FALSE,on,158,49.03,54.2,6,CtrlGainStateTuned=started,50027,-11.1,TRUE,-80,,,NA,lin-sv-high-freq-fault,40,FALSE,TRUE,,-11.11,TRUE,27,-850,TRUE,DPD_STATUS_OK,,-14.68,TRUE,TRUE,80,101,29968,,CtrlLinStateStarted=started,3,45.6205,NORMAL,-11.08,TRUE,FALSE,,1019,Normal
2380,Radio 2271 B1,EA8C419110,9/22/2025 4:45,Normal,nff_issues,,supervision,40,BF,TRUE,FALSE,on,156,49.03,54,1,CtrlGainStateTuned=started,50027,-13.39,TRUE,-60,,,NA,lin-sv-high-freq-fault,40,FALSE,TRUE,,-13.41,TRUE,44,-850,TRUE,DPD_STATUS_OK,,-17.93,TRUE,TRUE,80,100,29898,,CtrlLinStateStarted=started,3,43.5162,NORMAL,-14.17,TRUE,FALSE,,939,Normal
2381,Radio 2271 B1,EA8C419110,9/22/2025 4:46,Normal,nff_issues,,supervision,145,BF,TRUE,FALSE,on,159,49.03,53.9,7,CtrlGainStateTuned=started,49957,-11.56,TRUE,-100,,,NA,lin-sv-high-freq-fault,40,FALSE,TRUE,,-11.58,TRUE,5,-850,TRUE,DPD_STATUS_OK,,-15.47,TRUE,TRUE,80,101,29976,,CtrlLinStateStarted=started,3,44.9534,NORMAL,-11.54,TRUE,FALSE,,1034,Normal
2382,Radio 2271 B1,EA8C419110,9/22/2025 11:26,Normal,nff_issues,,supervision,53,BF,TRUE,FALSE,on,158,49.03,48.7,7,CtrlGainStateTuned=started,49992,-10.4,TRUE,0,,,NA,lin-sv-medium-freq-fault,40,FALSE,TRUE,,-10.4,TRUE,181,-850,TRUE,DPD_STATUS_OK,,-13.92,TRUE,TRUE,80,100,29976,,CtrlLinStateStarted=started,3,47.1314,NORMAL,-10.29,TRUE,FALSE,,983,Normal
2383,Radio 2271 B1,EA8C419110,9/22/2025 13:17,Normal,nff_issues,,supervision,58,BF,TRUE,FALSE,on,159,49.03,50,6,CtrlGainStateTuned=started,49886,-11.55,TRUE,-20,,,NA,lin-sv-medium-freq-fault,40,FALSE,TRUE,,-11.54,TRUE,338,-850,TRUE,DPD_STATUS_OK,,-15.48,TRUE,TRUE,80,100,29976,,CtrlLinStateStarted=started,3,45.7871,NORMAL,-11.75,TRUE,FALSE,,965,Normal
2384,Radio 2271 B1,EA8C419110,9/22/2025 15:06,Normal,nff_issues,,supervision,78,BF,TRUE,FALSE,on,158,49.03,53.3,6,CtrlGainStateTuned=started,50007,-1000,TRUE,-40,,,NA,lin-sv-medium-freq-fault,40,FALSE,TRUE,,-59.57,TRUE,342,-850,TRUE,DPD_STATUS_OK,,-1000,TRUE,TRUE,80,100,30007,,CtrlLinStateStarted=started,3,0,NORMAL,-1000,TRUE,FALSE,,968,Normal
2385,Radio 2271 B1,EA8C419110,9/22/2025 15:49,Normal,nff_issues,,supervision,99,BF,TRUE,FALSE,on,159,49.03,51.4,8,CtrlGainStateTuned=started,49957,-1000,TRUE,-60,,,NA,lin-sv-medium-freq-fault,40,FALSE,TRUE,,-58.81,TRUE,181,-850,TRUE,DPD_STATUS_OK,,-1000,TRUE,TRUE,80,101,29976,,CtrlLinStateStarted=started,3,0,NORMAL,-1000,TRUE,FALSE,,1037,Normal
2386,Radio 2271 B1,EA8C419110,9/22/2025 16:38,Normal,nff_issues,,supervision,115,BF,TRUE,FALSE,on,158,49.03,50.8,9,CtrlGainStateTuned=started,50097,-1000,TRUE,-80,,,NA,lin-sv-medium-freq-fault,40,FALSE,TRUE,,-57.22,TRUE,181,-850,TRUE,DPD_STATUS_OK,,-1000,TRUE,TRUE,80,100,29925,,CtrlLinStateStarted=started,3,0,NORMAL,-1000,TRUE,FALSE,,1055,Normal
2387,Radio 2271 B1,EA8C419110,9/22/2025 17:26,Normal,nff_issues,,supervision,183,BF,TRUE,FALSE,on,158,49.03,50,10,CtrlGainStateTuned=started,49972,-1000,TRUE,-100,,,NA,lin-sv-medium-freq-fault,40,FALSE,TRUE,,-57.03,TRUE,181,-850,TRUE,DPD_STATUS_OK,,-1000,TRUE,TRUE,80,100,29968,,CtrlLinStateStarted=started,3,0,NORMAL,-1000,TRUE,FALSE,,1115,Normal
2388,Radio 2271 B1,EA8C419110,9/23/2025 12:33,Normal,nff_issues,,supervision,95,BF,TRUE,FALSE,on,158,49.03,51.4,7,CtrlGainStateTuned=started,50078,-13.94,TRUE,-60,,,NA,lin-sv-high-freq-fault,40,FALSE,TRUE,,-13.92,TRUE,98,-850,TRUE,DPD_STATUS_OK,,-17.43,TRUE,TRUE,80,100,29917,,CtrlLinStateStarted=started,3,43.0123,NORMAL,-13.85,TRUE,FALSE,,1031,Normal
2389,Radio 2271 B1,EA8C419110,9/23/2025 13:25,Normal,nff_issues,,supervision,113,BF,TRUE,FALSE,on,158,49.03,52.8,7,CtrlGainStateTuned=started,50027,-10.79,TRUE,-80,,,NA,lin-sv-medium-freq-fault,40,FALSE,TRUE,,-10.81,TRUE,181,-850,TRUE,DPD_STATUS_OK,,-14.55,TRUE,TRUE,80,101,29976,,CtrlLinStateStarted=started,3,45.925,NORMAL,-10.88,TRUE,FALSE,,1043,Normal
2390,Radio 2271 B1,EA8C419110,9/23/2025 15:15,Normal,nff_issues,,supervision,164,BF,TRUE,FALSE,on,158,49.03,52,8,CtrlGainStateTuned=started,49921,-11.55,TRUE,-100,,,NA,lin-sv-medium-freq-fault,40,FALSE,TRUE,,-11.54,TRUE,349,-850,TRUE,DPD_STATUS_OK,,-15.8,TRUE,TRUE,80,100,29976,,CtrlLinStateStarted=started,3,44.9936,NORMAL,-12.24,TRUE,FALSE,,1094,Normal
2391,Radio 2271 B1,EA8C419110,9/24/2025 12:08,Normal,nff_issues,,supervision,98,BF,TRUE,FALSE,on,158,49.03,51.3,8,CtrlGainStateTuned=started,49992,-11.39,TRUE,-60,,,NA,lin-sv-medium-freq-fault,40,FALSE,TRUE,,-11.38,TRUE,302,-850,TRUE,DPD_STATUS_OK,,-14.68,TRUE,TRUE,80,100,29996,,CtrlLinStateStarted=started,3,45.5451,NORMAL,-10.99,TRUE,FALSE,,1034,Normal
2467,Radio 2271 B28,EA8B956651,7/19/2024 8:32,Normal,nff_issues,,ramping timeout.,2406,BF,TRUE,FALSE,off,0,49,71.8,1703.5,CtrlGainStateRamping=starting,24177,-1000,TRUE,0,,,NA,lin-ramping,40,FALSE,TRUE,,-59.8823,TRUE,0,-850,TRUE,DPD_STATUS_OK,,-1000,FALSE,TRUE,80,0,24116.5,,ns=stopped,15,0,BOOST,-1000,TRUE,TRUE,FALSE,1903,Normal
2468,Radio 2271 B28,EA8B956651,7/19/2024 8:32,Normal,nff_issues,,ramping timeout.,2406,BF,TRUE,FALSE,off,0,49,71.8,1703.5,CtrlGainStateRamping=starting,24177,-1000,TRUE,0,,,NA,lin-ramping,40,FALSE,TRUE,,-60.2315,TRUE,0,-850,TRUE,DPD_STATUS_OK,,-1000,FALSE,TRUE,80,0,24116.5,,ns=stopped,15,0,NORMAL,-1000,TRUE,TRUE,FALSE,1903,Normal
2469,Radio 2271 B28,EA8B956651,7/19/2024 8:33,Normal,nff_issues,,ramping timeout.,2.5,BF,TRUE,FALSE,off,0,49,71.6,34,CtrlGainStateRamping=starting,347,-1000,TRUE,-120,,,NA,lin-ramping,40,FALSE,TRUE,,-59.7276,TRUE,0,-850,TRUE,DPD_STATUS_OK,,-1000,FALSE,TRUE,80,0,50,,ns=stopped,15,0,NORMAL,-1000,TRUE,TRUE,FALSE,1903,Normal
2470,Radio 2271 B28,EA8B956651,7/19/2024 9:24,Normal,nff_issues,,ramping timeout.,82,BF,TRUE,FALSE,off,79,49,57.9,232,CtrlGainStateRamping=starting,48058,-21.8996,FALSE,0,,,NA,lin-ramping,40,FALSE,TRUE,,-59.6607,TRUE,0,-850,TRUE,DPD_STATUS_OK,,-1000,FALSE,TRUE,80,49,48183,,ns=stopped,15,0,NORMAL,-1000,TRUE,TRUE,FALSE,1903,Normal
2471,Radio 2271 B28,EA8B956651,7/19/2024 9:28,Normal,nff_issues,,ramping timeout.,81,BF,TRUE,FALSE,off,78,49,59.7,233,CtrlGainStateRamping=starting,47937,-30.8502,FALSE,-120,,,NA,lin-ramping,40,FALSE,TRUE,,-58.025,TRUE,0,-850,TRUE,DPD_STATUS_OK,,-35.8947,FALSE,TRUE,80,49,48183,,ns=stopped,15,-1.725,NORMAL,-30.1853,TRUE,TRUE,FALSE,1903,Normal
2472,Radio 2271 B28,EA8B956651,7/19/2024 9:29,Normal,nff_issues,,ramping timeout.,80,BF,TRUE,FALSE,off,79,49,59,233,CtrlGainStateRamping=starting,47972,-16.6964,FALSE,0,,,NA,lin-ramping,40,FALSE,TRUE,,-59.7219,TRUE,0,-850,TRUE,DPD_STATUS_OK,,-25.8956,FALSE,TRUE,80,50,48164,,ns=stopped,15,-2.22189,NORMAL,-22.2517,TRUE,TRUE,FALSE,1903,Normal
2473,Radio 2271 B28,EA8B956651,7/19/2024 9:30,Normal,nff_issues,,ramping timeout.,81,BF,TRUE,FALSE,off,79,49,59.3,236,CtrlGainStateRamping=starting,47957,-18.0515,FALSE,-120,,,NA,lin-ramping,40,FALSE,TRUE,,-58.502,TRUE,0,-850,TRUE,DPD_STATUS_OK,,-1000,FALSE,TRUE,80,50,48199,,ns=stopped,15,0,NORMAL,-1000,TRUE,TRUE,FALSE,1903,Normal
2474,Radio 2271 B28,EA8B956651,7/19/2024 9:30,Normal,nff_issues,,ramping timeout.,81,BF,TRUE,FALSE,off,79,49,59.4,236,CtrlGainStateRamping=starting,48058,-16.6665,FALSE,-240,,,NA,lin-ramping,40,FALSE,TRUE,,-58.016,TRUE,0,-850,TRUE,DPD_STATUS_OK,,-19.7619,FALSE,TRUE,80,50,48218,,ns=stopped,15,-2.91602,NORMAL,-15.8058,TRUE,TRUE,FALSE,1903,Normal
2475,Radio 2271 B28,EA8B956651,7/19/2024 9:49,Normal,nff_issues,,ramping timeout.,77,BF,TRUE,FALSE,off,79,49,59.8,231,CtrlGainStateRamping=starting,48078,-1000,FALSE,0,,,NA,lin-ramping,40,FALSE,TRUE,,-59.5819,TRUE,0,-850,TRUE,DPD_STATUS_OK,,-1000,FALSE,TRUE,80,49,48183,,ns=stopped,15,0,NORMAL,-1000,TRUE,TRUE,FALSE,1903,Normal
2476,Radio 2271 B28,EA8B956651,7/19/2024 9:54,Normal,nff_issues,,ramping timeout.,52,BF,TRUE,FALSE,off,78,43.2,60.9,200,CtrlGainStateRamping=starting,42113,-19.0283,FALSE,-120,,,NA,lin-ramping,40,FALSE,TRUE,,-58.5662,TRUE,0,-850,TRUE,DPD_STATUS_OK,,-22.0707,FALSE,TRUE,20,50,42144,,ns=stopped,15,-8.06622,NORMAL,-18.1592,TRUE,TRUE,FALSE,1903,Normal
2477,Radio 2271 B28,EA8B956651,7/19/2024 9:55,Normal,nff_issues,,ramping timeout.,77,BF,TRUE,FALSE,off,78,49,60,228,CtrlGainStateRamping=starting,48027,-89.3399,FALSE,0,,,NA,lin-ramping,40,FALSE,TRUE,,-59.9377,TRUE,0,-850,TRUE,DPD_STATUS_OK,,-1000,FALSE,TRUE,80,49,48113,,ns=stopped,15,0,NORMAL,-1000,TRUE,TRUE,FALSE,1903,Normal
2478,Radio 2271 B28,EA8B956651,7/19/2024 9:55,Normal,nff_issues,,ramping timeout.,77,BF,TRUE,FALSE,off,78,49,60.2,232,CtrlGainStateRamping=starting,48042,-31.2472,FALSE,-120,,,NA,lin-ramping,40,FALSE,TRUE,,-59.1855,TRUE,0,-850,TRUE,DPD_STATUS_OK,,-37.6958,FALSE,TRUE,80,49,48218,,ns=stopped,15,-2.88546,NORMAL,-31.9193,TRUE,TRUE,FALSE,1903,Normal
2479,Radio 2271 B28,EA8B956651,7/19/2024 10:00,Normal,nff_issues,,ramping timeout.,51,BF,TRUE,FALSE,off,78,43.2,61,200,CtrlGainStateRamping=starting,41988,-20.4982,FALSE,-240,,,NA,lin-ramping,40,FALSE,TRUE,,-57.7244,TRUE,0,-850,TRUE,DPD_STATUS_OK,,-21.6353,FALSE,TRUE,20,50,42144,,ns=stopped,15,-8.42442,NORMAL,-17.6273,TRUE,TRUE,FALSE,1903,Normal
2480,Radio 2271 B28,EA8B956651,7/19/2024 10:04,Normal,nff_issues,,ramping timeout.,77,BF,TRUE,FALSE,off,78,49,59.7,230,CtrlGainStateRamping=starting,47957,-16.3753,FALSE,0,,,NA,lin-ramping,40,FALSE,TRUE,,-59.0729,TRUE,0,-850,TRUE,DPD_STATUS_OK,,-19.4018,FALSE,TRUE,80,49,48164,,ns=stopped,15,-1.57293,NORMAL,-15.4528,TRUE,TRUE,FALSE,1903,Normal
2481,Radio 2271 B28,EA8B956651,7/19/2024 10:09,Normal,nff_issues,,ramping timeout.,51,BF,TRUE,FALSE,off,79,43,61,199,CtrlGainStateRamping=starting,41972,-19.247,FALSE,-120,,,NA,lin-ramping,40,FALSE,TRUE,,-58.2937,TRUE,0,-850,TRUE,DPD_STATUS_OK,,-21.7259,FALSE,TRUE,20,50,42042,,ns=stopped,15,-7.99366,NORMAL,-17.767,TRUE,TRUE,FALSE,1903,Normal
2482,Radio 2271 B28,EA8B956651,7/19/2024 10:10,Normal,nff_issues,,ramping timeout.,76,BF,TRUE,FALSE,off,79,49,60,230,CtrlGainStateRamping=starting,48042,-22.2959,FALSE,0,,,NA,lin-ramping,40,FALSE,TRUE,,-59.6851,TRUE,0,-850,TRUE,DPD_STATUS_OK,,-1000,FALSE,TRUE,80,50,48164,,ns=stopped,15,0,NORMAL,-1000,TRUE,TRUE,FALSE,1903,Normal
2483,Radio 2271 B28,EA8B956651,7/19/2024 10:10,Normal,nff_issues,,ramping timeout.,76,BF,TRUE,FALSE,off,78,49,60.2,231,CtrlGainStateRamping=starting,47992,-20.8596,FALSE,-120,,,NA,lin-ramping,40,FALSE,TRUE,,-58.4218,TRUE,0,-850,TRUE,DPD_STATUS_OK,,-22.2174,FALSE,TRUE,80,49,48113,,ns=stopped,15,-2.12182,NORMAL,-18.0665,TRUE,TRUE,FALSE,1903,Normal
2484,Radio 2271 B28,EA8B956651,7/19/2024 10:15,Normal,nff_issues,,ramping timeout.,51,BF,TRUE,FALSE,off,79,43.1,60.7,199,CtrlGainStateRamping=starting,42007,-27.8144,FALSE,-240,,,NA,lin-ramping,40,FALSE,TRUE,,-58.2509,TRUE,0,-850,TRUE,DPD_STATUS_OK,,-1000,FALSE,TRUE,20,50,42179,,ns=stopped,15,0,NORMAL,-1000,TRUE,TRUE,FALSE,1903,Normal
2485,Radio 2271 B28,EA8B956651,7/20/2024 1:15,Normal,nff_issues,,ramping timeout.,64,BF,TRUE,FALSE,off,79,49,58.1,215,CtrlGainStateRamping=starting,48027,-19.4723,FALSE,0,,,NA,lin-ramping,40,FALSE,TRUE,,-59.4838,TRUE,0,-850,TRUE,DPD_STATUS_OK,,-80.8889,FALSE,TRUE,80,49,48128,,ns=stopped,15,-1.98384,NORMAL,-79.9949,TRUE,TRUE,FALSE,1903,Normal
2486,Radio 2271 B28,EA8B956651,7/20/2024 1:15,Normal,nff_issues,,ramping timeout.,64,BF,TRUE,FALSE,off,79,49,58.5,216,CtrlGainStateRamping=starting,48027,-25.0971,FALSE,-120,,,NA,lin-ramping,40,FALSE,TRUE,,-58.8237,TRUE,0,-850,TRUE,DPD_STATUS_OK,,-1000,FALSE,TRUE,80,50,48128,,ns=stopped,15,0,NORMAL,-1000,TRUE,TRUE,FALSE,1903,Normal
2487,Radio 2271 B28,EA8B956651,7/20/2024 1:16,Normal,nff_issues,,ramping timeout.,64,BF,TRUE,FALSE,off,78,49,58.1,214,CtrlGainStateRamping=starting,48042,-24.7563,FALSE,0,,,NA,lin-ramping,40,FALSE,TRUE,,-59.8892,TRUE,0,-850,TRUE,DPD_STATUS_OK,,-1000,FALSE,TRUE,80,49,48128,,ns=stopped,15,0,NORMAL,-1000,TRUE,TRUE,FALSE,1903,Normal
2488,Radio 2271 B28,EA8B956651,7/20/2024 1:21,Normal,nff_issues,,ramping timeout.,43,BF,TRUE,FALSE,off,79,43,59.5,191,CtrlGainStateRamping=starting,41937,-20.4227,FALSE,-120,,,NA,lin-ramping,40,FALSE,TRUE,,-58.9047,TRUE,0,-850,TRUE,DPD_STATUS_OK,,-28.8698,FALSE,TRUE,20,50,42042,,ns=stopped,15,-8.6047,NORMAL,-24.9298,TRUE,TRUE,FALSE,1903,Normal
2489,Radio 2271 B28,EA8B956651,7/20/2024 1:22,Normal,nff_issues,,ramping timeout.,63,BF,TRUE,FALSE,off,79,43,59.5,216,CtrlGainStateRamping=starting,47972,-26.7106,FALSE,-240,,,NA,lin-ramping,40,FALSE,TRUE,,-57.9241,TRUE,0,-850,TRUE,DPD_STATUS_OK,,-27.8729,FALSE,TRUE,20,49,48128,,ns=stopped,15,-8.82415,NORMAL,-23.8671,TRUE,TRUE,FALSE,1903,Normal
2490,Radio 2271 B28,EA8B956651,7/20/2024 1:31,Normal,nff_issues,,ramping timeout.,61,BF,TRUE,FALSE,off,79,49,57.3,212,CtrlGainStateRamping=starting,48058,-90.309,FALSE,0,,,NA,lin-ramping,40,FALSE,TRUE,,-60.1189,TRUE,0,-850,TRUE,DPD_STATUS_OK,,-1000,FALSE,TRUE,80,49,48199,,ns=stopped,15,0,NORMAL,-1000,TRUE,TRUE,FALSE,1903,Normal
2491,Radio 2271 B28,EA8B956651,7/20/2024 1:36,Normal,nff_issues,,ramping timeout.,42,BF,TRUE,FALSE,off,80,43,58.6,189,CtrlGainStateRamping=starting,42007,-19.1917,FALSE,-120,,,NA,lin-ramping,40,FALSE,TRUE,,-58.641,TRUE,0,-850,TRUE,DPD_STATUS_OK,,-21.5084,FALSE,TRUE,20,50,42093,,ns=stopped,15,-8.341,NORMAL,-17.4439,TRUE,TRUE,FALSE,1903,Normal
2492,Radio 2271 B28,EA8B956651,7/20/2024 1:37,Normal,nff_issues,,ramping timeout.,62,BF,TRUE,FALSE,off,79,49,57.9,213,CtrlGainStateRamping=starting,47992,-19.2834,FALSE,0,,,NA,lin-ramping,40,FALSE,TRUE,,-59.4472,TRUE,0,-850,TRUE,DPD_STATUS_OK,,-21.9954,FALSE,TRUE,80,49,48183,,ns=stopped,15,-1.94718,NORMAL,-18.0405,TRUE,TRUE,FALSE,1903,Normal
2493,Radio 2271 B28,EA8B956651,7/20/2024 1:38,Normal,nff_issues,,ramping timeout.,63,BF,TRUE,FALSE,off,79,49,58.2,215,CtrlGainStateRamping=starting,47937,-20.7332,FALSE,-120,,,NA,lin-ramping,40,FALSE,TRUE,,-59.021,TRUE,0,-850,TRUE,DPD_STATUS_OK,,-1000,FALSE,TRUE,80,50,48199,,ns=stopped,15,0,NORMAL,-1000,TRUE,TRUE,FALSE,1903,Normal
2494,Radio 2271 B28,EA8B956651,7/20/2024 1:42,Normal,nff_issues,,ramping timeout.,42,BF,TRUE,FALSE,off,79,43,57.2,188,CtrlGainStateRamping=starting,41988,-1000,FALSE,-240,,,NA,lin-ramping,40,FALSE,TRUE,,-57.6273,TRUE,0,-850,TRUE,DPD_STATUS_OK,,-1000,FALSE,TRUE,20,50,42093,,ns=stopped,15,0,NORMAL,-1000,TRUE,TRUE,FALSE,1903,Normal
2495,Radio 2271 B28,EA8B956651,7/20/2024 1:53,Normal,nff_issues,,ramping timeout.,62,BF,TRUE,FALSE,off,79,49,52.6,207,CtrlGainStateRamping=starting,48027,-26.1571,FALSE,0,,,NA,lin-ramping,40,FALSE,TRUE,,-60.0274,TRUE,0,-850,TRUE,DPD_STATUS_OK,,-27.8774,FALSE,TRUE,80,50,48183,,ns=stopped,15,-2.52735,NORMAL,-23.7397,TRUE,TRUE,FALSE,1903,Normal
2496,Radio 2271 B28,EA8B956651,7/20/2024 1:58,Normal,nff_issues,,ramping timeout.,42,BF,TRUE,FALSE,off,79,43,56.5,187,CtrlGainStateRamping=starting,41953,-21.2805,FALSE,-120,,,NA,lin-ramping,40,FALSE,TRUE,,-58.5662,TRUE,0,-850,TRUE,DPD_STATUS_OK,,-22.4975,FALSE,TRUE,20,50,42042,,ns=stopped,15,-8.26622,NORMAL,-18.4045,TRUE,TRUE,FALSE,1903,Normal
2497,Radio 2271 B28,EA8B956651,7/20/2024 2:00,Normal,nff_issues,,ramping timeout.,62,BF,TRUE,FALSE,off,79,49,55.9,210,CtrlGainStateRamping=starting,47937,-1000,FALSE,0,,,NA,lin-ramping,40,FALSE,TRUE,,-59.9647,TRUE,0,-850,TRUE,DPD_STATUS_OK,,-1000,FALSE,TRUE,80,49,48183,,ns=stopped,15,0,NORMAL,-1000,TRUE,TRUE,FALSE,1903,Normal
2498,Radio 2271 B28,EA8B956651,7/20/2024 2:00,Normal,nff_issues,,ramping timeout.,62,BF,TRUE,FALSE,off,79,49,56.1,212,CtrlGainStateRamping=starting,48042,-23.7446,FALSE,-120,,,NA,lin-ramping,40,FALSE,TRUE,,-59.225,TRUE,0,-850,TRUE,DPD_STATUS_OK,,-25.1324,FALSE,TRUE,80,50,48183,,ns=stopped,15,-2.92504,NORMAL,-21.019,TRUE,TRUE,FALSE,1903,Normal
2499,Radio 2271 B28,EA8B956651,7/20/2024 2:05,Normal,nff_issues,,ramping timeout.,42,BF,TRUE,FALSE,off,79,43.1,57.2,184,CtrlGainStateRamping=starting,42058,-20.6386,FALSE,-240,,,NA,lin-ramping,40,FALSE,TRUE,,-57.9048,TRUE,0,-850,TRUE,DPD_STATUS_OK,,-21.8031,FALSE,TRUE,20,50,42128,,ns=stopped,15,-8.70475,NORMAL,-17.7402,TRUE,TRUE,FALSE,1903,Normal
2500,Radio 2271 B28,EA8B956651,7/23/2024 3:48,Normal,nff_issues,,ramping timeout.,54,BF,TRUE,FALSE,off,79,49,57,201,CtrlGainStateRamping=starting,48027,-27.8442,FALSE,0,,,NA,lin-ramping,40,FALSE,TRUE,,-59.4144,TRUE,0,-850,TRUE,DPD_STATUS_OK,,-29.9287,FALSE,TRUE,80,50,48148,,ns=stopped,15,-1.91436,NORMAL,-25.6576,TRUE,TRUE,FALSE,1903,Normal
2501,Radio 2271 B28,EA8B956651,7/23/2024 3:49,Normal,nff_issues,,ramping timeout.,54,BF,TRUE,FALSE,off,79,49,57.6,200,CtrlGainStateRamping=starting,47992,-23.8245,FALSE,-120,,,NA,lin-ramping,40,FALSE,TRUE,,-58.8469,TRUE,0,-850,TRUE,DPD_STATUS_OK,,-1000,FALSE,TRUE,80,49,48148,,ns=stopped,15,0,NORMAL,-1000,TRUE,TRUE,FALSE,1903,Normal
2502,Radio 2271 B28,EA8B956651,7/23/2024 3:50,Normal,nff_issues,,ramping timeout.,53,BF,TRUE,FALSE,off,78,49,57.3,199,CtrlGainStateRamping=starting,47957,-20.7263,FALSE,0,,,NA,lin-ramping,40,FALSE,TRUE,,-59.8626,TRUE,0,-850,TRUE,DPD_STATUS_OK,,-1000,FALSE,TRUE,80,49,48183,,ns=stopped,15,0,NORMAL,-1000,TRUE,TRUE,FALSE,1903,Normal
2503,Radio 2271 B28,EA8B956651,7/23/2024 3:50,Normal,nff_issues,,ramping timeout.,54,BF,TRUE,FALSE,off,78,49,57.6,201,CtrlGainStateRamping=starting,48027,-18.7069,FALSE,-120,,,NA,lin-ramping,40,FALSE,TRUE,,-58.8578,TRUE,0,-850,TRUE,DPD_STATUS_OK,,-21.8334,FALSE,TRUE,80,49,48183,,ns=stopped,15,-2.55781,NORMAL,-17.8916,TRUE,TRUE,FALSE,1903,Normal
2504,Radio 2271 B28,EA8B956651,7/23/2024 3:55,Normal,nff_issues,,ramping timeout.,37,BF,TRUE,FALSE,off,80,43,59.4,183,CtrlGainStateRamping=starting,41988,-16.8165,FALSE,-240,,,NA,lin-ramping,40,FALSE,TRUE,,-57.4833,TRUE,0,-850,TRUE,DPD_STATUS_OK,,-20.7053,FALSE,TRUE,20,51,42078,,ns=stopped,15,-8.38334,NORMAL,-16.7098,TRUE,TRUE,FALSE,1903,Normal
3407,Radio 2271 B3,CN39798227,7/17/2025 14:24,Normal,nff_issues,,ramping timeout.,413,BF,TRUE,FALSE,off,122.5,48.99,42.8,0,CtrlGainStateRamping=starting,50078,-16.3019,TRUE,0,,,EXT_DPD_IDLE,lin-ramping,40,FALSE,TRUE,,-24.487,TRUE,0,-950,TRUE,DPD_STATUS_OK,,-21.4575,FALSE,TRUE,80,97.5,27933,,ns=stopped,3,34.003,NORMAL,-17.4632,TRUE,FALSE,,1976,Normal
3408,Radio 2271 B3,CN39798227,7/17/2025 14:24,Normal,nff_issues,,ramping timeout.,408.5,BF,TRUE,FALSE,off,125.5,48.99,42.8,0,CtrlGainStateRamping=starting,50097,-25.6124,TRUE,-120,,,EXT_DPD_IDLE,lin-ramping,40,FALSE,TRUE,,-32.5288,TRUE,0,-950,TRUE,DPD_STATUS_OK,,-1000,FALSE,TRUE,80,98.5,27921.5,,ns=stopped,3,0,NORMAL,-1000,TRUE,FALSE,,1980,Normal
3409,Radio 2271 B3,CN39798227,7/17/2025 14:50,Normal,nff_issues,,ramping timeout.,353.5,BF,TRUE,FALSE,off,124.5,48.99,42.1,0,CtrlGainStateRamping=paused,50077.5,-15.386,TRUE,0,,,EXT_DPD_IDLE,lin-ramping,40,FALSE,TRUE,,-26.4634,TRUE,0,-950,TRUE,DPD_STATUS_OK,,-19.3797,FALSE,TRUE,80,97,27927,,ns=stopped,3,32.0266,NORMAL,-15.3856,TRUE,FALSE,,1976,Normal
3410,Radio 2271 B3,CN39798227,7/17/2025 14:50,Normal,nff_issues,,ramping timeout.,363.5,BF,TRUE,FALSE,off,123.5,48.99,42.1,0,CtrlGainStateRamping=starting,50138.5,-26.9643,TRUE,-120,,,EXT_DPD_IDLE,lin-ramping,40,FALSE,TRUE,,-33.7531,TRUE,0,-950,TRUE,DPD_STATUS_OK,,-1000,FALSE,TRUE,80,97.5,27927.5,,ns=stopped,3,0,NORMAL,-1000,TRUE,FALSE,,1980,Normal
3411,Radio 2271 B3,CN39798227,7/17/2025 14:50,Normal,nff_issues,,ramping timeout.,322,BF,TRUE,FALSE,off,118,48.99,42.1,0,CtrlGainStateRamping=starting,49937,-15.3887,TRUE,-240,,,EXT_DPD_IDLE,lin-ramping,40,FALSE,TRUE,,-24.2867,TRUE,0,-950,TRUE,DPD_STATUS_OK,,-19.3822,FALSE,TRUE,80,98,27972,,ns=stopped,3,31.8033,NORMAL,-15.3881,TRUE,FALSE,,1976,Normal
3412,Radio 2271 B3,CN39798227,7/17/2025 14:50,Normal,nff_issues,,ramping timeout.,322,BF,TRUE,FALSE,off,118,48.99,42.1,0,CtrlGainStateRamping=starting,,-1000,TRUE,-240,,,EXT_DPD_IDLE,lin-ramping,40,FALSE,TRUE,,-61.5656,TRUE,0,-950,TRUE,DPD_STATUS_OK,,-1000,FALSE,TRUE,80,98,,,ns=stopped,3,0,NORMAL,-1000,TRUE,FALSE,,1980,Normal
3428,Radio 4471HP B1,CN39663623,9/22/2025 10:24,Normal,nff_issues,,ramping timeout.,235,BF,TRUE,TRUE,off,160.5,47.18,41.2,155,CtrlGainStateRamping=starting,49105,-1000,TRUE,0,,,EXT_DPD_IDLE,lin-ramping,40,TRUE,TRUE,,-59.5118,TRUE,0,-850,TRUE,DPD_STATUS_OK,,-1000,FALSE,TRUE,60,108.5,27847.5,,ns=stopped,3,0,NORMAL,-1000,TRUE,FALSE,,1997,Normal
3429,Radio 4471HP B1,CN39663623,9/22/2025 10:24,Normal,nff_issues,,ramping timeout.,235,BF,TRUE,TRUE,off,160.5,47.18,41.2,155,CtrlGainStateRamping=starting,49105,-1000,TRUE,0,,,EXT_DPD_IDLE,lin-ramping,40,TRUE,TRUE,,-60.5295,TRUE,0,-850,TRUE,DPD_STATUS_OK,,-1000,FALSE,TRUE,60,108.5,27847.5,,ns=stopped,3,0,NORMAL,-1000,TRUE,FALSE,,2001,Normal
3430,Radio 4471HP B1,CN39663623,9/23/2025 7:27,Normal,nff_issues,,ramping timeout.,382.5,BF,TRUE,TRUE,off,227,47.18,41.8,263.5,CtrlGainStateRamping=starting,49085,-1000,TRUE,0,,,EXT_DPD_IDLE,lin-ramping,40,TRUE,TRUE,,-59.8528,TRUE,0,-850,TRUE,DPD_STATUS_OK,,-1000,FALSE,TRUE,60,169,27862.5,,ns=stopped,3,0,NORMAL,-1000,TRUE,FALSE,,1998,Normal
3431,Radio 4471HP B1,CN39663623,9/23/2025 7:28,Normal,nff_issues,,ramping timeout.,434,BF,TRUE,TRUE,off,259,47.18,41.7,326,CtrlGainStateRamping=starting,49156,-1000,TRUE,-120,,,EXT_DPD_IDLE,lin-ramping,40,TRUE,TRUE,,-59.4268,TRUE,0,-850,TRUE,DPD_STATUS_OK,,-1000,FALSE,TRUE,60,240,27894,,ns=stopped,3,0,NORMAL,-1000,TRUE,FALSE,,1997,Normal
3432,Radio 4471HP B1,CN39663623,9/23/2025 11:42,Normal,nff_issues,,ramping timeout.,231,BF,TRUE,TRUE,off,128,47.18,42.1,121,CtrlGainStateRamping=starting,49085,-1000,TRUE,-40,,,EXT_DPD_IDLE,lin-ramping,40,TRUE,TRUE,,-59.4516,TRUE,0,-850,TRUE,DPD_STATUS_OK,,-1000,FALSE,TRUE,60,101,27894,,ns=stopped,3,0,NORMAL,-1000,TRUE,FALSE,,1998,Normal
3433,Radio 4471HP B1,CN39663623,9/23/2025 11:42,Normal,nff_issues,,ramping timeout.,231,BF,TRUE,TRUE,off,128,47.18,41.8,122,CtrlGainStateRamping=starting,49085,-1000,TRUE,-120,,,EXT_DPD_IDLE,lin-ramping,40,TRUE,TRUE,,-58.4656,TRUE,0,-850,TRUE,DPD_STATUS_OK,,-1000,FALSE,TRUE,60,101,27914,,ns=stopped,3,0,NORMAL,-1000,TRUE,FALSE,,1998,Normal
3434,Radio 4471HP B1,CN39663623,9/24/2025 3:48,Normal,nff_issues,,ramping timeout.,369.5,BF,TRUE,TRUE,off,194.5,47.18,39.3,250.5,CtrlGainStateRamping=starting,49165.5,-1000,TRUE,0,,,EXT_DPD_IDLE,lin-ramping,40,TRUE,TRUE,,-59.9109,TRUE,0,-850,TRUE,DPD_STATUS_OK,,-1000,FALSE,TRUE,60,168.5,27869,,ns=stopped,3,0,NORMAL,-1000,TRUE,FALSE,,1998,Normal
3435,Radio 4471HP B1,CN39663623,9/24/2025 6:32,Normal,nff_issues,,ramping timeout.,301,BF,TRUE,TRUE,off,203,47.18,40,180,CtrlGainStateRamping=starting,49122.5,-1000,TRUE,0,,,EXT_DPD_IDLE,lin-ramping,40,TRUE,TRUE,,-59.6031,TRUE,0,-850,TRUE,DPD_STATUS_OK,,-1000,FALSE,TRUE,60,141.5,27888.5,,ns=stopped,3,0,NORMAL,-1000,TRUE,FALSE,,1997,Normal
3436,Radio 4471HP B1,CN39663623,9/24/2025 9:40,Normal,nff_issues,,ramping timeout.,367.5,BF,TRUE,TRUE,off,226.5,47.18,43.5,284.5,CtrlGainStateRamping=starting,49112.5,-1000,TRUE,-80,,,EXT_DPD_IDLE,lin-ramping,40,TRUE,TRUE,,-59.5163,TRUE,0,-850,TRUE,DPD_STATUS_OK,,-1000,FALSE,TRUE,60,165,27863,,ns=stopped,3,0,NORMAL,-1000,TRUE,FALSE,,2001,Normal
3437,Radio 4471HP B1,CN39663623,9/25/2025 8:48,Normal,nff_issues,,ramping timeout.,387,BF,TRUE,TRUE,off,225,47.18,46.2,267,CtrlGainStateRamping=paused,49183,-1000,TRUE,-120,,,EXT_DPD_IDLE,lin-ramping,40,TRUE,TRUE,,-58.0877,TRUE,0,-850,TRUE,DPD_STATUS_OK,,-1000,FALSE,TRUE,60,166.5,27857,,ns=stopped,3,0,NORMAL,-1000,TRUE,FALSE,,1997,Normal
3438,Radio 4471HP B1,CN39663623,9/25/2025 8:48,Normal,nff_issues,,ramping timeout.,239,BF,TRUE,TRUE,off,195,47.18,46.1,139,CtrlGainStateRamping=paused,49191,-1000,TRUE,-120,,,EXT_DPD_IDLE,lin-ramping,40,TRUE,TRUE,,-59.0501,TRUE,0,-850,TRUE,DPD_STATUS_OK,,-1000,FALSE,TRUE,60,99,27894,,ns=stopped,3,0,NORMAL,-1000,TRUE,FALSE,,2001,Normal
3439,Radio 4471HP B1,CN39663623,9/25/2025 15:41,Normal,nff_issues,,ramping timeout.,240,BF,TRUE,TRUE,off,128,47.18,39.9,122,CtrlGainStateRamping=starting,49171,-1000,TRUE,-40,,,EXT_DPD_IDLE,lin-ramping,40,TRUE,TRUE,,-59.2157,TRUE,0,-850,TRUE,DPD_STATUS_OK,,-1000,FALSE,TRUE,60,100,27875,,ns=stopped,3,0,NORMAL,-1000,TRUE,FALSE,,1997,Normal
3440,Radio 4471HP B1,CN39663623,9/25/2025 15:42,Normal,nff_issues,,ramping timeout.,239,BF,TRUE,TRUE,off,128,47.18,40,123,CtrlGainStateRamping=starting,49035,-1000,TRUE,-120,,,EXT_DPD_IDLE,lin-ramping,40,TRUE,TRUE,,-58.3101,TRUE,0,-850,TRUE,DPD_STATUS_OK,,-1000,FALSE,TRUE,60,100,27875,,ns=stopped,3,0,NORMAL,-1000,TRUE,FALSE,,1997,Normal
3441,Radio 4471HP B1,CN39665139,7/30/2025 15:38,Normal,nff_issues,,ramping timeout.,345.5,BF,TRUE,TRUE,off,225.5,43.01,54.3,251,CtrlGainStateRamping=starting,46015,-1000,TRUE,0,,,EXT_DPD_IDLE,lin-ramping,40,TRUE,TRUE,,-59.2718,TRUE,0,-850,TRUE,DPD_STATUS_OK,,-1000,FALSE,TRUE,20,198,27898,,ns=stopped,1,0,NORMAL,-1000,TRUE,FALSE,,1999,Normal
3442,Radio 4471HP B1,CN39665139,7/30/2025 15:38,Normal,nff_issues,,ramping timeout.,411,BF,TRUE,TRUE,off,257,43.01,54.4,304,CtrlGainStateRamping=starting,45921,-1000,TRUE,-120,,,EXT_DPD_IDLE,lin-ramping,40,TRUE,TRUE,,-59.0689,TRUE,0,-850,TRUE,DPD_STATUS_OK,,-1000,FALSE,TRUE,20,234,27902,,ns=stopped,1,0,NORMAL,-1000,TRUE,FALSE,,1999,Normal
